record_id,date,company,ticker,sector,provider,currency,share_price,market_cap,revenue,portfolio_value,ingestion_timestamp
89,2026-08-01,AMD,AMD,Technology,Provider_A,USD,102.58,1468768077101.0,404125056832.0,79983893.0,2026-09-08 22:03:45
7679,2026-08-01,AMD,AMD,Technology,Provider_A,USD,102.58,1468768077101.0,404125056832.0,79983893.0,2026-09-08 22:03:45
90,2026-08-01,AMD,AMD,Technology,Provider_B,USD,102.35,1465487526458.0,403222427795.0,79805246.0,2026-09-08 23:49:47
91,2026-08-01,AMD,AMD,Technology,Provider_C,USD,102.23,1463795114657.0,402756768154.0,79713083.0,2026-09-08 13:41:37
92,2026-08-01,AMD,AMD,Technology,Provider_D,USD,102.38,1465861735845.0,403325389857.0,79825624.0,2026-09-08 09:57:50
7686,2026-08-01,AMD,AMD,Technology,Provider_D,USD,102.38,1465861735845.0,403325389857.0,79825624.0,2026-09-08 09:57:50
181,2026-08-01,AT&T,T,Communication,Provider_A,USD,281.52,924058171733.0,384728499615.0,133042902.0,2026-09-08 23:30:26
182,2026-08-01,AT&T,T,Communication,Provider_B,USD,280.66,921222204179.0,383547754100.0,132634589.0,2026-09-08 13:06:18
183,2026-08-01,AT&T,T,Communication,Provider_C,USD,280.76,921565775574.0,383690798890.0,132684055.0,2026-09-08 21:50:06
184,2026-08-01,AT&T,T,Communication,Provider_D,USD,280.54,920844768015.0,383390609827.0,132580247.0,2026-09-08 19:20:19
117,2026-08-01,AbbVie Inc.,ABBV,Healthcare,Provider_A,USD,616.55,3917662417384.0,380456059776.0,775113321.0,2026-09-08 08:39:53
118,2026-08-01,AbbVie Inc.,ABBV,Healthcare,Provider_B,USD,615.83,3913087637611.0,380011789060.0,774208197.0,2026-09-08 11:56:01
119,2026-08-01,AbbVie Inc.,ABBV,Healthcare,Provider_C,USD,614.69,3905880865557.0,379311917605.0,772782330.0,2026-09-08 11:41:50
120,2026-08-01,AbbVie Inc.,ABBV,Healthcare,Provider_D,USD,616.3,4707662882109.547,380301831037.0,774799107.0,2026-09-08 01:44:11
77,2026-08-01,Adobe Inc.,ADBE,Technology,Provider_A,USD,35.86,2378684678307.0,436981881759.0,178581302.0,2026-09-08 07:57:41
78,2026-08-01,Adobe Inc.,ADBE,Technology,Provider_B,USD,35.89,2380274487560.0,437273941420.0,178700658.0,2026-09-08 05:38:02
79,2026-08-01,Adobe Inc.,ADBE,Technology,Provider_C,USD,35.83,2376087726632.0,436504802624.0,178386334.0,2026-09-08 15:20:14
80,2026-08-01,Adobe Inc.,ADBE,Technology,Provider_D,USD,35.96,2384883748547.0,438120696586.0,179046701.0,2026-09-08 11:57:41
17,2026-08-01,Alphabet Inc.,GOOGL,Communication,Provider_A,USD,459.59,2364146203577.0,322170069785.0,289636086.0,2026-09-08 18:53:37
18,2026-08-01,Alphabet Inc.,GOOGL,Communication,Provider_B,USD,458.37,2357880852218.0,321316269508.0,288868506.0,2026-09-08 04:09:52
19,2026-08-01,Alphabet Inc.,GOOGL,Communication,Provider_C,USD,459.59,2364176639123.0,322174217338.0,289639815.0,2026-09-08 00:32:54
20,2026-08-01,Alphabet Inc.,GOOGL,Communication,Provider_D,USD,460.03,2366415720466.0,322479344403.0,289914129.0,2026-09-08 10:11:43
13,2026-08-01,Amazon.com Inc.,AMZN,Consumer,Provider_A,USD,71.83,1657934054365.0,127199328386.0,71681153.0,2026-09-08 06:12:12
14,2026-08-01,Amazon.com Inc.,AMZN,Consumer,Provider_B,USD,71.83,1657976273276.0,127202567487.0,71682978.0,2026-09-08 18:31:08
15,2026-08-01,Amazon.com Inc.,AMZN,Consumer,Provider_C,USD,71.83,1657908821904.0,127197392511.0,71680062.0,2026-09-08 16:23:17
16,2026-08-01,Amazon.com Inc.,AMZN,Consumer,Provider_D,USD,71.73,1655678038243.0,127026243253.0,71583614.0,2026-09-08 07:45:26
1,2026-08-01,Apple Inc.,AAPL,Technology,Provider_A,USD,742.75,1859338408225.0,49994204799.0,153206025.0,2026-09-08 22:14:45
2,2026-08-01,Apple Inc.,AAPL,Technology,Provider_B,USD,745.49,1866195903527.0,50178590290.0,153771070.0,2026-09-08 19:52:40
3,2026-08-01,Apple Inc.,AAPL,Technology,Provider_C,USD,745.06,1865123514685.0,50149755718.0,153682707.0,2026-09-08 12:01:38
4,2026-08-01,Apple Inc.,AAPL,Technology,Provider_D,USD,744.04,1862555759247.0,50080713476.0,153471129.0,2026-09-08 00:13:00
129,2026-08-01,Bank of America,BAC,Financials,Provider_A,USD,62.23,358218681265.0,173439059398.0,61154155.0,2026-09-08 03:15:26
130,2026-08-01,Bank of America,BAC,Financials,Provider_B,USD,62.23,358208726154.0,173434239422.0,61152456.0,2026-09-08 05:18:49
131,2026-08-01,Bank of America,BAC,Financials,Provider_C,USD,62.2,358083285918.0,173373504911.0,61131041.0,2026-09-08 12:43:57
132,2026-08-01,Bank of America,BAC,Financials,Provider_D,USD,62.29,358563689783.0,173606102480.0,61213054.0,2026-09-08 02:24:16
137,2026-08-01,Berkshire Hathaway,BRK.B,Financials,Provider_A,USD,504.87,1781929324250.0,41255211597.0,182650245.0,2026-09-08 09:36:30
138,2026-08-01,Berkshire Hathaway,BRK.B,Financials,Provider_B,USD,506.19,1786562019221.0,41362467709.0,183125103.0,2026-09-08 17:54:59
139,2026-08-01,Berkshire Hathaway,BRK.B,Financials,Provider_C,USD,505.8,1785195360449.0,41330826837.0,182985018.0,2026-09-08 07:05:03
140,2026-08-01,Berkshire Hathaway,BRK.B,Financials,Provider_D,USD,505.3,1783446761932.0,41290343300.0,182805784.0,2026-09-08 12:25:32
157,2026-08-01,Boeing Co.,BA,Industrials,Provider_A,USD,579.38,723970686512.0,269305746466.0,48254906.0,2026-09-08 15:02:10
158,2026-08-01,Boeing Co.,BA,Industrials,Provider_B,USD,577.71,721884948954.0,268529884790.0,48115885.0,2026-09-08 18:08:14
159,2026-08-01,Boeing Co.,BA,Industrials,Provider_C,USD,578.18,722468787709.0,268747063655.0,48154800.0,2026-09-08 01:00:53
160,2026-08-01,Boeing Co.,BA,Industrials,Provider_D,USD,577.8,722000354630.0,268572813892.0,48123577.0,2026-09-08 16:13:37
65,2026-08-01,Broadcom Inc.,AVGO,Technology,Provider_A,USD,665.19,1321785451942.0,299349353221.0,235830419.0,2026-09-08 18:39:27
66,2026-08-01,Broadcom Inc.,AVGO,Technology,Provider_B,USD,664.55,1320503766438.0,299059085443.0,235601743.0,2026-09-08 21:36:55
67,2026-08-01,Broadcom Inc.,AVGO,Technology,Provider_C,USD,663.81,1319032364575.0,298725851940.0,235339219.0,2026-09-08 08:56:27
68,2026-08-01,Broadcom Inc.,AVGO,Technology,Provider_D,USD,664.44,1320291084132.0,299010918541.0,235563797.0,2026-09-08 18:18:05
161,2026-08-01,Caterpillar Inc.,CAT,Industrials,Provider_A,USD,316.96,3383800186477.0,328079201280.0,248189554.0,2026-09-08 03:01:14
162,2026-08-01,Caterpillar Inc.,CAT,Industrials,Provider_B,USD,316.96,3383766587755.0,328075943688.0,248187089.0,2026-09-08 02:58:52
163,2026-08-01,Caterpillar Inc.,CAT,Industrials,Provider_C,USD,316.62,3380159519841.0,327726217376.0,247922524.0,2026-09-08 06:17:40
164,2026-08-01,Caterpillar Inc.,CAT,Industrials,Provider_D,USD,316.3,3376793213619.0,327399834317.0,247675617.0,2026-09-08 00:05:52
53,2026-08-01,Chevron Corp.,CVX,Energy,Provider_A,USD,194.68,3987517195801.0,396065381510.0,172752140.0,2026-09-08 05:15:39
54,2026-08-01,Chevron Corp.,CVX,Energy,Provider_B,USD,194.47,3983263409550.0,395642868605.0,172567853.0,2026-09-08 12:40:52
55,2026-08-01,Chevron Corp.,CVX,Energy,Provider_C,USD,194.19,3977525260142.0,395072919381.0,172319257.0,2026-09-08 19:21:46
56,2026-08-01,Chevron Corp.,CVX,Energy,Provider_D,USD,193.72,,394117129878.0,171902370.0,2026-09-08 11:38:19
93,2026-08-01,Cisco Systems,CSCO,Technology,Provider_A,USD,74.28,885344407718.0,119906991131.0,54723777.0,2026-09-08 00:28:20
94,2026-08-01,Cisco Systems,CSCO,Technology,Provider_B,USD,74.11,883418090203.0,119646099510.0,54604710.0,2026-09-08 01:19:02
95,2026-08-01,Cisco Systems,CSCO,Technology,Provider_C,USD,74.04,882474777625.0,119518341576.0,54546404.0,2026-09-08 14:35:30
96,2026-08-01,Cisco Systems,CSCO,Technology,Provider_D,USD,74.24,884950606052.0,119853656437.0,54699436.0,2026-09-08 12:41:49
41,2026-08-01,Coca-Cola,KO,Consumer,Provider_A,USD,407.41,2815254394235.0,215122326904.0,663516108.0,2026-09-08 11:11:12
42,2026-08-01,Coca-Cola,KO,Consumer,Provider_B,USD,407.65,2816885800675.0,215246987734.0,663900608.0,2026-09-08 06:27:00
43,2026-08-01,Coca-Cola,KO,Consumer,Provider_C,USD,407.85,2818292248839.0,215354458804.0,664232088.0,2026-09-08 10:15:13
44,2026-08-01,Coca-Cola,KO,Consumer,Provider_D,USD,407.4,2815175351644.0,215116287014.0,663497479.0,2026-09-08 12:51:47
189,2026-08-01,Comcast,CMCSA,Communication,Provider_A,USD,661.32,367434631779.0,173968818389.0,53408160.0,2026-09-08 07:15:45
190,2026-08-01,Comcast,CMCSA,Communication,Provider_B,USD,660.05,366726219300.0,173633407213.0,53305189.0,2026-09-08 05:59:30
191,2026-08-01,Comcast,CMCSA,Communication,Provider_C,USD,661.92,367769180920.0,174127216955.0,53456788.0,2026-09-08 02:07:53
192,2026-08-01,Comcast,CMCSA,Communication,Provider_D,USD,1985.8200000000002,367777421036.0,174131118393.0,53457986.0,2026-09-08 11:08:56
149,2026-08-01,ConocoPhillips,COP,Energy,Provider_A,USD,274.22,207222028309.0,447596040778.0,48043631.0,2026-09-08 06:50:03
150,2026-08-01,ConocoPhillips,COP,Energy,Provider_B,USD,273.75,206862090717.0,446818581729.0,47960181.0,2026-09-08 09:09:18
151,2026-08-01,ConocoPhillips,COP,Energy,Provider_C,USD,274.07,207106994125.0,447347568906.0,48016961.0,2026-09-08 08:47:40
152,2026-08-01,ConocoPhillips,COP,Energy,Provider_D,USD,273.98,207039533776.0,447201855706.0,48001320.0,2026-09-08 00:18:50
145,2026-08-01,Duke Energy,DUK,Utilities,Provider_A,USD,,299515042718.0,391209442663.0,73799904.0,2026-09-08 18:55:23
146,2026-08-01,Duke Energy,DUK,Utilities,Provider_B,USD,654.39,298726504570.0,390179499170.0,73605610.0,2026-09-08 20:32:41
147,2026-08-01,Duke Energy,DUK,Utilities,Provider_C,USD,653.68,298402719941.0,389756590180.0,73525830.0,2026-09-08 20:56:33
148,2026-08-01,Duke Energy,DUK,Utilities,Provider_D,USD,654.4,298731800958.0,390186417009.0,73606915.0,2026-09-08 02:39:22
49,2026-08-01,Exxon Mobil,XOM,Energy,Provider_A,USD,46.52,1401311355709.0,96212901000.0,272715877.0,2026-09-08 20:57:08
50,2026-08-01,Exxon Mobil,XOM,Energy,Provider_B,USD,46.44,1398940805919.0,96050140974.0,272254533.0,2026-09-08 16:58:24
51,2026-08-01,Exxon Mobil,XOM,Energy,Provider_C,USD,46.45,1399081372386.0,96059792154.0,272281889.0,2026-09-08 07:28:46
52,2026-08-01,Exxon Mobil,XOM,Energy,Provider_D,USD,46.55,1402301644767.0,96280893444.0,,2026-09-08 01:28:25
121,2026-08-01,Goldman Sachs,GS,Financials,Provider_A,USD,717.64,3770631113229.0,100272427242.0,313711582.0,2026-09-08 03:37:37
122,2026-08-01,Goldman Sachs,GS,Financials,Provider_B,USD,716.78,3766113625205.0,100152293642.0,313335733.0,2026-09-08 10:06:31
123,2026-08-01,Goldman Sachs,GS,Financials,Provider_C,USD,719.52,3780510121265.0,100535139792.0,314533503.0,2026-09-08 11:37:52
124,2026-08-01,Goldman Sachs,GS,Financials,Provider_D,USD,717.7,3770935483736.0,100280521369.0,313736905.0,2026-09-08 10:22:36
173,2026-08-01,Home Depot,HD,Consumer,Provider_A,USD,273.81,1331565906593.0,179380085852.0,289808951.0,2026-09-08 19:43:16
174,2026-08-01,Home Depot,HD,Consumer,Provider_B,USD,273.81,1331535012475.0,179375923993.0,289802227.0,2026-09-08 07:14:44
175,2026-08-01,Home Depot,HD,Consumer,Provider_C,USD,273.56,1330311738629.0,179211132325.0,289535987.0,2026-09-08 00:04:26
176,2026-08-01,Home Depot,HD,Consumer,Provider_D,USD,273.91,1332023007491.0,179441663577.0,289908437.0,2026-09-08 00:14:04
85,2026-08-01,Intel Corp.,INTC,Technology,Provider_A,USD,194.15,2203144793474.0,207952935303.0,111018262.0,2026-09-08 14:11:55
86,2026-08-01,Intel Corp.,INTC,Technology,Provider_B,USD,194.26,-2204377040704.0,208069246055.0,111080356.0,2026-09-08 15:05:57
87,2026-08-01,Intel Corp.,INTC,Technology,Provider_C,USD,194.21,2203906205323.0,208024804310.0,111056630.0,2026-09-08 23:37:17
88,2026-08-01,Intel Corp.,INTC,Technology,Provider_D,USD,193.98,2201203297213.0,207769679147.0,110920429.0,2026-09-08 21:47:58
29,2026-08-01,JPMorgan Chase,JPM,Financials,Provider_A,USD,731.31,2883190812836.0376,165510822169.0,453631115.0,2026-09-08 04:19:17
30,2026-08-01,JPMorgan Chase,JPM,Financials,Provider_B,USD,730.02,2167332573979.0,165219432917.0,452832477.0,2026-09-08 14:19:21
31,2026-08-01,JPMorgan Chase,JPM,Financials,Provider_C,USD,733.61,2177977360625.0,166030903032.0,455056550.0,2026-09-08 14:35:21
32,2026-08-01,JPMorgan Chase,JPM,Financials,Provider_D,USD,731.17,2170744113186.0,165479500329.0,453545269.0,2026-09-08 00:26:13
45,2026-08-01,Johnson & Johnson,JNJ,Healthcare,Provider_A,USD,604.79,,292073804052.0,61000288.0,2026-09-08 19:11:27
46,2026-08-01,Johnson & Johnson,JNJ,Healthcare,Provider_B,USD,605.83,1399903448499.0,292574882157.0,61104939.0,2026-09-08 08:43:09
47,2026-08-01,Johnson & Johnson,JNJ,Healthcare,Provider_C,USD,606.68,1401879022779.0,292987770212.0,61191172.0,2026-09-08 08:36:38
48,2026-08-01,Johnson & Johnson,JNJ,Healthcare,Provider_D,USD,607.09,1402805762991.0,293181455647.0,61231624.0,2026-09-08 14:58:01
153,2026-08-01,Lockheed Martin,LMT,Industrials,Provider_A,USD,477.77,3918940157264.0,141178233329.0,719879408.0,2026-09-08 17:26:26
154,2026-08-01,Lockheed Martin,LMT,Industrials,Provider_B,USD,476.76,3910605421510.0,140877977846.0,718348381.0,2026-09-08 03:08:42
155,2026-08-01,Lockheed Martin,LMT,Industrials,Provider_C,USD,477.23,3914525211566.0,141019186697.0,719068416.0,2026-09-08 02:47:37
156,2026-08-01,Lockheed Martin,LMT,Industrials,Provider_D,USD,476.03,3904682502150.0,140664607073.0,717260386.0,2026-09-08 03:55:32
177,2026-08-01,Lowe's,LOW,Consumer,Provider_A,USD,382.68,1022433241835.0,329418646445.0,124877341.0,2026-09-08 05:39:23
178,2026-08-01,Lowe's,LOW,Consumer,Provider_B,USD,382.71,1022508144510.0,329442779402.0,124886489.0,2026-09-08 04:47:10
179,2026-08-01,Lowe's,LOW,Consumer,Provider_C,GBP,382.18,1021099351878.0,328988879291.0,124714423.0,2026-09-08 06:51:43
180,2026-08-01,Lowe's,LOW,Consumer,Provider_D,USD,382.4,1021680932375.0,329176259212.0,124785456.0,2026-09-08 13:45:32
61,2026-08-01,Mastercard Inc.,MA,Financials,Provider_A,USD,596.82,2002173681653.0,421048788703.0,269315937.0,2026-09-08 09:33:10
62,2026-08-01,Mastercard Inc.,MA,Financials,Provider_B,USD,597.27,2003660662553.0,421361494595.0,269515953.0,2026-09-08 04:34:47
63,2026-08-01,Mastercard Inc.,MA,Financials,Provider_C,USD,596.32,2000475653896.0,420691700536.0,269087532.0,INVALID_TIMESTAMP
64,2026-08-01,Mastercard Inc.,MA,Financials,Provider_D,USD,598.62,2008192438819.0,422314508274.0,270125531.0,2026-09-08 07:13:16
101,2026-08-01,McDonald's,MCD,Consumer,Provider_A,USD,679.91,1226263066828.0,443245465481.0,295677356.0,2026-09-08 08:11:23
102,2026-08-01,McDonald's,MCD,Consumer,Provider_B,USD,680.03,1226483232620.0,443325046683.0,295730443.0,2026-09-08 14:08:26
103,2026-08-01,McDonald's,MCD,Consumer,Provider_C,USD,679.26,1225089477053.0,442821259321.0,295394380.0,2026-09-08 20:07:44
104,2026-08-01,McDonald's,MCD,Consumer,Provider_D,USD,681.31,1228801495808.0,444163006884.0,296289424.0,2026-09-08 07:40:38
113,2026-08-01,Merck & Co.,MRK,Healthcare,Provider_A,USD,168.72,,58403402699.0,208731817.0,2026-09-08 10:35:35
114,2026-08-01,Merck & Co.,MRK,Healthcare,Provider_B,USD,168.42,1991196508759.0,58302202130.0,208370129.0,2026-09-08 04:13:49
115,2026-08-01,Merck & Co.,MRK,Healthcare,Provider_C,USD,168.81,1995827172748.0,58437787898.0,208854708.0,2026-09-08 15:35:11
116,2026-08-01,Merck & Co.,MRK,Healthcare,Provider_D,USD,168.75,1995109482630.0,58416773943.0,208779605.0,2026-09-08 18:01:46
21,2026-08-01,Meta Platforms,META,Communication,Provider_A,USD,317.78,1727228198594.0,293061519550.0,318861929.0,2026-09-08 19:16:40
22,2026-08-01,Meta Platforms,META,Communication,Provider_B,USD,317.96,1728177557140.0,293222598705.0,319037189.0,2026-09-08 21:55:44
23,2026-08-01,Meta Platforms,META,Communication,Provider_C,USD,318.23,1729644417875.0,293471483268.0,319307985.0,2026-09-08 11:29:57
24,2026-08-01,Meta Platforms,META,Communication,Provider_D,USD,317.53,2032044569132.396,292830779415.0,318610875.0,2026-09-08 15:44:55
5,2026-08-01,Microsoft Corp.,MSFT,Technology,Provider_A,USD,224.41,3047982109640.0,65062832209.0,223724432.0,2026-09-08 11:05:14
6,2026-08-01,Microsoft Corp.,MSFT,Technology,Provider_B,USD,224.26,3045914899944.0,65018705139.0,223572697.0,2026-09-08 20:19:28
7,2026-08-01,Microsoft Corp.,MSFT,Technology,Provider_C,USD,224.15,3433466225501.552,64987576025.0,223465656.0,2026-09-08 01:21:18
8,2026-08-01,Microsoft Corp.,MSFT,Technology,Provider_D,EUR,224.4,3047901048125.0,65061101853.0,223718482.0,2026-09-08 10:02:01
125,2026-08-01,Morgan Stanley,MS,Financials,Provider_A,USD,69.33,1932365681229.0,230775443812.0,222029224.0,2026-09-08 14:29:32
7613,2026-08-01,Morgan Stanley,MS,Financials,Provider_A,USD,69.33,1932365681229.0,230775443812.0,222029224.0,2026-09-08 14:29:32
126,2026-08-01,Morgan Stanley,MS,Financials,Provider_B,USD,69.23,1929512001441.0,230434639157.0,221701335.0,2026-09-08 08:00:37
127,2026-08-01,Morgan Stanley,MS,Financials,Provider_C,EUR,69.16,1927437162179.0,230186848609.0,221462936.0,2026-09-08 17:32:25
128,2026-08-01,Morgan Stanley,MS,Financials,Provider_D,USD,34.51,1923683796238.0,229738597691.0,221031673.0,2026-09-08 16:28:22
9,2026-08-01,NVIDIA Corp.,NVDA,Technology,Provider_A,USD,209.15,211267896851.0,256818478285.0,51188268.0,2026-09-08 10:58:09
10,2026-08-01,NVIDIA Corp.,NVDA,Technology,Provider_B,USD,209.52,211646648785.0,257278891329.0,51280036.0,2026-09-08 02:57:22
11,2026-08-01,NVIDIA Corp.,NVDA,Technology,Provider_C,USD,626.91,211090391035.0,256602701188.0,51145260.0,2026-09-08 20:54:17
12,2026-08-01,NVIDIA Corp.,NVDA,Technology,Provider_D,USD,208.66,210779899013.0,256225265288.0,51070031.0,2026-09-08 14:57:04
73,2026-08-01,Netflix Inc.,NFLX,Communication,Provider_A,USD,259.41,1719716134258.0,140906886530.0,174889163.0,2026-09-08 03:37:41
74,2026-08-01,Netflix Inc.,NFLX,Communication,Provider_B,USD,257.55,,139896504995.0,173635109.0,2026-09-08 07:34:06
75,2026-08-01,Netflix Inc.,NFLX,Communication,Provider_C,USD,257.71,1708424847445.0,139981722174.0,173740878.0,2026-09-08 08:41:46
76,2026-08-01,Netflix Inc.,NFLX,Communication,Provider_D,USD,258.4,1712985355390.0,140355392550.0,174204666.0,2026-09-08 01:44:05
141,2026-08-01,NextEra Energy,NEE,Utilities,Provider_A,USD,48.63,2646795325867.0,416696154143.0,107456043.0,2026-09-08 09:59:06
142,2026-08-01,NextEra Energy,NEE,Utilities,Provider_B,USD,48.47,2638134853433.0,415332699432.0,107104441.0,2026-09-08 04:06:47
143,2026-08-01,NextEra Energy,NEE,Utilities,Provider_C,USD,48.42,2635408866975.0,414903535884.0,106993770.0,2026-09-08 10:16:31
144,2026-08-01,NextEra Energy,NEE,Utilities,Provider_D,USD,48.45,2637053936000.0,415162526040.0,107060557.0,2026-09-08 07:15:08
105,2026-08-01,Nike Inc.,NKE,Consumer,Provider_A,USD,409.47,1104980881772.0,359162060322.0,93862154.0,2026-09-08 21:27:22
106,2026-08-01,Nike Inc.,NKE,Consumer,Provider_B,USD,409.35,1104669430109.0,359060826335.0,93835698.0,2026-09-08 09:33:46
107,2026-08-01,Nike Inc.,NKE,Consumer,Provider_C,USD,409.33,1104604277039.0,359039649036.0,93830163.0,2026-09-08 14:20:49
108,2026-08-01,Nike Inc.,NKE,Consumer,Provider_D,USD,410.02,1106457497821.0,359642018366.0,93987585.0,2026-09-08 04:52:50
69,2026-08-01,Oracle Corp.,ORCL,Technology,Provider_A,USD,524.97,1537841964792.0,368449010861.0,285551750.0,2026-09-08 19:16:48
70,2026-08-01,Oracle Corp.,ORCL,Technology,Provider_B,USD,525.06,1538097754710.0,368510295144.0,285599246.0,2026-09-08 09:59:24
71,2026-08-01,Oracle Corp.,ORCL,Technology,Provider_C,USD,525.27,1538712702108.0,368657629373.0,285713431.0,2026-09-08 22:23:17
72,2026-08-01,Oracle Corp.,ORCL,Technology,Provider_D,USD,524.92,1537693390367.0,368413414161.0,285524162.0,2026-09-08 09:48:41
97,2026-08-01,PepsiCo,PEP,Consumer,Provider_A,USD,262.8,3329195410489.0,408435568568.0,776429138.0,2026-09-08 06:51:30
98,2026-08-01,PepsiCo,PEP,Consumer,Provider_B,USD,263.55,3338693304740.0,409600798409.0,778644220.0,2026-09-08 04:57:52
99,2026-08-01,PepsiCo,PEP,Consumer,Provider_C,USD,263.44,3337262225075.0,409425229310.0,778310467.0,2026-09-08 09:12:35
100,2026-08-01,PepsiCo,PEP,Consumer,Provider_D,USD,263.13,3333343609323.0,408944481906.0,777396574.0,2026-09-08 07:13:54
109,2026-08-01,Pfizer Inc.,PFE,Healthcare,Provider_A,USD,556.575,3741809631628.0,200149587206.0,324660110.0,2026-09-08 14:13:42
110,2026-08-01,Pfizer Inc.,PFE,Healthcare,Provider_B,USD,221.74,3726769436629.0,199345086411.0,323355140.0,2026-09-08 17:24:39
111,2026-08-01,Pfizer Inc.,PFE,Healthcare,Provider_C,USD,555.7,3735973112977.0,199837391526.0,324153702.0,2026-09-08 09:36:36
112,2026-08-01,Pfizer Inc.,PFE,Healthcare,Provider_D,USD,222.56,3740668641884.0,200088555606.0,324561112.0,2026-09-08 13:26:28
57,2026-08-01,Procter & Gamble,PG,Consumer,Provider_A,GBP,684.8,3126058359030.0,65414361657.0,657554052.0,2026-09-08 20:21:33
58,2026-08-01,Procter & Gamble,PG,Consumer,Provider_B,USD,685.55,3129486598757.0,65486099318.0,658275169.0,2026-09-08 04:00:00
59,2026-08-01,Procter & Gamble,PG,Consumer,Provider_C,USD,683.97,3122272510875.0,65335140858.0,656757714.0,2026-09-08 04:06:30
60,2026-08-01,Procter & Gamble,PG,Consumer,Provider_D,USD,685.47,3129120322364.0,65478434798.0,658198124.0,2026-09-08 13:18:56
193,2026-08-01,Qualcomm,QCOM,Technology,Provider_A,USD,462.88,2447217885313.0,60183536863.0,460806866.0,2026-09-08 00:22:37
194,2026-08-01,Qualcomm,QCOM,Technology,Provider_B,USD,462.82,2446854752672.0,60174606475.0,460738489.0,2026-09-08 18:12:23
195,2026-08-01,Qualcomm,QCOM,Technology,Provider_C,USD,463.91,2452651066770.0,60317153113.0,461829924.0,2026-09-08 19:45:51
196,2026-08-01,Qualcomm,QCOM,Technology,Provider_D,GBP,462.65,2445966758308.0,60152768353.0,460571281.0,2026-09-08 11:14:54
81,2026-08-01,Salesforce Inc.,CRM,Technology,Provider_A,USD,544.56,3271985362960.0,55630761772.0,405856935.0,2026-09-08 22:54:07
82,2026-08-01,Salesforce Inc.,CRM,Technology,Provider_B,USD,544.93,3274227199494.0,55668877797.0,406135012.0,2026-09-08 21:17:00
83,2026-08-01,Salesforce Inc.,CRM,Technology,Provider_C,USD,543.72,3266959406195.0,55545309739.0,405233515.0,2026-09-08 09:12:02
84,2026-08-01,Salesforce Inc.,CRM,Technology,Provider_D,USD,543.95,3268300093741.0,55568104299.0,405399814.0,2026-09-08 05:26:13
25,2026-08-01,Tesla Inc.,TSLA,Automotive,Provider_A,USD,442.02,3217861650601.0,185533180415.0,792581583.0,2026-09-08 09:58:13
26,2026-08-01,Tesla Inc.,TSLA,Automotive,Provider_B,USD,440.72,3208366700496.0,184985727329.0,790242911.0,2026-09-08 18:39:17
27,2026-08-01,Tesla Inc.,TSLA,Automotive,Provider_C,USD,441.3,3212584704593.0,185228926012.0,791281835.0,2026-09-08 09:45:01
28,2026-08-01,Tesla Inc.,TSLA,Automotive,Provider_D,USD,440.35,3205655395439.0,184829400829.0,789575098.0,2026-09-08 07:24:56
197,2026-08-01,Texas Instruments,TXN,Technology,Provider_A,USD,150.13,3660877623592.0,311678839043.0,912880713.0,2026-09-08 21:25:23
198,2026-08-01,Texas Instruments,TXN,Technology,Provider_B,USD,150.38,3666973349378.0,312197815347.0,914400750.0,2026-09-08 21:14:16
199,2026-08-01,Texas Instruments,TXN,Technology,Provider_C,USD,150.14,3661114682902.0,311699021737.0,912939826.0,2026-09-08 07:07:36
200,2026-08-01,Texas Instruments,TXN,Technology,Provider_D,USD,150.19,3662432957462.0,311811256651.0,913268553.0,2026-09-08 02:11:42
169,2026-08-01,UPS,UPS,Industrials,Provider_A,USD,134.49,2110710620828.0,96203425965.0,326714147.0,2026-09-08 01:48:37
170,2026-08-01,UPS,UPS,Industrials,Provider_B,USD,134.38,2108886042431.0,96120264071.0,326431723.0,2026-09-08 17:37:30
171,2026-08-01,UPS,UPS,Industrials,Provider_C,USD,403.40999999999997,2110415067069.0,96189955012.0,326668399.0,2026-09-08 01:13:01
172,2026-08-01,UPS,UPS,Industrials,Provider_D,USD,134.33,2108142412213.0,96086370380.0,326316618.0,2026-09-08 20:21:00
165,2026-08-01,Union Pacific,UNP,Industrials,Provider_A,USD,129.59,3537449188303.0,378229934045.0,536210414.0,2026-09-08 23:04:04
166,2026-08-01,Union Pacific,UNP,Industrials,Provider_B,USD,130.2,3554052969805.0,380005237900.0,538727233.0,2026-09-08 02:47:50
167,2026-08-01,Union Pacific,UNP,Industrials,Provider_C,USD,129.55,3536233136173.0,378099911734.0,536026083.0,2026-09-08 15:18:07
168,2026-08-01,Union Pacific,UNP,Industrials,Provider_D,USD,129.78,3542557582354.0,378776132009.0,536984750.0,2026-09-08 07:25:29
185,2026-08-01,Verizon,VZ,Communication,Provider_A,USD,626.06,3879921143448.0,30309616815.0,594456037.0,2026-09-08 13:23:25
186,2026-08-01,Verizon,VZ,Communication,Provider_B,USD,625.18,3874492504274.0,30267208744.0,593624296.0,2026-09-08 12:44:20
187,2026-08-01,Verizon,VZ,Communication,Provider_C,USD,625.29,3875138931854.0,30272258581.0,593723338.0,2026-09-08 19:45:36
188,2026-08-01,Verizon,VZ,Communication,Provider_D,USD,627.64,3889705981029.0,30386055141.0,595955205.0,2026-09-08 02:45:32
33,2026-08-01,Visa Inc.,V,Financials,Provider_A,USD,127.75,1087732849699.0,76237723501.0,268502702.0,2026-09-08 11:03:13
34,2026-08-01,Visa Inc.,V,Financials,Provider_B,USD,127.83,1088405720325.0,76284884093.0,268668797.0,2026-09-08 13:27:36
35,2026-08-01,Visa Inc.,V,Financials,Provider_C,USD,127.47,1085399048634.0,76074150542.0,267926612.0,2026-09-08 09:25:35
36,2026-08-01,Visa Inc.,V,Financials,Provider_D,USD,127.58,1086303280841.0,76137526954.0,268149818.0,2026-09-08 09:23:23
37,2026-08-01,Walmart Inc.,WMT,Consumer,Provider_A,USD,721.57,1297586108840.0,45411561757.0,317636611.0,2026-09-08 09:08:24
38,2026-08-01,Walmart Inc.,WMT,Consumer,Provider_B,USD,724.02,1301975385573.0,45565173074.0,318711064.0,2026-09-08 09:01:02
39,2026-08-01,Walmart Inc.,WMT,Consumer,Provider_C,USD,721.52,1297491154866.0,45408238657.0,317613367.0,2026-09-08 22:41:39
40,2026-08-01,Walmart Inc.,WMT,Consumer,Provider_D,USD,724.93,1303616280426.0,45622599396.0,319112739.0,2026-09-08 08:44:38
133,2026-08-01,Wells Fargo,WFC,Financials,Provider_A,USD,636.94,627223387903.0,11630933228.0,,2026-09-08 11:17:17
134,2026-08-01,Wells Fargo,WFC,Financials,Provider_B,USD,638.48,628738628302.0,11659031127.0,127820479.0,2026-09-08 01:09:21
135,2026-08-01,Wells Fargo,WFC,Financials,Provider_C,USD,639.89,630127992717.0,11684794843.0,128102933.0,2026-09-08 22:18:57
136,2026-08-01,Wells Fargo,WFC,Financials,Provider_D,USD,639.07,629318976647.0,11669792832.0,127938462.0,2026-09-08 10:09:16
289,2026-08-02,AMD,AMD,Technology,Provider_A,USD,102.45,1470030807196.0,403892407193.0,166030552.0,2026-09-08 06:10:58
290,2026-08-02,AMD,AMD,Technology,Provider_B,USD,102.34,1468492308233.0,403469703093.0,165856788.0,2026-09-08 07:27:44
291,2026-08-02,AMD,AMD,Technology,Provider_C,USD,102.5,1470849887167.0,404117450219.0,166123061.0,2026-09-08 14:03:06
292,2026-08-02,AMD,AMD,Technology,Provider_D,USD,102.2,1466465703430.0,402912891434.0,165627896.0,2026-09-08 20:36:27
381,2026-08-02,AT&T,T,Communication,Provider_A,USD,282.71,920289262663.0,383824124285.0,221638351.0,2026-09-08 09:32:34
382,2026-08-02,AT&T,T,Communication,Provider_B,USD,282.66,920131967150.0,383758521203.0,221600469.0,2026-09-08 04:20:32
383,2026-08-02,AT&T,T,Communication,Provider_C,USD,282.64,920078164214.0,383736081666.0,221587511.0,2026-09-08 15:23:54
384,2026-08-02,AT&T,T,Communication,Provider_D,USD,282.3,918963057255.0,383271005119.0,,2026-09-08 21:56:01
317,2026-08-02,AbbVie Inc.,ABBV,Healthcare,Provider_A,USD,623.79,3912381427123.0,380361803904.0,477102299.0,2026-09-08 13:09:50
318,2026-08-02,AbbVie Inc.,ABBV,Healthcare,Provider_B,USD,-623.18,3908604184903.0,379994580336.0,476641677.0,2026-09-08 15:45:03
319,2026-08-02,AbbVie Inc.,ABBV,Healthcare,Provider_C,USD,623.13,3908257664754.0,379960891640.0,476599420.0,2026-09-08 03:04:25
320,2026-08-02,AbbVie Inc.,ABBV,Healthcare,Provider_D,USD,622.72,3905699013245.0,379712139487.0,476287401.0,2026-09-08 17:42:25
277,2026-08-02,Adobe Inc.,ADBE,Technology,Provider_A,USD,36.0,2385884475111.0,438281847881.0,544547991.0,2026-09-08 11:18:48
278,2026-08-02,Adobe Inc.,ADBE,Technology,Provider_B,USD,35.9,2378841823973.0,436988128010.0,542940595.0,2026-09-08 06:57:01
279,2026-08-02,Adobe Inc.,ADBE,Technology,Provider_C,USD,35.86,2376380339879.0,436535958674.0,542378792.0,2026-09-08 11:33:19
280,2026-08-02,Adobe Inc.,ADBE,Technology,Provider_D,USD,89.97500000000001,2385378763874.0,438188949814.0,544432569.0,2026-09-08 14:19:10
217,2026-08-02,Alphabet Inc.,GOOGL,Communication,Provider_A,USD,469.44,2366797638581.0,322685979995.0,332881245.0,2026-09-08 03:29:03
218,2026-08-02,Alphabet Inc.,GOOGL,Communication,Provider_B,USD,469.45,2366865760651.0,322695267665.0,332890826.0,2026-09-08 06:52:50
219,2026-08-02,Alphabet Inc.,GOOGL,Communication,Provider_C,USD,468.84,2363776218841.0,322274043725.0,332456294.0,2026-09-08 00:14:32
220,2026-08-02,Alphabet Inc.,GOOGL,Communication,Provider_D,USD,468.53,2362217319398.0,322061505489.0,332237040.0,2026-09-08 02:34:25
213,2026-08-02,Amazon.com Inc.,AMZN,Consumer,Provider_A,USD,71.32,1652755895232.0,127012998948.0,191310718.0,2026-09-08 10:36:21
214,2026-08-02,Amazon.com Inc.,AMZN,Consumer,Provider_B,USD,71.5,1656833159944.0,127326333555.0,191782671.0,2026-09-08 22:43:08
215,2026-08-02,Amazon.com Inc.,AMZN,Consumer,Provider_C,USD,71.53,1657629204090.0,127387508925.0,191874816.0,2026-09-08 13:50:06
216,2026-08-02,Amazon.com Inc.,AMZN,Consumer,Provider_D,USD,71.6,1659111835420.0,127501447984.0,192046434.0,2026-09-08 20:02:53
201,2026-08-02,Apple Inc.,AAPL,Technology,Provider_A,USD,731.19,1864156009192.0,50137106040.0,108005822.0,2026-09-08 05:26:20
202,2026-08-02,Apple Inc.,AAPL,Technology,Provider_B,USD,731.14,1864030361472.0,50133726702.0,107998542.0,2026-09-08 10:03:43
203,2026-08-02,Apple Inc.,AAPL,Technology,Provider_C,USD,729.96,1861006864402.0,50052408726.0,107823366.0,2026-09-08 01:57:24
204,2026-08-02,Apple Inc.,AAPL,Technology,Provider_D,USD,729.63,1860168056294.0,50029848699.0,107774767.0,2026-09-08 18:49:10
329,2026-08-02,Bank of America,BAC,Financials,Provider_A,USD,61.32,359811350164.0,173847074243.0,35010309.0,2026-09-08 21:25:15
330,2026-08-02,Bank of America,BAC,Financials,Provider_B,USD,61.22,359235179845.0,,34954247.0,2026-09-08 15:35:02
331,2026-08-02,Bank of America,BAC,Financials,Provider_C,USD,61.15,518974803705.4802,173373793723.0,34914998.0,2026-09-08 13:52:08
332,2026-08-02,Bank of America,BAC,Financials,Provider_D,USD,61.27,359543998017.0,173717899917.0,34984296.0,2026-09-08 08:46:42
337,2026-08-02,Berkshire Hathaway,BRK.B,Financials,Provider_A,USD,503.63,2416180143428.4277,41294788866.0,395806405.0,2026-09-08 20:34:18
338,2026-08-02,Berkshire Hathaway,BRK.B,Financials,Provider_B,USD,503.9,1787410197302.0,41317132783.0,396020570.0,2026-09-08 11:55:41
339,2026-08-02,Berkshire Hathaway,BRK.B,Financials,Provider_C,USD,503.78,1786985668207.0,41307319521.0,395926510.0,2026-09-08 23:36:58
340,2026-08-02,Berkshire Hathaway,BRK.B,Financials,Provider_D,USD,503.79,2147756418042.182,41307873189.0,395931817.0,2026-09-08 01:52:38
357,2026-08-02,Boeing Co.,BA,Industrials,Provider_A,USD,589.0,723340548007.0,268890102714.0,151691070.0,INVALID_TIMESTAMP
358,2026-08-02,Boeing Co.,BA,Industrials,Provider_B,USD,590.27,724895983320.0,269468310533.0,152017258.0,2026-09-08 05:46:43
359,2026-08-02,Boeing Co.,BA,Industrials,Provider_C,USD,588.67,722928663544.0,268736991353.0,151604694.0,2026-09-08 20:23:07
360,2026-08-02,Boeing Co.,BA,Industrials,Provider_D,USD,589.39,723816102916.0,269066882529.0,151790798.0,2026-09-08 07:11:14
265,2026-08-02,Broadcom Inc.,AVGO,Technology,Provider_A,USD,665.19,1319380888650.0,298636768927.0,212561308.0,2026-09-08 13:17:17
266,2026-08-02,Broadcom Inc.,AVGO,Technology,Provider_B,USD,661.05,-1321473194260.0,299110354222.0,212898393.0,2026-09-08 15:06:02
267,2026-08-02,Broadcom Inc.,AVGO,Technology,Provider_C,USD,660.21,1319796944671.0,298730941600.0,212628338.0,2026-09-08 02:58:06
268,2026-08-02,Broadcom Inc.,AVGO,Technology,Provider_D,USD,658.69,,298046481456.0,212141158.0,2026-09-08 18:35:32
361,2026-08-02,Caterpillar Inc.,CAT,Industrials,Provider_A,GBP,320.14,3378957324393.0,327602703184.0,359327178.0,2026-09-08 11:27:49
362,2026-08-02,Caterpillar Inc.,CAT,Industrials,Provider_B,USD,320.49,3382634662843.0,327959235067.0,359718236.0,2026-09-08 08:42:34
363,2026-08-02,Caterpillar Inc.,CAT,Industrials,Provider_C,USD,320.26,3380160835308.0,327719388123.0,359455163.0,2026-09-08 00:04:58
364,2026-08-02,Caterpillar Inc.,CAT,Industrials,Provider_D,USD,320.03,3377798251655.0,327490326694.0,359203919.0,2026-09-08 17:58:14
253,2026-08-02,Chevron Corp.,CVX,Energy,Provider_A,USD,199.49,3986022611016.0,395674043055.0,770216081.0,2026-09-08 16:44:18
254,2026-08-02,Chevron Corp.,CVX,Energy,Provider_B,USD,199.85,3993184649817.0,396384985547.0,771599997.0,2026-09-08 14:14:48
255,2026-08-02,Chevron Corp.,CVX,Energy,Provider_C,USD,199.09,3977954054402.0,394873114729.0,768657000.0,2026-09-08 21:36:37
256,2026-08-02,Chevron Corp.,CVX,Energy,Provider_D,USD,199.19,3979978468840.0,395074068995.0,769048176.0,INVALID_TIMESTAMP
293,2026-08-02,Cisco Systems,CSCO,Technology,Provider_A,USD,72.17,884889798360.0,119863278887.0,154086729.0,2026-09-08 05:33:38
294,2026-08-02,Cisco Systems,CSCO,Technology,Provider_B,USD,72.11,884124568113.0,119759624165.0,153953478.0,2026-09-08 01:30:11
295,2026-08-02,Cisco Systems,CSCO,Technology,Provider_C,USD,72.21,885396540859.0,119931919997.0,154174968.0,2026-09-08 11:12:25
296,2026-08-02,Cisco Systems,CSCO,Technology,Provider_D,USD,72.26,886027772312.0,120017423832.0,154284885.0,2026-09-08 08:32:12
241,2026-08-02,Coca-Cola,KO,Consumer,Provider_A,USD,411.56,2812418534440.0,214761370412.0,241579860.0,2026-09-08 05:27:40
242,2026-08-02,Coca-Cola,KO,Consumer,Provider_B,USD,412.86,2821307932896.0,215440180970.0,242343437.0,2026-09-08 12:35:47
243,2026-08-02,Coca-Cola,KO,Consumer,Provider_C,USD,412.13,2816347113619.0,215061363830.0,241917315.0,2026-09-08 15:55:42
244,2026-08-02,Coca-Cola,KO,Consumer,Provider_D,USD,413.35,2824692554508.0,215698636803.0,242634168.0,2026-09-08 19:18:03
389,2026-08-02,Comcast,CMCSA,Communication,Provider_A,USD,640.21,366984638620.0,173639165135.0,84677491.0,2026-09-08 09:53:59
390,2026-08-02,Comcast,CMCSA,Communication,Provider_B,USD,641.02,367447216903.0,173858034532.0,84784225.0,2026-09-08 10:31:01
391,2026-08-02,Comcast,CMCSA,Communication,Provider_C,USD,640.17,366963599431.0,173629210420.0,84672636.0,2026-09-08 17:59:59
392,2026-08-02,Comcast,CMCSA,Communication,Provider_D,USD,640.92,367389741087.0,173830839790.0,84770964.0,2026-09-08 07:01:32
349,2026-08-02,ConocoPhillips,COP,Energy,Provider_A,USD,273.35,207300684878.0,447507762333.0,39034907.0,2026-09-08 15:51:06
350,2026-08-02,ConocoPhillips,COP,Energy,Provider_B,USD,273.47,207390802768.0,447702303201.0,39051876.0,2026-09-08 23:35:56
351,2026-08-02,ConocoPhillips,COP,Energy,Provider_C,USD,273.08,207092916061.0,447059243996.0,38995784.0,2026-09-08 07:26:06
352,2026-08-02,ConocoPhillips,COP,Energy,Provider_D,USD,274.01,207796539300.0,448578181868.0,39128277.0,2026-09-08 04:13:01
345,2026-08-02,Duke Energy,DUK,Utilities,Provider_A,USD,655.17,299914369821.0,391127967727.0,60161377.0,2026-09-08 18:21:49
346,2026-08-02,Duke Energy,DUK,Utilities,Provider_B,USD,654.24,299489814390.0,390574291346.0,60076213.0,2026-09-08 03:02:22
347,2026-08-02,Duke Energy,DUK,Utilities,Provider_C,USD,654.67,299683414169.0,390826771039.0,60115048.0,2026-09-08 06:04:41
348,2026-08-02,Duke Energy,DUK,Utilities,Provider_D,USD,652.93,298888214155.0,389789725147.0,59955535.0,2026-09-08 11:51:52
249,2026-08-02,Exxon Mobil,XOM,Energy,Provider_A,USD,46.87,1405214156565.0,96378805640.0,204780939.0,2026-09-08 00:44:51
250,2026-08-02,Exxon Mobil,XOM,Energy,Provider_B,USD,46.74,1401400333674.0,96117228645.0,204225153.0,2026-09-08 10:27:46
251,2026-08-02,Exxon Mobil,XOM,Energy,Provider_C,USD,46.82,1403775268319.0,96280117244.0,204571250.0,2026-09-08 22:26:58
252,2026-08-02,Exxon Mobil,XOM,Energy,Provider_D,USD,46.82,1403795009762.0,96281471242.0,204574127.0,2026-09-08 08:28:17
321,2026-08-02,Goldman Sachs,GS,Financials,Provider_A,USD,716.65,3764977248795.0,100203632614.0,190668194.0,2026-09-08 08:50:23
322,2026-08-02,Goldman Sachs,GS,Financials,Provider_B,USD,718.19,3773081534862.0,100419325525.0,191078616.0,2026-09-08 08:47:59
323,2026-08-02,Goldman Sachs,GS,Financials,Provider_C,USD,718.25,3773406085452.0,100427963332.0,191095052.0,2026-09-08 05:44:21
324,2026-08-02,Goldman Sachs,GS,Financials,Provider_D,USD,717.79,3770983227210.0,100363479756.0,190972352.0,2026-09-08 22:00:43
373,2026-08-02,Home Depot,HD,Consumer,Provider_A,USD,271.91,1337191177247.0,179542239993.0,274861944.0,2026-09-08 23:08:45
374,2026-08-02,Home Depot,HD,Consumer,Provider_B,USD,272.23,1338734657114.0,179749480243.0,275179209.0,2026-09-08 14:55:24
375,2026-08-02,Home Depot,HD,Consumer,Provider_C,USD,271.98,1337499892035.0,179583690569.0,274925401.0,2026-09-08 20:39:25
376,2026-08-02,Home Depot,HD,Consumer,Provider_D,USD,272.09,1338067945652.0,179659962101.0,275042166.0,2026-09-08 05:51:17
285,2026-08-02,Intel Corp.,INTC,Technology,Provider_A,USD,193.37,2203927395385.0,208259058278.0,,2026-09-08 06:07:20
286,2026-08-02,Intel Corp.,INTC,Technology,Provider_B,USD,194.26,2200557006400.0,207940574993.0,540833439.0,2026-09-08 21:02:58
287,2026-08-02,Intel Corp.,INTC,Technology,Provider_C,USD,193.66,2207172665539.0,208565718519.0,542459377.0,2026-09-08 04:50:13
288,2026-08-02,Intel Corp.,INTC,Technology,Provider_D,USD,193.43,2204553223773.0,208318195630.0,541815594.0,2026-09-08 03:19:07
229,2026-08-02,JPMorgan Chase,JPM,Financials,Provider_A,USD,741.25,2170321280261.0,165597681631.0,81412676.0,2026-09-08 06:30:23
230,2026-08-02,JPMorgan Chase,JPM,Financials,Provider_B,USD,-741.11,2169919092647.0,165566994315.0,81397589.0,2026-09-08 07:25:34
231,2026-08-02,JPMorgan Chase,JPM,Financials,Provider_C,USD,740.05,2166813908442.0,165330065658.0,81281108.0,2026-09-08 19:26:10
232,2026-08-02,JPMorgan Chase,JPM,Financials,Provider_D,USD,742.76,2174761833755.0,165936500299.0,81579249.0,2026-09-08 10:24:05
245,2026-08-02,Johnson & Johnson,JNJ,Healthcare,Provider_A,USD,599.89,1399266794664.0,292325148277.0,182947252.0,2026-09-08 04:09:37
246,2026-08-02,Johnson & Johnson,JNJ,Healthcare,Provider_B,USD,602.23,1404723301799.0,293465084037.0,183660663.0,2026-09-08 14:33:14
247,2026-08-02,Johnson & Johnson,JNJ,Healthcare,Provider_C,USD,601.12,-1402132581039.0,292923848560.0,183321939.0,2026-09-08 06:35:10
248,2026-08-02,Johnson & Johnson,JNJ,Healthcare,Provider_D,USD,600.46,1400602138872.0,292604119160.0,183121841.0,2026-09-08 15:13:29
353,2026-08-02,Lockheed Martin,LMT,Industrials,Provider_A,USD,479.56,3912028511148.0,140737165904.0,511430599.0,2026-09-08 02:42:15
354,2026-08-02,Lockheed Martin,LMT,Industrials,Provider_B,USD,481.03,3924014812309.0,141168379033.0,512997603.0,2026-09-08 02:15:27
355,2026-08-02,Lockheed Martin,LMT,Industrials,Provider_C,USD,481.03,3923958494305.0,141166352965.0,512990240.0,2026-09-08 19:03:57
7694,2026-08-02,Lockheed Martin,LMT,Industrials,Provider_C,USD,481.03,3923958494305.0,141166352965.0,512990240.0,2026-09-08 19:03:57
356,2026-08-02,Lockheed Martin,LMT,Industrials,Provider_D,USD,480.29,3917989788120.0,140951625800.0,512209934.0,2026-09-08 14:23:02
377,2026-08-02,Lowe's,LOW,Consumer,Provider_A,USD,381.95,1027368440822.0,330263637660.0,186668686.0,2026-09-08 02:41:32
378,2026-08-02,Lowe's,LOW,Consumer,Provider_B,USD,380.65,1023868583119.0,329138553716.0,186032776.0,2026-09-08 21:47:09
379,2026-08-02,Lowe's,LOW,Consumer,Provider_C,USD,380.88,1024503582476.0,329342684181.0,186148153.0,2026-09-08 21:17:19
380,2026-08-02,Lowe's,LOW,Consumer,Provider_D,USD,381.68,1026651450924.0,330033150054.0,186538412.0,2026-09-08 09:36:46
261,2026-08-02,Mastercard Inc.,MA,Financials,Provider_A,USD,599.15,2002795216281.0,420594306730.0,298302498.0,2026-09-08 08:02:09
262,2026-08-02,Mastercard Inc.,MA,Financials,Provider_B,USD,598.98,2002251695889.0,420480165464.0,298221545.0,2026-09-08 06:52:19
263,2026-08-02,Mastercard Inc.,MA,Financials,Provider_C,USD,600.44,2007121537099.0,421502849896.0,298946874.0,2026-09-08 09:10:07
264,2026-08-02,Mastercard Inc.,MA,Financials,Provider_D,USD,600.72,2008072657042.0,421702588556.0,299088537.0,2026-09-08 06:50:50
301,2026-08-02,McDonald's,MCD,Consumer,Provider_A,USD,666.34,1221852210668.0,442483011577.0,63381486.0,2026-09-08 21:18:16
302,2026-08-02,McDonald's,MCD,Consumer,Provider_B,USD,667.31,1223638764789.0,443129996410.0,63474161.0,2026-09-08 00:39:46
303,2026-08-02,McDonald's,MCD,Consumer,Provider_C,USD,667.57,1224109299612.0,443300396450.0,63498569.0,2026-09-08 16:36:14
304,2026-08-02,McDonald's,MCD,Consumer,Provider_D,USD,665.59,1220482118498.0,441986844771.0,63310415.0,2026-09-08 01:47:24
313,2026-08-02,Merck & Co.,MRK,Healthcare,Provider_A,USD,168.12,1987294099721.0,58246483429.0,240665244.0,2026-09-08 09:58:23
314,2026-08-02,Merck & Co.,MRK,Healthcare,Provider_B,USD,168.84,1995775733468.0,58495075392.0,241692386.0,2026-09-08 10:08:19
315,2026-08-02,Merck & Co.,MRK,Healthcare,Provider_C,USD,168.88,1996238929445.0,58508651408.0,,2026-09-08 23:55:21
316,2026-08-02,Merck & Co.,MRK,Healthcare,Provider_D,USD,168.67,1993762740324.0,58436075683.0,241448609.0,2026-09-08 22:06:09
221,2026-08-02,Meta Platforms,META,Communication,Provider_A,USD,319.22,1728519144947.0,293360365862.0,103380631.0,2026-09-08 14:16:01
222,2026-08-02,Meta Platforms,META,Communication,Provider_B,USD,318.76,1726052175470.0,292941677373.0,103233085.0,2026-09-08 14:34:14
7691,2026-08-02,Meta Platforms,META,Communication,Provider_B,USD,318.76,1726052175470.0,292941677373.0,103233085.0,2026-09-08 14:34:14
223,2026-08-02,Meta Platforms,META,Communication,Provider_C,USD,318.66,1725510177987.0,292849690785.0,103200669.0,2026-09-08 07:40:57
224,2026-08-02,Meta Platforms,META,Communication,Provider_D,USD,318.51,1724703070384.0,292712710305.0,103152397.0,2026-09-08 01:32:00
205,2026-08-02,Microsoft Corp.,MSFT,Technology,Provider_A,USD,226.79,3050127591497.0,65139443315.0,216280494.0,2026-09-08 20:05:02
206,2026-08-02,Microsoft Corp.,MSFT,Technology,Provider_B,USD,225.94,3038749813051.0,64896456052.0,215473711.0,2026-09-08 16:34:22
207,2026-08-02,Microsoft Corp.,MSFT,Technology,Provider_C,USD,227.26,3056403772543.0,65273479327.0,216725529.0,2026-09-08 04:15:15
208,2026-08-02,Microsoft Corp.,MSFT,Technology,Provider_D,USD,226.79,3050079473734.0,65138415697.0,216277082.0,2026-09-08 12:55:31
325,2026-08-02,Morgan Stanley,MS,Financials,Provider_A,USD,67.48,1925684866966.0,230056206709.0,248096449.0,2026-09-08 17:41:03
326,2026-08-02,Morgan Stanley,MS,Financials,Provider_B,USD,67.46,1925060821393.0,229981653723.0,248016050.0,2026-09-08 10:04:55
327,2026-08-02,Morgan Stanley,MS,Financials,Provider_C,USD,67.45,1924902964137.0,229962794956.0,247995712.0,2026-09-08 05:31:17
328,2026-08-02,Morgan Stanley,MS,Financials,Provider_D,USD,67.52,1926729990943.0,230181064759.0,248231098.0,2026-09-08 13:33:26
209,2026-08-02,NVIDIA Corp.,NVDA,Technology,Provider_A,USD,208.9,211827481006.0,257261095375.0,32351903.0,2026-09-08 00:59:15
210,2026-08-02,NVIDIA Corp.,NVDA,Technology,Provider_B,USD,208.82,211754707942.0,257172713651.0,32340789.0,2026-09-08 18:30:23
211,2026-08-02,NVIDIA Corp.,NVDA,Technology,Provider_C,USD,208.7,211630477003.0,257021837158.0,32321815.0,2026-09-08 14:43:55
212,2026-08-02,NVIDIA Corp.,NVDA,Technology,Provider_D,USD,208.78,211705514941.0,257112969536.0,32333275.0,2026-09-08 16:47:42
273,2026-08-02,Netflix Inc.,NFLX,Communication,Provider_A,USD,261.25,1712602457709.0,140236383133.0,173567716.0,2026-09-08 07:40:07
274,2026-08-02,Netflix Inc.,NFLX,Communication,Provider_B,USD,261.64,1715165146674.0,140446228816.0,173827438.0,2026-09-08 11:57:57
275,2026-08-02,Netflix Inc.,NFLX,Communication,Provider_C,USD,262.05,1717850310312.0,140666103332.0,174099572.0,2026-09-08 14:32:12
276,2026-08-02,Netflix Inc.,NFLX,Communication,Provider_D,USD,258.4,1715688719742.0,140489101575.0,173880501.0,2026-09-08 00:39:46
341,2026-08-02,NextEra Energy,NEE,Utilities,Provider_A,USD,48.43,2635599868984.0,415322989240.0,282235287.0,2026-09-08 19:19:00
342,2026-08-02,NextEra Energy,NEE,Utilities,Provider_B,USD,48.42,2635298964606.0,415275572138.0,282203065.0,2026-09-08 08:02:48
343,2026-08-02,NextEra Energy,NEE,Utilities,Provider_C,USD,,2637041318948.0,415550135748.0,282389646.0,2026-09-08 03:44:02
344,2026-08-02,NextEra Energy,NEE,Utilities,Provider_D,USD,48.47,2637647303029.0,415645627906.0,282454538.0,2026-09-08 05:46:08
305,2026-08-02,Nike Inc.,NKE,Consumer,Provider_A,USD,409.09,1106535772296.0,359175683037.0,145236774.0,2026-09-08 00:59:15
306,2026-08-02,Nike Inc.,NKE,Consumer,Provider_B,USD,409.84,1108558566979.0,359832271536.0,145502273.0,2026-09-08 19:56:14
307,2026-08-02,Nike Inc.,NKE,Consumer,Provider_C,USD,408.68,1105416979760.0,358812528873.0,145089928.0,2026-09-08 16:22:37
308,2026-08-02,Nike Inc.,NKE,Consumer,Provider_D,USD,408.64,1105313532018.0,358778950281.0,145076350.0,2026-09-08 18:19:26
269,2026-08-02,Oracle Corp.,ORCL,Technology,Provider_A,USD,533.23,1536433257096.0,368902441800.0,192225894.0,2026-09-08 05:50:07
270,2026-08-02,Oracle Corp.,ORCL,Technology,Provider_B,USD,532.33,1533838058730.0,368279326537.0,191901204.0,2026-09-08 15:56:11
271,2026-08-02,Oracle Corp.,ORCL,Technology,Provider_C,USD,532.57,1534547863599.0,368449752911.0,191990009.0,2026-09-08 14:15:27
272,2026-08-02,Oracle Corp.,ORCL,Technology,Provider_D,USD,532.58,1534564065034.0,368453642926.0,191992036.0,2026-09-08 23:13:47
297,2026-08-02,PepsiCo,PEP,Consumer,Provider_A,USD,262.8,3329114734520.0,408323950797.0,473835141.0,2026-09-08 22:31:42
298,2026-08-02,PepsiCo,PEP,Consumer,Provider_B,USD,258.82,3339209464466.0,409562093770.0,475271931.0,2026-09-08 09:01:20
299,2026-08-02,PepsiCo,PEP,Consumer,Provider_C,USD,258.31,3332661184699.0,408758931464.0,474339910.0,2026-09-08 09:18:19
300,2026-08-02,PepsiCo,PEP,Consumer,Provider_D,USD,258.89,3340157484131.0,409678370668.0,475406863.0,2026-09-08 02:49:20
309,2026-08-02,Pfizer Inc.,PFE,Healthcare,Provider_A,USD,224.71,3744120433815.0,200445991488.0,255955766.0,2026-09-08 18:13:20
310,2026-08-02,Pfizer Inc.,PFE,Healthcare,Provider_B,USD,224.36,3738333734912.0,200136193601.0,255560175.0,2026-09-08 12:46:13
311,2026-08-02,Pfizer Inc.,PFE,Healthcare,Provider_C,USD,223.66,3726564836343.0,199506131458.0,254755629.0,2026-09-08 00:52:58
312,2026-08-02,Pfizer Inc.,PFE,Healthcare,Provider_D,USD,224.29,3737083198306.0,200069244619.0,255474686.0,2026-09-08 21:11:31
257,2026-08-02,Procter & Gamble,PG,Consumer,Provider_A,USD,693.11,3135064108265.0,65491317540.0,651919010.0,2026-09-08 19:55:42
258,2026-08-02,Procter & Gamble,PG,Consumer,Provider_B,USD,693.02,3134685748054.0,65483413615.0,651840332.0,2026-09-08 00:14:23
259,2026-08-02,Procter & Gamble,PG,Consumer,Provider_C,USD,693.5,4187040117792.7476,65528223792.0,652286385.0,2026-09-08 05:25:36
260,2026-08-02,Procter & Gamble,PG,Consumer,Provider_D,USD,694.27,3140298485034.0,65600663384.0,653007469.0,2026-09-08 10:09:55
393,2026-08-02,Qualcomm,QCOM,Technology,Provider_A,USD,457.79,2437020658369.0,59991127745.0,187982109.0,2026-09-08 04:02:21
394,2026-08-02,Qualcomm,QCOM,Technology,Provider_B,USD,458.85,2442658333687.0,60129908062.0,188416977.0,2026-09-08 13:33:47
395,2026-08-02,Qualcomm,QCOM,Technology,Provider_C,USD,460.35,2450631123252.0,60326170919.0,189031967.0,2026-09-08 22:14:13
396,2026-08-02,Qualcomm,QCOM,Technology,Provider_D,USD,459.31,2445106074459.0,60190163082.0,188605786.0,2026-09-08 01:33:07
281,2026-08-02,Salesforce Inc.,CRM,Technology,Provider_A,USD,553.96,3267810194259.0,55626716790.0,611640471.0,2026-09-08 05:53:59
282,2026-08-02,Salesforce Inc.,CRM,Technology,Provider_B,USD,553.44,3264788099564.0,55575272797.0,611074821.0,2026-09-08 00:18:54
283,2026-08-02,Salesforce Inc.,CRM,Technology,Provider_C,USD,553.85,3267158971778.0,55615631272.0,611518581.0,2026-09-08 15:10:41
284,2026-08-02,Salesforce Inc.,CRM,Technology,Provider_D,USD,553.6,3265731050298.0,55591324296.0,611251315.0,2026-09-08 02:17:53
225,2026-08-02,Tesla Inc.,TSLA,Automotive,Provider_A,USD,439.17,3216922075549.0,185025604965.0,578387528.0,2026-09-08 09:42:19
226,2026-08-02,Tesla Inc.,TSLA,Automotive,Provider_B,USD,440.76,3228566011444.0,185695321618.0,580481053.0,2026-09-08 16:59:11
227,2026-08-02,Tesla Inc.,TSLA,Automotive,Provider_C,USD,439.85,3221921370421.0,185313146142.0,579286378.0,2026-09-08 23:11:13
228,2026-08-02,Tesla Inc.,TSLA,Automotive,Provider_D,USD,440.01,3223071836166.0,,579493226.0,2026-09-08 06:12:07
397,2026-08-02,Texas Instruments,TXN,Technology,Provider_A,USD,149.36,3670941034359.0,311861376103.0,515194736.0,2026-09-08 19:15:55
398,2026-08-02,Texas Instruments,TXN,Technology,Provider_B,USD,149.22,3667542993454.0,311572698703.0,514717842.0,2026-09-08 10:25:30
399,2026-08-02,Texas Instruments,TXN,Technology,Provider_C,USD,149.53,3675005803118.0,312206694746.0,515765203.0,2026-09-08 04:31:36
400,2026-08-02,Texas Instruments,TXN,Technology,Provider_D,USD,149.33,3670049992641.0,311785678484.0,515069684.0,2026-09-08 14:43:58
369,2026-08-02,UPS,UPS,Industrials,Provider_A,USD,132.6,2101043369473.0,96034631139.0,491722645.0,2026-09-08 12:03:58
370,2026-08-02,UPS,UPS,Industrials,Provider_B,USD,132.83,2104743872621.0,96203773985.0,492588701.0,2026-09-08 12:49:09
371,2026-08-02,UPS,UPS,Industrials,Provider_C,USD,132.69,2102442271212.0,96098572234.0,492050040.0,2026-09-08 15:30:09
372,2026-08-02,UPS,UPS,Industrials,Provider_D,USD,132.53,2099962313479.0,95985218159.0,491469638.0,2026-09-08 15:33:34
365,2026-08-02,Union Pacific,UNP,Industrials,Provider_A,USD,128.89,3552453932354.0,379101407797.0,202460401.0,2026-09-08 17:20:32
366,2026-08-02,Union Pacific,UNP,Industrials,Provider_B,USD,,3550088409150.0,378848970131.0,202325586.0,2026-09-08 12:58:40
367,2026-08-02,Union Pacific,UNP,Industrials,Provider_C,USD,128.84,3551180687248.0,378965532984.0,202387837.0,2026-09-08 12:38:29
368,2026-08-02,Union Pacific,UNP,Industrials,Provider_D,USD,128.87,3552007843439.0,379053803256.0,202434978.0,2026-09-08 07:36:55
385,2026-08-02,Verizon,VZ,Communication,Provider_A,USD,635.2,3874023275527.0,30317350486.0,124017888.0,2026-09-08 15:44:19
386,2026-08-02,Verizon,VZ,Communication,Provider_B,USD,635.63,3876646591603.0,30337880046.0,124101868.0,2026-09-08 11:13:21
387,2026-08-02,Verizon,VZ,Communication,Provider_C,USD,633.34,3862636423475.0,30228239203.0,123653365.0,2026-09-08 15:18:09
388,2026-08-02,Verizon,VZ,Communication,Provider_D,USD,633.31,3862488319130.0,30227080167.0,123648623.0,2026-09-08 19:42:03
233,2026-08-02,Visa Inc.,V,Financials,Provider_A,USD,128.63,1087511845841.0,76226921055.0,139800837.0,2026-09-08 13:07:33
234,2026-08-02,Visa Inc.,V,Financials,Provider_B,USD,128.98,1090481656334.0,76435083855.0,140182610.0,2026-09-08 20:47:18
235,2026-08-02,Visa Inc.,V,Financials,Provider_C,USD,128.62,1087389883277.0,76218372339.0,139785159.0,2026-09-08 07:58:39
236,2026-08-02,Visa Inc.,V,Financials,Provider_D,USD,128.64,1087602494252.0,76233274871.0,139812490.0,2026-09-08 05:00:31
237,2026-08-02,Walmart Inc.,WMT,Consumer,Provider_A,USD,717.45,1669694589782.9814,45520780131.0,149170587.0,2026-09-08 18:09:25
238,2026-08-02,Walmart Inc.,WMT,Consumer,Provider_B,USD,715.21,1300240611507.0,45378941914.0,148705786.0,2026-09-08 03:49:45
239,2026-08-02,Walmart Inc.,WMT,Consumer,Provider_C,GBP,719.18,1307454199067.0,45630699141.0,149530789.0,2026-09-08 00:12:00
240,2026-08-02,Walmart Inc.,WMT,Consumer,Provider_D,USD,717.45,1304304072360.0,45520758400.0,149170516.0,2026-09-08 08:22:07
333,2026-08-02,Wells Fargo,WFC,Financials,Provider_A,USD,636.02,628758301843.0,11660984513.0,27200512.0,2026-09-08 00:13:59
334,2026-08-02,Wells Fargo,WFC,Financials,Provider_B,USD,636.21,628945352718.0,11664453568.0,27208604.0,2026-09-08 07:33:34
335,2026-08-02,Wells Fargo,WFC,Financials,Provider_C,USD,1590.8500000000001,629073244651.0,11666825459.0,27214137.0,2026-09-08 19:03:26
336,2026-08-02,Wells Fargo,WFC,Financials,Provider_D,USD,637.77,822837748148.837,11692916766.0,27274997.0,2026-09-08 12:09:43
489,2026-08-03,AMD,AMD,Technology,Provider_A,USD,104.48,1471389708684.0,404002581791.0,224881574.0,2026-09-08 14:43:11
490,2026-08-03,AMD,AMD,Technology,Provider_B,USD,104.59,1472911805460.0,404420507120.0,225114206.0,2026-09-08 19:00:25
491,2026-08-03,AMD,AMD,Technology,Provider_C,USD,104.28,1468513224728.0,403212779513.0,224441944.0,2026-09-08 11:05:24
492,2026-08-03,AMD,AMD,Technology,Provider_D,USD,104.47,1471172257810.0,403942875845.0,224848340.0,2026-09-08 09:44:51
581,2026-08-03,AT&T,T,Communication,Provider_A,USD,285.71,922159492598.0,384221547988.0,109757634.0,2026-09-08 17:32:02
582,2026-08-03,AT&T,T,Communication,Provider_B,USD,285.23,920611882864.0,383576730023.0,109573434.0,2026-09-08 16:51:12
583,2026-08-03,AT&T,T,Communication,Provider_C,GBP,284.74,919015695353.0,382911671927.0,109383452.0,2026-09-08 21:12:52
584,2026-08-03,AT&T,T,Communication,Provider_D,USD,285.29,920794557345.0,383652842097.0,109595176.0,2026-09-08 13:40:40
517,2026-08-03,AbbVie Inc.,ABBV,Healthcare,Provider_A,USD,628.0,3911432220057.0,379588099168.0,493317934.0,2026-09-08 17:31:30
518,2026-08-03,AbbVie Inc.,ABBV,Healthcare,Provider_B,USD,630.4,3926393694115.0,381040047503.0,495204906.0,2026-09-08 21:26:29
519,2026-08-03,AbbVie Inc.,ABBV,Healthcare,Provider_C,USD,629.47,3920592559374.0,380477071696.0,494473255.0,2026-09-08 20:18:30
520,2026-08-03,AbbVie Inc.,ABBV,Healthcare,Provider_D,USD,628.07,3911852242223.0,379628860558.0,493370908.0,2026-09-08 22:37:13
477,2026-08-03,Adobe Inc.,ADBE,Technology,Provider_A,USD,36.29,2383182206866.0,436957113827.0,565599471.0,2026-09-08 22:16:45
478,2026-08-03,Adobe Inc.,ADBE,Technology,Provider_B,USD,36.27,2382186750867.0,436774596696.0,565363220.0,2026-09-08 08:19:43
479,2026-08-03,Adobe Inc.,ADBE,Technology,Provider_C,USD,36.32,2385524388621.0,437386553497.0,566155340.0,2026-09-08 12:22:45
480,2026-08-03,Adobe Inc.,ADBE,Technology,Provider_D,USD,36.32,2385415318840.0,437366555522.0,566129454.0,2026-09-08 16:38:41
417,2026-08-03,Alphabet Inc.,GOOGL,Communication,Provider_A,USD,468.64,2354954061503.0,321431783070.0,308693936.0,2026-09-08 22:53:20
418,2026-08-03,Alphabet Inc.,GOOGL,Communication,Provider_B,USD,470.12,2362387781871.0,322446424515.0,309668369.0,2026-09-08 17:07:57
419,2026-08-03,Alphabet Inc.,GOOGL,Communication,Provider_C,USD,468.84,2357205528653.0,321739089744.0,308989064.0,2026-09-08 07:56:12
420,2026-08-03,Alphabet Inc.,GOOGL,Communication,Provider_D,USD,468.18,2352645943635.0,321116744041.0,308391381.0,2026-09-08 04:45:31
413,2026-08-03,Amazon.com Inc.,AMZN,Consumer,Provider_A,USD,70.15,1661430132582.0,127258324964.0,377883887.0,2026-09-08 12:01:00
414,2026-08-03,Amazon.com Inc.,AMZN,Consumer,Provider_B,USD,70.12,1660871396634.0,127215528220.0,377756805.0,2026-09-08 02:58:12
415,2026-08-03,Amazon.com Inc.,AMZN,Consumer,Provider_C,USD,70.16,1661821685104.0,127288316185.0,377972944.0,2026-09-08 23:27:07
416,2026-08-03,Amazon.com Inc.,AMZN,Consumer,Provider_D,USD,70.15,1661371266921.0,127253816111.0,377870498.0,2026-09-08 23:27:53
401,2026-08-03,Apple Inc.,AAPL,Technology,Provider_A,USD,720.7,1861329889291.0,50097387364.0,319489504.0,2026-09-08 03:50:42
402,2026-08-03,Apple Inc.,AAPL,Technology,Provider_B,USD,719.82,1859058195909.0,50036245111.0,319099577.0,2026-09-08 07:14:14
403,2026-08-03,Apple Inc.,AAPL,Technology,Provider_C,USD,722.2,1865226706487.0,50202269557.0,320158376.0,2026-09-08 18:06:09
404,2026-08-03,Apple Inc.,AAPL,Technology,Provider_D,USD,720.88,1861811505096.0,50110349974.0,319572171.0,2026-09-08 09:52:17
529,2026-08-03,Bank of America,BAC,Financials,Provider_A,USD,184.85999999999999,358141274906.0,173486718797.0,42879564.0,2026-09-08 18:50:31
530,2026-08-03,Bank of America,BAC,Financials,Provider_B,USD,61.56,357789019365.0,173316083179.0,42837389.0,2026-09-08 15:37:25
531,2026-08-03,Bank of America,BAC,Financials,Provider_C,USD,61.75,358861998508.0,173835843519.0,42965855.0,2026-09-08 10:07:56
532,2026-08-03,Bank of America,BAC,Financials,Provider_D,USD,61.73,358750540731.0,173781852412.0,42952510.0,2026-09-08 18:26:42
537,2026-08-03,Berkshire Hathaway,BRK.B,Financials,Provider_A,USD,492.84,1790154206218.0,41317300008.0,121360291.0,2026-09-08 09:33:26
538,2026-08-03,Berkshire Hathaway,BRK.B,Financials,Provider_B,USD,-492.74,1789804122457.0,41309219969.0,121336558.0,2026-09-08 21:47:31
539,2026-08-03,Berkshire Hathaway,BRK.B,Financials,Provider_C,USD,493.4,1792212705811.0,41364810801.0,121499844.0,2026-09-08 12:37:25
540,2026-08-03,Berkshire Hathaway,BRK.B,Financials,Provider_D,USD,492.22,1787907712967.0,41265450265.0,121207994.0,2026-09-08 16:37:21
557,2026-08-03,Boeing Co.,BA,Industrials,Provider_A,USD,584.08,722422089321.0,268906005478.0,53187124.0,2026-09-08 10:00:02
558,2026-08-03,Boeing Co.,BA,Industrials,Provider_B,USD,584.3,722699391787.0,269009225327.0,53207539.0,2026-09-08 22:52:13
559,2026-08-03,Boeing Co.,BA,Industrials,Provider_C,USD,583.16,721295177068.0,268486536754.0,53104156.0,2026-09-08 05:58:37
560,2026-08-03,Boeing Co.,BA,Industrials,Provider_D,USD,584.17,722536140176.0,268948458444.0,53195520.0,2026-09-08 04:52:47
465,2026-08-03,Broadcom Inc.,AVGO,Technology,Provider_A,USD,653.13,1317934281120.0,298465595052.0,233425695.0,2026-09-08 13:38:49
466,2026-08-03,Broadcom Inc.,AVGO,Technology,Provider_B,USD,653.92,1319531042604.0,298827205167.0,233708505.0,2026-09-08 17:55:00
467,2026-08-03,Broadcom Inc.,AVGO,Technology,Provider_C,USD,654.28,1320269330490.0,298994401314.0,233839267.0,2026-09-08 23:52:06
468,2026-08-03,Broadcom Inc.,AVGO,Technology,Provider_D,USD,653.8,1319300438539.0,298774981486.0,233667662.0,2026-09-08 22:44:37
561,2026-08-03,Caterpillar Inc.,CAT,Industrials,Provider_A,USD,,3381853793967.0,328370866786.0,451177894.0,2026-09-08 04:57:11
562,2026-08-03,Caterpillar Inc.,CAT,Industrials,Provider_B,USD,314.7,3376645167448.0,327865120143.0,450483004.0,2026-09-08 23:02:57
7644,2026-08-03,Caterpillar Inc.,CAT,Industrials,Provider_B,USD,314.7,3376645167448.0,327865120143.0,450483004.0,2026-09-08 23:02:57
563,2026-08-03,Caterpillar Inc.,CAT,Industrials,Provider_C,USD,314.07,3369848163116.0,327205145365.0,449576206.0,2026-09-08 17:54:18
564,2026-08-03,Caterpillar Inc.,CAT,Industrials,Provider_D,USD,314.13,3370476708135.0,327266175760.0,449660061.0,2026-09-08 16:18:06
453,2026-08-03,Chevron Corp.,CVX,Energy,Provider_A,USD,202.26,3968778353735.0,394725289138.0,356861197.0,2026-09-08 11:21:24
454,2026-08-03,Chevron Corp.,CVX,Energy,Provider_B,USD,202.56,3974757974666.0,395320008065.0,357398867.0,2026-09-08 00:05:00
455,2026-08-03,Chevron Corp.,CVX,Energy,Provider_C,USD,203.19,3987202183223.0,396557679555.0,358517815.0,2026-09-08 12:56:53
456,2026-08-03,Chevron Corp.,CVX,Energy,Provider_D,USD,202.29,3969358902005.0,394783029093.0,356913398.0,2026-09-08 04:33:46
493,2026-08-03,Cisco Systems,CSCO,Technology,Provider_A,USD,72.19,881893802563.0,119774876130.0,100107462.0,2026-09-08 23:20:51
494,2026-08-03,Cisco Systems,CSCO,Technology,Provider_B,USD,72.12,881036835644.0,119658486712.0,100010184.0,2026-09-08 16:13:32
495,2026-08-03,Cisco Systems,CSCO,Technology,Provider_C,USD,72.26,882761723872.0,119892753324.0,100205983.0,2026-09-08 23:06:17
496,2026-08-03,Cisco Systems,CSCO,Technology,Provider_D,USD,72.18,881694102795.0,119747753799.0,100084793.0,2026-09-08 03:58:56
441,2026-08-03,Coca-Cola,KO,Consumer,Provider_A,USD,422.91,2820754413695.0,215930513956.0,603499962.0,2026-09-08 16:50:06
442,2026-08-03,Coca-Cola,KO,Consumer,Provider_B,USD,422.03,2814945401445.0,215485830436.0,602257125.0,2026-09-08 15:53:08
443,2026-08-03,Coca-Cola,KO,Consumer,Provider_C,USD,421.66,2812465074396.0,215295959850.0,601726460.0,2026-09-08 14:06:55
444,2026-08-03,Coca-Cola,KO,Consumer,Provider_D,USD,422.48,2817939282440.0,215715013898.0,602897666.0,2026-09-08 23:34:28
589,2026-08-03,Comcast,CMCSA,Communication,Provider_A,USD,630.18,366810335928.0,173466724672.0,41887198.0,2026-09-08 04:14:27
590,2026-08-03,Comcast,CMCSA,Communication,Provider_B,USD,630.13,366779222525.0,173452010965.0,41883645.0,2026-09-08 14:54:32
591,2026-08-03,Comcast,CMCSA,Communication,Provider_C,USD,631.55,367604347878.0,173842217506.0,41977869.0,2026-09-08 15:41:32
592,2026-08-03,Comcast,CMCSA,Communication,Provider_D,USD,631.41,367522642010.0,173803578329.0,41968538.0,2026-09-08 10:35:15
549,2026-08-03,ConocoPhillips,COP,Energy,Provider_A,USD,274.24,207746978703.0,448184426076.0,50627589.0,2026-09-08 10:35:22
550,2026-08-03,ConocoPhillips,COP,Energy,Provider_B,USD,273.56,207235798412.0,447081627630.0,50503015.0,2026-09-08 21:08:37
551,2026-08-03,ConocoPhillips,COP,Energy,Provider_C,USD,273.19,206956157649.0,446478342636.0,50434867.0,2026-09-08 18:04:49
552,2026-08-03,ConocoPhillips,COP,Energy,Provider_D,USD,274.23,207741011270.0,448171552193.0,50626135.0,2026-09-08 17:28:07
545,2026-08-03,Duke Energy,DUK,Utilities,Provider_A,USD,657.33,298862959761.0,389614048784.0,67288470.0,2026-09-08 13:07:38
546,2026-08-03,Duke Energy,DUK,Utilities,Provider_B,USD,660.38,300249097808.0,391421093916.0,67600556.0,2026-09-08 11:58:05
547,2026-08-03,Duke Energy,DUK,Utilities,Provider_C,USD,659.48,299840057246.0,390887846338.0,67508462.0,2026-09-08 04:28:36
548,2026-08-03,Duke Energy,DUK,Utilities,Provider_D,USD,658.22,299269065214.0,390143469994.0,67379904.0,2026-09-08 19:32:35
449,2026-08-03,Exxon Mobil,XOM,Energy,Provider_A,USD,16.2505,1400884294752.0,96115908987.0,214870242.0,2026-09-08 02:10:59
450,2026-08-03,Exxon Mobil,XOM,Energy,Provider_B,USD,46.39,1399640441238.0,96030567099.0,214679458.0,2026-09-08 09:35:41
451,2026-08-03,Exxon Mobil,XOM,Energy,Provider_C,USD,46.46,1401756587792.0,96175757783.0,215004036.0,2026-09-08 10:07:05
452,2026-08-03,Exxon Mobil,XOM,Energy,Provider_D,USD,46.45,1401442937324.0,96154237948.0,214955928.0,2026-09-08 09:04:13
521,2026-08-03,Goldman Sachs,GS,Financials,Provider_A,USD,714.24,3769729144039.0,100193238895.0,424941869.0,2026-09-08 06:43:30
522,2026-08-03,Goldman Sachs,GS,Financials,Provider_B,USD,715.15,3774526331184.0,100320740288.0,425482630.0,2026-09-08 07:53:52
523,2026-08-03,Goldman Sachs,GS,Financials,Provider_C,USD,713.99,3768429204733.0,100158688633.0,424795333.0,2026-09-08 00:23:31
524,2026-08-03,Goldman Sachs,GS,Financials,Provider_D,USD,715.34,3775565906051.0,100348370489.0,425599816.0,2026-09-08 18:16:36
573,2026-08-03,Home Depot,HD,Consumer,Provider_A,USD,271.91,1334743133693.0,179568950828.0,306495162.0,2026-09-08 22:30:34
574,2026-08-03,Home Depot,HD,Consumer,Provider_B,USD,271.31,1337055660034.0,179880065317.0,307026184.0,2026-09-08 16:10:32
575,2026-08-03,Home Depot,HD,Consumer,Provider_C,USD,270.57,1333422266153.0,179391248622.0,306191853.0,2026-09-08 18:42:06
576,2026-08-03,Home Depot,HD,Consumer,Provider_D,USD,270.48,1332960322662.0,179329101303.0,306085778.0,2026-09-08 22:36:12
485,2026-08-03,Intel Corp.,INTC,Technology,Provider_A,USD,192.1,2201582123956.0,208136336967.0,221613291.0,2026-09-08 22:39:09
486,2026-08-03,Intel Corp.,INTC,Technology,Provider_B,USD,191.84,2198637566798.0,207857960188.0,221316889.0,2026-09-08 12:33:45
487,2026-08-03,Intel Corp.,INTC,Technology,Provider_C,USD,192.13,2201953503379.0,208171446969.0,221650674.0,2026-09-08 22:02:11
488,2026-08-03,Intel Corp.,INTC,Technology,Provider_D,USD,191.83,2198496553450.0,207844628865.0,221302694.0,2026-09-08 23:02:52
429,2026-08-03,JPMorgan Chase,JPM,Financials,Provider_A,USD,750.08,2170600018024.0,165485032640.0,506595419.0,2026-09-08 11:17:26
430,2026-08-03,JPMorgan Chase,JPM,Financials,Provider_B,USD,750.8,2172693117158.0,165644609059.0,507083926.0,2026-09-08 07:46:41
431,2026-08-03,JPMorgan Chase,JPM,Financials,Provider_C,USD,750.86,2172860787481.0,165657392128.0,507123059.0,2026-09-08 02:13:22
432,2026-08-03,JPMorgan Chase,JPM,Financials,Provider_D,USD,750.32,2171308094731.0,165539015915.0,506760676.0,2026-09-08 23:45:55
445,2026-08-03,Johnson & Johnson,JNJ,Healthcare,Provider_A,USD,599.89,1400031945983.0,293184391484.0,175595578.0,2026-09-08 14:27:39
446,2026-08-03,Johnson & Johnson,JNJ,Healthcare,Provider_B,USD,598.72,1398217711516.0,292804467847.0,175368032.0,2026-09-08 10:32:15
447,2026-08-03,Johnson & Johnson,JNJ,Healthcare,Provider_C,USD,598.41,1397486478532.0,292651338415.0,175276319.0,2026-09-08 01:31:04
448,2026-08-03,Johnson & Johnson,JNJ,Healthcare,Provider_D,USD,599.87,1400902516952.0,293366700052.0,175704768.0,2026-09-08 04:18:47
553,2026-08-03,Lockheed Martin,LMT,Industrials,Provider_A,USD,474.23,3918424465768.0,141041167032.0,557637697.0,2026-09-08 17:56:43
554,2026-08-03,Lockheed Martin,LMT,Industrials,Provider_B,USD,474.23,3918408190918.0,141040581229.0,557635381.0,2026-09-08 08:51:28
555,2026-08-03,Lockheed Martin,LMT,Industrials,Provider_C,USD,474.69,3922227583116.0,141178057794.0,558178925.0,2026-09-08 07:55:56
556,2026-08-03,Lockheed Martin,LMT,Industrials,Provider_D,USD,472.82,3906831181397.0,140623874222.0,555987836.0,2026-09-08 02:12:10
577,2026-08-03,Lowe's,LOW,Consumer,Provider_A,USD,381.93,1026604706634.0,329589247176.0,144116208.0,2026-09-08 22:15:34
578,2026-08-03,Lowe's,LOW,Consumer,Provider_B,USD,381.36,1025057286641.0,329092451295.0,143898979.0,2026-09-08 05:15:07
579,2026-08-03,Lowe's,LOW,Consumer,Provider_C,USD,382.33,1027673581554.0,329932407185.0,144266258.0,2026-09-08 12:45:00
580,2026-08-03,Lowe's,LOW,Consumer,Provider_D,USD,381.38,1025129235382.0,329115550284.0,143909079.0,2026-09-08 16:05:56
461,2026-08-03,Mastercard Inc.,MA,Financials,Provider_A,USD,609.48,2004444251274.0,421416386837.0,157540193.0,2026-09-08 07:54:34
462,2026-08-03,Mastercard Inc.,MA,Financials,Provider_B,USD,609.04,2003005922930.0,421113991231.0,157427146.0,2026-09-08 09:10:09
463,2026-08-03,Mastercard Inc.,MA,Financials,Provider_C,USD,608.86,2002411944170.0,420989112536.0,157380462.0,2026-09-08 08:22:20
464,2026-08-03,Mastercard Inc.,MA,Financials,Provider_D,USD,609.09,2003187954458.0,421152261724.0,157441453.0,2026-09-08 08:50:19
501,2026-08-03,McDonald's,MCD,Consumer,Provider_A,USD,668.81,1223463412746.0,443047050195.0,184500977.0,2026-09-08 11:46:00
502,2026-08-03,McDonald's,MCD,Consumer,Provider_B,USD,667.08,1220298610118.0,441900995107.0,184023718.0,2026-09-08 08:21:24
503,2026-08-03,McDonald's,MCD,Consumer,Provider_C,USD,669.32,1224400453357.0,443386376303.0,184642285.0,2026-09-08 13:35:47
504,2026-08-03,McDonald's,MCD,Consumer,Provider_D,USD,668.69,1223248869431.0,442969358634.0,184468624.0,2026-09-08 14:37:00
513,2026-08-03,Merck & Co.,MRK,Healthcare,Provider_A,USD,165.73,1996262155545.0,58470686017.0,491045324.0,2026-09-08 08:37:00
514,2026-08-03,Merck & Co.,MRK,Healthcare,Provider_B,USD,165.5,1993484652748.0,58389332728.0,490362108.0,2026-09-08 12:53:50
515,2026-08-03,Merck & Co.,MRK,Healthcare,Provider_C,USD,165.69,1995843001158.0,58458408950.0,490942220.0,2026-09-08 07:33:44
516,2026-08-03,Merck & Co.,MRK,Healthcare,Provider_D,USD,165.9,1998340584830.0,58531563386.0,491556581.0,2026-09-08 15:13:32
421,2026-08-03,Meta Platforms,META,Communication,Provider_A,USD,325.45,1721928989198.0,292908977836.0,270120978.0,2026-09-08 18:05:15
422,2026-08-03,Meta Platforms,META,Communication,Provider_B,USD,325.32,1721251105236.0,292793666288.0,270014638.0,2026-09-08 13:35:26
423,2026-08-03,Meta Platforms,META,Communication,Provider_C,USD,325.58,1722587864227.0,293021055868.0,270224337.0,2026-09-08 23:45:12
7707,2026-08-03,Meta Platforms,META,Communication,Provider_C,USD,325.58,1722587864227.0,293021055868.0,270224337.0,2026-09-08 23:45:12
424,2026-08-03,Meta Platforms,META,Communication,Provider_D,USD,325.44,1721881205651.0,292900849609.0,270113482.0,2026-09-08 18:24:43
405,2026-08-03,Microsoft Corp.,MSFT,Technology,Provider_A,USD,227.64,3045407295898.0,64942033134.0,512027206.0,2026-09-08 15:29:24
406,2026-08-03,Microsoft Corp.,MSFT,Technology,Provider_B,USD,228.23,3053318229026.0,65110730464.0,513357279.0,2026-09-08 08:06:56
407,2026-08-03,Microsoft Corp.,MSFT,Technology,Provider_C,USD,228.06,3051113240383.0,65063710007.0,512986552.0,2026-09-08 07:42:21
408,2026-08-03,Microsoft Corp.,MSFT,Technology,Provider_D,USD,228.44,3056159588509.0,65171321264.0,513834999.0,2026-09-08 02:50:44
525,2026-08-03,Morgan Stanley,MS,Financials,Provider_A,USD,69.46,1929677194734.0,230486081132.0,306229681.0,2026-09-08 21:44:40
526,2026-08-03,Morgan Stanley,MS,Financials,Provider_B,USD,69.36,1927102718286.0,230178578411.0,305821125.0,2026-09-08 07:52:59
527,2026-08-03,Morgan Stanley,MS,Financials,Provider_C,USD,69.49,1930629503562.0,230599827581.0,306380807.0,2026-09-08 00:00:23
528,2026-08-03,Morgan Stanley,MS,Financials,Provider_D,USD,124.938,1928303227378.0,230321970600.0,306011640.0,2026-09-08 16:18:54
409,2026-08-03,NVIDIA Corp.,NVDA,Technology,Provider_A,USD,207.22,211544391734.0,257192268512.0,18296859.0,2026-09-08 22:26:27
410,2026-08-03,NVIDIA Corp.,NVDA,Technology,Provider_B,USD,207.76,212099331897.0,257866955836.0,18344856.0,2026-09-08 02:12:35
411,2026-08-03,NVIDIA Corp.,NVDA,Technology,Provider_C,USD,206.77,211083133082.0,256631477663.0,18256964.0,2026-09-08 10:45:16
412,2026-08-03,NVIDIA Corp.,NVDA,Technology,Provider_D,USD,206.9,211221999940.0,256800309756.0,18268974.0,2026-09-08 13:56:07
473,2026-08-03,Netflix Inc.,NFLX,Communication,Provider_A,USD,259.74,2137248474158.5015,140087969597.0,339993419.0,2026-09-08 22:19:35
474,2026-08-03,Netflix Inc.,NFLX,Communication,Provider_B,USD,261.64,1708934574271.0,140024191429.0,339838629.0,2026-09-08 22:43:42
475,2026-08-03,Netflix Inc.,NFLX,Communication,Provider_C,USD,260.21,1712827894866.0,140343196660.0,340612854.0,2026-09-08 01:26:54
476,2026-08-03,Netflix Inc.,NFLX,Communication,Provider_D,USD,260.03,1711648496360.0,140246560823.0,340378319.0,2026-09-08 20:27:58
541,2026-08-03,NextEra Energy,NEE,Utilities,Provider_A,USD,47.58,2639887293437.0,415553836049.0,638872372.0,INVALID_TIMESTAMP
542,2026-08-03,NextEra Energy,NEE,Utilities,Provider_B,USD,47.68,2645872398210.0,416495972198.0,640320812.0,2026-09-08 02:29:01
543,2026-08-03,NextEra Energy,NEE,Utilities,Provider_C,USD,47.73,2648588376700.0,416923503814.0,640978099.0,2026-09-08 20:50:18
544,2026-08-03,NextEra Energy,NEE,Utilities,Provider_D,USD,47.48,2634467992117.0,414700764989.0,637560861.0,2026-09-08 03:08:48
505,2026-08-03,Nike Inc.,NKE,Consumer,Provider_A,USD,407.94,1106986451640.0,359411378732.0,151714939.0,2026-09-08 22:46:26
506,2026-08-03,Nike Inc.,NKE,Consumer,Provider_B,USD,,1105074751851.0,358790696648.0,151452936.0,2026-09-08 01:09:09
507,2026-08-03,Nike Inc.,NKE,Consumer,Provider_C,USD,407.66,1106210472715.0,359159437387.0,151608589.0,2026-09-08 05:50:49
508,2026-08-03,Nike Inc.,NKE,Consumer,Provider_D,USD,407.29,1105224191535.0,358839216052.0,151473417.0,2026-09-08 16:50:19
469,2026-08-03,Oracle Corp.,ORCL,Technology,Provider_A,USD,529.77,1537252720748.0,368721322773.0,119263866.0,2026-09-08 21:12:03
470,2026-08-03,Oracle Corp.,ORCL,Technology,Provider_B,USD,528.62,1533903188421.0,367917912915.0,119004001.0,2026-09-08 20:00:49
471,2026-08-03,Oracle Corp.,ORCL,Technology,Provider_C,USD,529.34,1536009003867.0,368423008172.0,119167375.0,2026-09-08 08:36:01
472,2026-08-03,Oracle Corp.,ORCL,Technology,Provider_D,USD,529.03,1535097284729.0,368204325660.0,119096642.0,2026-09-08 12:54:43
497,2026-08-03,PepsiCo,PEP,Consumer,Provider_A,USD,252.13,3349166350564.0,409392179475.0,327477045.0,2026-09-08 01:06:32
498,2026-08-03,PepsiCo,PEP,Consumer,Provider_B,USD,125.74,3340457397439.0,408327622828.0,326625495.0,2026-09-08 22:57:59
499,2026-08-03,PepsiCo,PEP,Consumer,Provider_C,USD,251.96,3346795355541.0,409102356063.0,327245212.0,2026-09-08 11:44:00
500,2026-08-03,PepsiCo,PEP,Consumer,Provider_D,USD,252.06,3348214909508.0,409275878137.0,327384014.0,2026-09-08 21:19:55
509,2026-08-03,Pfizer Inc.,PFE,Healthcare,Provider_A,USD,222.04,3740378004986.0,200080016923.0,361511489.0,2026-09-08 21:09:01
510,2026-08-03,Pfizer Inc.,PFE,Healthcare,Provider_B,USD,221.44,,199539387116.0,360534660.0,2026-09-08 16:19:46
511,2026-08-03,Pfizer Inc.,PFE,Healthcare,Provider_C,USD,221.63,3733552557564.0,199714910606.0,360851802.0,2026-09-08 15:40:47
512,2026-08-03,Pfizer Inc.,PFE,Healthcare,Provider_D,USD,222.38,3746168610071.0,200389767532.0,362071157.0,2026-09-08 23:54:41
457,2026-08-03,Procter & Gamble,PG,Consumer,Provider_A,USD,703.08,3132235706773.0,65511901574.0,99127178.0,2026-09-08 02:55:10
458,2026-08-03,Procter & Gamble,PG,Consumer,Provider_B,USD,702.78,3130893009772.0,65483818556.0,99084685.0,2026-09-08 12:11:20
459,2026-08-03,Procter & Gamble,PG,Consumer,Provider_C,USD,703.05,3565245633279.2476,65509674950.0,99123809.0,2026-09-08 22:13:19
460,2026-08-03,Procter & Gamble,PG,Consumer,Provider_D,USD,702.23,3128449467288.0,65432710935.0,99007354.0,2026-09-08 04:57:24
593,2026-08-03,Qualcomm,QCOM,Technology,Provider_A,USD,457.94,2442853555280.0,60223723668.0,261967251.0,2026-09-08 12:50:24
594,2026-08-03,Qualcomm,QCOM,Technology,Provider_B,USD,458.21,2444300776901.0,60259402055.0,262122449.0,2026-09-08 07:36:56
595,2026-08-03,Qualcomm,QCOM,Technology,Provider_C,USD,458.21,2444293305433.0,60259217861.0,262121647.0,2026-09-08 03:49:25
596,2026-08-03,Qualcomm,QCOM,Technology,Provider_D,USD,458.24,2444502980821.0,60264386993.0,262144133.0,2026-09-08 04:19:30
481,2026-08-03,Salesforce Inc.,CRM,Technology,Provider_A,USD,556.53,3279598248023.0,55726632552.0,297897192.0,2026-09-08 13:13:09
482,2026-08-03,Salesforce Inc.,CRM,Technology,Provider_B,USD,553.23,3260158447560.0,55396313246.0,296131408.0,2026-09-08 10:26:40
483,2026-08-03,Salesforce Inc.,CRM,Technology,Provider_C,USD,556.88,3281636522273.0,55761266721.0,298082335.0,2026-09-08 14:33:15
484,2026-08-03,Salesforce Inc.,CRM,Technology,Provider_D,USD,556.04,3276714624149.0,55677634280.0,297635262.0,2026-09-08 11:21:26
425,2026-08-03,Tesla Inc.,TSLA,Automotive,Provider_A,USD,435.0,3219761046932.0,185584544394.0,590087048.0,2026-09-08 20:51:37
426,2026-08-03,Tesla Inc.,TSLA,Automotive,Provider_B,USD,440.76,3216386563440.0,185390041767.0,589468605.0,2026-09-08 18:47:02
427,2026-08-03,Tesla Inc.,TSLA,Automotive,Provider_C,USD,434.86,3218745569011.0,185526013030.0,589900941.0,2026-09-08 12:51:28
428,2026-08-03,Tesla Inc.,TSLA,Automotive,Provider_D,USD,433.5,3208718846103.0,184948080451.0,588063339.0,2026-09-08 00:57:31
597,2026-08-03,Texas Instruments,TXN,Technology,Provider_A,USD,149.08,3668365761476.0,311993219263.0,343721776.0,2026-09-08 08:28:31
598,2026-08-03,Texas Instruments,TXN,Technology,Provider_B,USD,149.25,3672446147354.0,312340254648.0,344104103.0,2026-09-08 07:54:28
599,2026-08-03,Texas Instruments,TXN,Technology,Provider_C,USD,149.32,3674104359967.0,312481285049.0,344259476.0,2026-09-08 13:31:14
600,2026-08-03,Texas Instruments,TXN,Technology,Provider_D,USD,149.11,,312057310253.0,343792385.0,2026-09-08 20:54:36
569,2026-08-03,UPS,UPS,Industrials,Provider_A,USD,133.89,2104851836980.0,95991937922.0,358775777.0,2026-09-08 01:03:41
570,2026-08-03,UPS,UPS,Industrials,Provider_B,USD,134.13,2108711015024.0,96167936048.0,359433581.0,2026-09-08 20:03:11
571,2026-08-03,UPS,UPS,Industrials,Provider_C,USD,132.69,2102381127517.0,95879261018.0,358354640.0,2026-09-08 07:52:46
572,2026-08-03,UPS,UPS,Industrials,Provider_D,USD,133.68,2101657666926.0,95846267539.0,358231325.0,2026-09-08 18:55:12
565,2026-08-03,Union Pacific,UNP,Industrials,Provider_A,USD,125.91,3551521054971.0,378968836892.0,141970461.0,2026-09-08 06:08:57
566,2026-08-03,Union Pacific,UNP,Industrials,Provider_B,USD,44.001999999999995,3546061455469.0,378386264512.0,141752216.0,2026-09-08 00:26:56
567,2026-08-03,Union Pacific,UNP,Industrials,Provider_C,USD,126.03,3554901139008.0,379329512359.0,142105578.0,2026-09-08 11:56:34
568,2026-08-03,Union Pacific,UNP,Industrials,Provider_D,USD,125.87,3550305811593.0,378839163053.0,141921882.0,2026-09-08 10:05:08
585,2026-08-03,Verizon,VZ,Communication,Provider_A,USD,624.82,3876945804256.0,30274021093.0,940347953.0,2026-09-08 16:42:06
586,2026-08-03,Verizon,VZ,Communication,Provider_B,USD,625.2,3879333908780.0,30292669156.0,940927184.0,2026-09-08 22:06:05
587,2026-08-03,Verizon,VZ,Communication,Provider_C,USD,624.88,3877318679457.0,30276932775.0,940438393.0,2026-09-08 07:42:54
588,2026-08-03,Verizon,VZ,Communication,Provider_D,USD,623.78,3870496073564.0,30223656891.0,938783579.0,2026-09-08 07:10:04
433,2026-08-03,Visa Inc.,V,Financials,Provider_A,USD,126.85,1084597220628.0,76080118867.0,135193379.0,2026-09-08 17:22:58
434,2026-08-03,Visa Inc.,V,Financials,Provider_B,USD,127.09,1086606175304.0,76221038932.0,135443792.0,2026-09-08 05:44:14
435,2026-08-03,Visa Inc.,V,Financials,Provider_C,USD,127.03,1086104728366.0,76185864452.0,135381287.0,2026-09-08 08:53:18
436,2026-08-03,Visa Inc.,V,Financials,Provider_D,USD,126.94,1085363040631.0,76133838050.0,135288837.0,2026-09-08 10:50:55
437,2026-08-03,Walmart Inc.,WMT,Consumer,Provider_A,USD,717.0,1301870458865.0,45522552642.0,249902277.0,2026-09-08 21:48:56
438,2026-08-03,Walmart Inc.,WMT,Consumer,Provider_B,USD,716.32,1300645000074.0,45479701979.0,249667043.0,2026-09-08 10:57:08
439,2026-08-03,Walmart Inc.,WMT,Consumer,Provider_C,USD,717.86,1303431534911.0,45577138846.0,250201936.0,2026-09-08 21:14:16
440,2026-08-03,Walmart Inc.,WMT,Consumer,Provider_D,USD,716.95,1301788591811.0,45519689994.0,249886562.0,2026-09-08 23:37:32
533,2026-08-03,Wells Fargo,WFC,Financials,Provider_A,USD,634.55,628610556534.0,11653685759.0,115146541.0,2026-09-08 12:57:17
534,2026-08-03,Wells Fargo,WFC,Financials,Provider_B,USD,636.65,630692503169.0,11692282553.0,115527904.0,2026-09-08 10:18:48
535,2026-08-03,Wells Fargo,WFC,Financials,Provider_C,USD,635.98,630032759318.0,11680051693.0,115407055.0,2026-09-08 23:15:36
536,2026-08-03,Wells Fargo,WFC,Financials,Provider_D,USD,635.65,629703819134.0,11673953537.0,115346801.0,2026-09-08 03:43:16
689,2026-08-04,AMD,AMD,Technology,Provider_A,USD,105.04,1469879574184.0,403725689717.0,367085251.0,2026-09-08 01:24:26
690,2026-08-04,AMD,AMD,Technology,Provider_B,GBP,105.21,1472289272319.0,404387551449.0,367687045.0,2026-09-08 22:42:27
691,2026-08-04,AMD,AMD,Technology,Provider_C,USD,105.03,1469750113555.0,403690131306.0,367052920.0,2026-09-08 08:42:00
692,2026-08-04,AMD,AMD,Technology,Provider_D,USD,105.04,1469889000949.0,403728278927.0,367087605.0,2026-09-08 05:48:18
781,2026-08-04,AT&T,T,Communication,Provider_A,USD,285.17,921886932592.0,383317095032.0,133123360.0,2026-09-08 12:46:06
782,2026-08-04,AT&T,T,Communication,Provider_B,USD,285.23,922102322099.0,383406653173.0,133154463.0,2026-09-08 18:09:34
783,2026-08-04,AT&T,T,Communication,Provider_C,USD,285.17,921879753921.0,383314110167.0,133122324.0,2026-09-08 16:11:37
784,2026-08-04,AT&T,T,Communication,Provider_D,USD,285.5,922950246451.0,383759216907.0,133276906.0,2026-09-08 14:36:12
717,2026-08-04,AbbVie Inc.,ABBV,Healthcare,Provider_A,USD,629.41,3900560471850.0,379653575162.0,508133369.0,2026-09-08 22:14:13
718,2026-08-04,AbbVie Inc.,ABBV,Healthcare,Provider_B,USD,629.96,3903938795023.0,379982397771.0,508573470.0,2026-09-08 00:54:37
719,2026-08-04,AbbVie Inc.,ABBV,Healthcare,Provider_C,USD,630.01,3904263029162.0,380013956479.0,508615709.0,2026-09-08 01:09:30
720,2026-08-04,AbbVie Inc.,ABBV,Healthcare,Provider_D,USD,629.71,3902434399447.0,379835970312.0,508377490.0,2026-09-08 19:40:36
677,2026-08-04,Adobe Inc.,ADBE,Technology,Provider_A,USD,36.06,2382763325697.0,437896983932.0,438378414.0,2026-09-08 13:33:07
678,2026-08-04,Adobe Inc.,ADBE,Technology,Provider_B,USD,35.99,2378152433177.0,437049608153.0,437530106.0,2026-09-08 17:06:59
679,2026-08-04,Adobe Inc.,ADBE,Technology,Provider_C,USD,36.01,2800125428678.861,437390124360.0,437870997.0,2026-09-08 00:48:39
680,2026-08-04,Adobe Inc.,ADBE,Technology,Provider_D,USD,36.09,2384967443431.0,438302049973.0,438783925.0,2026-09-08 15:01:26
617,2026-08-04,Alphabet Inc.,GOOGL,Communication,Provider_A,USD,467.37,2353490397699.0,321114950942.0,556679780.0,2026-09-08 07:36:49
618,2026-08-04,Alphabet Inc.,GOOGL,Communication,Provider_B,USD,468.62,2359805778553.0,321976634174.0,558173580.0,2026-09-08 21:44:42
619,2026-08-04,Alphabet Inc.,GOOGL,Communication,Provider_C,USD,468.25,2357930566119.0,321720776428.0,557730029.0,2026-09-08 09:55:20
620,2026-08-04,Alphabet Inc.,GOOGL,Communication,Provider_D,USD,469.98,2366634064108.0,322908299153.0,559788700.0,2026-09-08 14:38:39
613,2026-08-04,Amazon.com Inc.,AMZN,Consumer,Provider_A,USD,71.25,1661882012734.0,127440434509.0,104224282.0,2026-09-08 19:20:21
614,2026-08-04,Amazon.com Inc.,AMZN,Consumer,Provider_B,USD,71.14,1659342738291.0,127245711757.0,104065032.0,2026-09-08 20:12:54
615,2026-08-04,Amazon.com Inc.,AMZN,Consumer,Provider_C,USD,71.18,1660179077322.0,127309845919.0,104117483.0,2026-09-08 06:48:14
616,2026-08-04,Amazon.com Inc.,AMZN,Consumer,Provider_D,USD,70.15,1655805832264.0,126974486221.0,103843216.0,2026-09-08 05:12:34
601,2026-08-04,Apple Inc.,AAPL,Technology,Provider_A,USD,723.38,1868380508990.0,50172569326.0,273679158.0,2026-09-08 07:45:46
602,2026-08-04,Apple Inc.,AAPL,Technology,Provider_B,USD,721.47,1863451024327.0,50040195375.0,272957090.0,2026-09-08 22:15:38
603,2026-08-04,Apple Inc.,AAPL,Technology,Provider_C,USD,722.63,1866439424247.0,50120444393.0,273394829.0,2026-09-08 06:10:08
604,2026-08-04,Apple Inc.,AAPL,Technology,Provider_D,USD,722.36,1865758842327.0,50102168382.0,273295138.0,2026-09-08 11:06:35
729,2026-08-04,Bank of America,BAC,Financials,Provider_A,USD,184.85999999999999,358764600133.0,173602275435.0,17444650.0,2026-09-08 11:03:06
730,2026-08-04,Bank of America,BAC,Financials,Provider_B,USD,60.39,357898045377.0,173182959044.0,17402514.0,2026-09-08 18:13:42
731,2026-08-04,Bank of America,BAC,Financials,Provider_C,USD,60.56,467740179842.5851,173653609718.0,17449808.0,2026-09-08 13:22:21
732,2026-08-04,Bank of America,BAC,Financials,Provider_D,USD,60.43,358092225417.0,173276920646.0,17411956.0,2026-09-08 19:07:40
737,2026-08-04,Berkshire Hathaway,BRK.B,Financials,Provider_A,USD,500.3,1789218616158.0,41375296496.0,425657579.0,2026-09-08 15:51:57
738,2026-08-04,Berkshire Hathaway,BRK.B,Financials,Provider_B,USD,500.75,1790851779654.0,41413063052.0,426046111.0,2026-09-08 12:46:18
7685,2026-08-04,Berkshire Hathaway,BRK.B,Financials,Provider_B,USD,500.75,1790851779654.0,41413063052.0,426046111.0,2026-09-08 12:46:18
739,2026-08-04,Berkshire Hathaway,BRK.B,Financials,Provider_C,USD,499.25,1785465979049.0,41288517568.0,424764822.0,2026-09-08 04:22:48
740,2026-08-04,Berkshire Hathaway,BRK.B,Financials,Provider_D,USD,499.77,1787321886162.0,41331435022.0,425206345.0,2026-09-08 22:19:16
757,2026-08-04,Boeing Co.,BA,Industrials,Provider_A,USD,588.53,721797951292.0,268611695790.0,146545410.0,2026-09-08 11:59:00
758,2026-08-04,Boeing Co.,BA,Industrials,Provider_B,USD,588.82,722148250997.0,268742057199.0,146616530.0,2026-09-08 08:34:22
759,2026-08-04,Boeing Co.,BA,Industrials,Provider_C,USD,589.27,722700832386.0,268947696220.0,146728720.0,2026-09-08 14:48:08
760,2026-08-04,Boeing Co.,BA,Industrials,Provider_D,USD,589.66,861166542244.8916,269124705721.0,146825290.0,2026-09-08 14:44:16
665,2026-08-04,Broadcom Inc.,AVGO,Technology,Provider_A,USD,664.08,1317182565406.0,297950274510.0,59411718.0,2026-09-08 10:23:50
666,2026-08-04,Broadcom Inc.,AVGO,Technology,Provider_B,USD,665.77,1320532487594.0,298708036010.0,59562816.0,2026-09-08 20:59:40
667,2026-08-04,Broadcom Inc.,AVGO,Technology,Provider_C,USD,666.13,1321249315222.0,298870184367.0,59595149.0,2026-09-08 14:34:59
668,2026-08-04,Broadcom Inc.,AVGO,Technology,Provider_D,USD,664.89,1318792105953.0,298314356955.0,59484316.0,2026-09-08 11:14:01
761,2026-08-04,Caterpillar Inc.,CAT,Industrials,Provider_A,USD,313.32,3382086127561.0,328137722968.0,841712994.0,2026-09-08 02:22:24
762,2026-08-04,Caterpillar Inc.,CAT,Industrials,Provider_B,USD,312.91,3377675957876.0,327709838230.0,840615417.0,2026-09-08 17:21:28
763,2026-08-04,Caterpillar Inc.,CAT,Industrials,Provider_C,USD,312.94,3377983492327.0,327739675925.0,840691955.0,2026-09-08 02:56:27
764,2026-08-04,Caterpillar Inc.,CAT,Industrials,Provider_D,USD,313.26,3381497180691.0,328080581997.0,841566420.0,2026-09-08 18:09:01
653,2026-08-04,Chevron Corp.,CVX,Energy,Provider_A,USD,200.56,3984436020154.0,395797656121.0,306745595.0,2026-09-08 03:12:19
654,2026-08-04,Chevron Corp.,CVX,Energy,Provider_B,USD,200.3,3979374142887.0,395294829837.0,306355901.0,2026-09-08 08:49:19
655,2026-08-04,Chevron Corp.,CVX,Energy,Provider_C,USD,200.61,3985462372700.0,395899609805.0,306824609.0,2026-09-08 08:17:05
656,2026-08-04,Chevron Corp.,CVX,Energy,Provider_D,USD,200.36,3980604932041.0,395417091422.0,306450655.0,2026-09-08 18:40:36
693,2026-08-04,Cisco Systems,CSCO,Technology,Provider_A,USD,72.67,885676498180.0,120001067044.0,214810427.0,2026-09-08 20:24:24
694,2026-08-04,Cisco Systems,CSCO,Technology,Provider_B,USD,72.6,884858462251.0,119890230655.0,214612022.0,2026-09-08 17:31:57
695,2026-08-04,Cisco Systems,CSCO,Technology,Provider_C,USD,72.59,884688841731.0,119867248626.0,214570882.0,2026-09-08 14:44:12
696,2026-08-04,Cisco Systems,CSCO,Technology,Provider_D,USD,72.42,882591606792.0,119583092468.0,214062223.0,2026-09-08 14:05:01
641,2026-08-04,Coca-Cola,KO,Consumer,Provider_A,USD,423.68,2810439151426.0,215366283861.0,631529213.0,2026-09-08 13:06:40
642,2026-08-04,Coca-Cola,KO,Consumer,Provider_B,USD,424.52,2815977814246.0,215790716188.0,632773797.0,2026-09-08 23:48:35
643,2026-08-04,Coca-Cola,KO,Consumer,Provider_C,USD,424.08,2813095853952.0,215569869180.0,632126197.0,2026-09-08 13:14:10
644,2026-08-04,Coca-Cola,KO,Consumer,Provider_D,USD,423.55,2809571121274.0,215299765991.0,631334160.0,2026-09-08 21:58:00
789,2026-08-04,Comcast,CMCSA,Communication,Provider_A,USD,639.38,440225048376.635,173721359446.0,86377120.0,2026-09-08 04:38:23
790,2026-08-04,Comcast,CMCSA,Communication,Provider_B,USD,638.51,366482429676.0,173483624307.0,86258914.0,2026-09-08 19:07:10
791,2026-08-04,Comcast,CMCSA,Communication,Provider_C,USD,639.9,367279553751.0,173860962925.0,86446533.0,2026-09-08 14:19:32
792,2026-08-04,Comcast,CMCSA,Communication,Provider_D,USD,639.67,367148509711.0,173798929951.0,86415689.0,2026-09-08 17:20:15
749,2026-08-04,ConocoPhillips,COP,Energy,Provider_A,USD,275.95,207387120872.0,447968787960.0,16227345.0,2026-09-08 02:00:25
750,2026-08-04,ConocoPhillips,COP,Energy,Provider_B,USD,276.18,207555378041.0,448332233673.0,16240511.0,2026-09-08 12:01:20
751,2026-08-04,ConocoPhillips,COP,Energy,Provider_C,USD,275.36,206940011400.0,,16192361.0,2026-09-08 11:46:52
752,2026-08-04,ConocoPhillips,COP,Energy,Provider_D,USD,274.7,206444047073.0,445931691226.0,16153553.0,2026-09-08 11:11:03
745,2026-08-04,Duke Energy,DUK,Utilities,Provider_A,USD,673.47,298626150178.0,390821691566.0,15414118.0,2026-09-08 09:48:04
746,2026-08-04,Duke Energy,DUK,Utilities,Provider_B,USD,672.28,298097229720.0,390129476273.0,15386817.0,2026-09-08 02:53:34
747,2026-08-04,Duke Energy,DUK,Utilities,Provider_C,USD,235.38899999999998,298211138521.0,390278552400.0,15392697.0,2026-09-08 01:21:46
748,2026-08-04,Duke Energy,DUK,Utilities,Provider_D,USD,671.94,297945292798.0,389930631513.0,15378974.0,2026-09-08 12:37:16
649,2026-08-04,Exxon Mobil,XOM,Energy,Provider_A,USD,45.4,1399198984984.0,95925177791.0,125368643.0,2026-09-08 00:39:47
650,2026-08-04,Exxon Mobil,XOM,Energy,Provider_B,USD,45.45,1400936883065.0,96044323233.0,125524359.0,2026-09-08 18:10:28
651,2026-08-04,Exxon Mobil,XOM,Energy,Provider_C,USD,45.53,1403365631231.0,96210831430.0,125741976.0,2026-09-08 04:43:37
652,2026-08-04,Exxon Mobil,XOM,Energy,Provider_D,USD,45.48,1401764532929.0,96101064598.0,125598517.0,2026-09-08 08:23:11
721,2026-08-04,Goldman Sachs,GS,Financials,Provider_A,USD,707.67,3762308815020.0,100285302347.0,614819415.0,2026-09-08 17:48:28
722,2026-08-04,Goldman Sachs,GS,Financials,Provider_B,USD,707.81,3763081798600.0,100305906421.0,614945733.0,2026-09-08 17:27:10
723,2026-08-04,Goldman Sachs,GS,Financials,Provider_C,USD,709.66,3772900469889.0,100567625612.0,616550255.0,2026-09-08 02:14:09
724,2026-08-04,Goldman Sachs,GS,Financials,Provider_D,USD,708.82,3768431850620.0,100448513424.0,615820014.0,2026-09-08 12:52:41
773,2026-08-04,Home Depot,HD,Consumer,Provider_A,USD,272.21,1339339329403.0,179923841953.0,96292008.0,2026-09-08 13:35:56
774,2026-08-04,Home Depot,HD,Consumer,Provider_B,USD,271.4,1335333206542.0,179385668392.0,96003987.0,2026-09-08 07:10:59
775,2026-08-04,Home Depot,HD,Consumer,Provider_C,USD,272.11,1338845639030.0,179857520695.0,96256514.0,2026-09-08 07:29:06
776,2026-08-04,Home Depot,HD,Consumer,Provider_D,USD,271.88,1337720252279.0,179706338763.0,96175604.0,2026-09-08 13:44:17
685,2026-08-04,Intel Corp.,INTC,Technology,Provider_A,USD,192.23,2204569563928.0,208263380009.0,335288502.0,2026-09-08 12:09:14
686,2026-08-04,Intel Corp.,INTC,Technology,Provider_B,USD,192.39,2206339831652.0,208430615349.0,335557739.0,2026-09-08 02:13:17
687,2026-08-04,Intel Corp.,INTC,Technology,Provider_C,USD,192.13,2203339448998.0,208147172339.0,335101417.0,2026-09-08 00:19:24
688,2026-08-04,Intel Corp.,INTC,Technology,Provider_D,USD,191.71,2198533849639.0,207693192395.0,334370543.0,2026-09-08 22:58:29
629,2026-08-04,JPMorgan Chase,JPM,Financials,Provider_A,USD,754.33,2164027914030.0,164923906099.0,494766773.0,2026-09-08 08:46:18
630,2026-08-04,JPMorgan Chase,JPM,Financials,Provider_B,USD,757.59,2173362883158.0,165635338499.0,496901049.0,2026-09-08 19:37:53
631,2026-08-04,JPMorgan Chase,JPM,Financials,Provider_C,USD,754.95,2165782631221.0,165057635803.0,495167958.0,2026-09-08 00:40:09
632,2026-08-04,JPMorgan Chase,JPM,Financials,Provider_D,EUR,758.92,2177187843956.0,165926844662.0,497775559.0,2026-09-08 07:09:15
645,2026-08-04,Johnson & Johnson,JNJ,Healthcare,Provider_A,USD,609.08,1393815115026.0,291786316159.0,282693100.0,2026-09-08 06:00:32
646,2026-08-04,Johnson & Johnson,JNJ,Healthcare,Provider_B,USD,611.8,1400053179794.0,293092215284.0,283958302.0,2026-09-08 17:22:18
647,2026-08-04,Johnson & Johnson,JNJ,Healthcare,Provider_C,USD,610.74,1397625758441.0,292584050085.0,283465973.0,2026-09-08 00:03:41
648,2026-08-04,Johnson & Johnson,JNJ,Healthcare,Provider_D,USD,611.06,1398357406188.0,292737215881.0,283614366.0,2026-09-08 06:50:27
753,2026-08-04,Lockheed Martin,LMT,Industrials,Provider_A,USD,478.51,3911646564570.0,140949417574.0,840713377.0,2026-09-08 21:36:45
754,2026-08-04,Lockheed Martin,LMT,Industrials,Provider_B,USD,479.0,3915698221002.0,141095412005.0,841584182.0,2026-09-08 12:51:09
755,2026-08-04,Lockheed Martin,LMT,Industrials,Provider_C,USD,478.31,3910002108950.0,140890162460.0,840359942.0,2026-09-08 11:25:21
756,2026-08-04,Lockheed Martin,LMT,Industrials,Provider_D,USD,476.55,3895627883484.0,140372212110.0,837270551.0,2026-09-08 06:10:05
777,2026-08-04,Lowe's,LOW,Consumer,Provider_A,USD,384.08,1023269486491.0,329373812330.0,86538927.0,2026-09-08 08:57:06
778,2026-08-04,Lowe's,LOW,Consumer,Provider_B,USD,383.42,1021491839102.0,328801616535.0,86388590.0,2026-09-08 06:07:04
779,2026-08-04,Lowe's,LOW,Consumer,Provider_C,USD,384.01,1023063075382.0,329307371950.0,86521471.0,2026-09-08 18:14:59
780,2026-08-04,Lowe's,LOW,Consumer,Provider_D,USD,384.25,1023713682856.0,329516791919.0,86576494.0,2026-09-08 01:18:10
661,2026-08-04,Mastercard Inc.,MA,Financials,Provider_A,USD,607.13,2001022513719.0,421019839204.0,361794326.0,2026-09-08 22:32:03
662,2026-08-04,Mastercard Inc.,MA,Financials,Provider_B,USD,606.21,1997982871973.0,420380291438.0,361244744.0,2026-09-08 15:51:57
663,2026-08-04,Mastercard Inc.,MA,Financials,Provider_C,USD,606.42,1998699273966.0,420531024101.0,361374273.0,2026-09-08 13:52:38
664,2026-08-04,Mastercard Inc.,MA,Financials,Provider_D,USD,606.05,1997456580584.0,420269558493.0,361149588.0,2026-09-08 08:38:04
701,2026-08-04,McDonald's,MCD,Consumer,Provider_A,USD,673.3,1229630421278.0,444207386656.0,80269738.0,2026-09-08 18:18:31
702,2026-08-04,McDonald's,MCD,Consumer,Provider_B,USD,671.33,1226030867003.0,442907037730.0,80034761.0,2026-09-08 13:24:42
703,2026-08-04,McDonald's,MCD,Consumer,Provider_C,USD,671.33,1226022456491.0,442903999410.0,80034212.0,2026-09-08 04:02:59
704,2026-08-04,McDonald's,MCD,Consumer,Provider_D,USD,672.7,1228533496707.0,443811119625.0,80198132.0,2026-09-08 03:15:26
713,2026-08-04,Merck & Co.,MRK,Healthcare,Provider_A,USD,162.19,1990694806242.0,58294199916.0,340008550.0,2026-09-08 19:49:30
714,2026-08-04,Merck & Co.,MRK,Healthcare,Provider_B,USD,162.86,1998992789730.0,58537192617.0,341425837.0,2026-09-08 20:45:02
715,2026-08-04,Merck & Co.,MRK,Healthcare,Provider_C,USD,162.44,1993760298032.0,58383967765.0,340532133.0,2026-09-08 15:18:05
716,2026-08-04,Merck & Co.,MRK,Healthcare,Provider_D,USD,162.79,1998170528783.0,58513114067.0,341285395.0,2026-09-08 05:34:59
621,2026-08-04,Meta Platforms,META,Communication,Provider_A,USD,329.03,1727671901319.0,293161313595.0,384867095.0,2026-09-08 17:16:35
622,2026-08-04,Meta Platforms,META,Communication,Provider_B,USD,328.98,1727406799288.0,293116329557.0,384808040.0,2026-09-08 21:15:34
623,2026-08-04,Meta Platforms,META,Communication,Provider_C,USD,328.89,1726932903410.0,293035916176.0,384702472.0,2026-09-08 03:04:25
624,2026-08-04,Meta Platforms,META,Communication,Provider_D,USD,329.06,1727796219698.0,293182408653.0,384894789.0,2026-09-08 14:48:29
605,2026-08-04,Microsoft Corp.,MSFT,Technology,Provider_A,USD,231.26,3040701870776.0,64873253565.0,682270049.0,2026-09-08 15:30:23
606,2026-08-04,Microsoft Corp.,MSFT,Technology,Provider_B,USD,231.95,3049773412641.0,65066794550.0,684305513.0,2026-09-08 13:26:33
607,2026-08-04,Microsoft Corp.,MSFT,Technology,Provider_C,USD,232.21,3053115804053.0,65138104338.0,685055476.0,2026-09-08 13:08:21
608,2026-08-04,Microsoft Corp.,MSFT,Technology,Provider_D,USD,231.33,3041520215581.0,64890712919.0,682453668.0,2026-09-08 02:34:58
725,2026-08-04,Morgan Stanley,MS,Financials,Provider_A,USD,69.29,,230209594440.0,250763532.0,2026-09-08 11:03:38
726,2026-08-04,Morgan Stanley,MS,Financials,Provider_B,USD,69.34,1928768814746.0,230396680080.0,250967321.0,2026-09-08 15:30:05
727,2026-08-04,Morgan Stanley,MS,Financials,Provider_C,USD,69.43,1931193641119.0,230686332184.0,251282834.0,2026-09-08 02:25:34
728,2026-08-04,Morgan Stanley,MS,Financials,Provider_D,USD,69.32,1928226181486.0,230331861061.0,250896715.0,2026-09-08 23:38:11
609,2026-08-04,NVIDIA Corp.,NVDA,Technology,Provider_A,USD,206.46,210503153782.0,256224501874.0,38522314.0,2026-09-08 12:22:08
610,2026-08-04,NVIDIA Corp.,NVDA,Technology,Provider_B,USD,206.91,210964281350.0,256785786487.0,38606701.0,2026-09-08 11:01:14
611,2026-08-04,NVIDIA Corp.,NVDA,Technology,Provider_C,USD,207.23,211293106721.0,257186032828.0,38666876.0,2026-09-08 15:35:30
612,2026-08-04,NVIDIA Corp.,NVDA,Technology,Provider_D,USD,206.72,210772590832.0,256552460731.0,38571621.0,2026-09-08 18:02:25
673,2026-08-04,Netflix Inc.,NFLX,Communication,Provider_A,USD,263.55,1712941167827.0,,426137278.0,2026-09-08 08:22:33
674,2026-08-04,Netflix Inc.,NFLX,Communication,Provider_B,GBP,263.64,1713554453087.0,140301020671.0,426289848.0,2026-09-08 14:49:59
675,2026-08-04,Netflix Inc.,NFLX,Communication,Provider_C,USD,263.66,1713672935469.0,140310721675.0,426319324.0,2026-09-08 12:27:24
676,2026-08-04,Netflix Inc.,NFLX,Communication,Provider_D,USD,658.625,1712315743101.0,140199598580.0,425981688.0,2026-09-08 17:49:57
741,2026-08-04,NextEra Energy,NEE,Utilities,Provider_A,USD,47.98,2638905685130.0,414797442114.0,419850769.0,2026-09-08 23:41:54
742,2026-08-04,NextEra Energy,NEE,Utilities,Provider_B,USD,48.08,2644375993611.0,415657294733.0,420721097.0,2026-09-08 10:53:05
743,2026-08-04,NextEra Energy,NEE,Utilities,Provider_C,USD,48.0,2639678467099.0,414918912156.0,419973719.0,2026-09-08 03:57:09
744,2026-08-04,NextEra Energy,NEE,Utilities,Provider_D,USD,48.1,2645222818909.0,415790403305.0,420855827.0,2026-09-08 23:15:59
705,2026-08-04,Nike Inc.,NKE,Consumer,Provider_A,USD,409.85,1107104224822.0,359187997764.0,148161755.0,2026-09-08 10:33:35
706,2026-08-04,Nike Inc.,NKE,Consumer,Provider_B,USD,409.18,1429288843559.3225,358604628034.0,147921121.0,2026-09-08 16:29:57
707,2026-08-04,Nike Inc.,NKE,Consumer,Provider_C,USD,411.05,1110355924618.0,360242976611.0,148596924.0,2026-09-08 18:40:15
708,2026-08-04,Nike Inc.,NKE,Consumer,Provider_D,USD,410.82,1584757939900.1152,360040867306.0,148513556.0,2026-09-08 07:14:24
669,2026-08-04,Oracle Corp.,ORCL,Technology,Provider_A,USD,528.61,1534587942371.0,368518030250.0,275865021.0,2026-09-08 15:53:15
670,2026-08-04,Oracle Corp.,ORCL,Technology,Provider_B,USD,528.01,1532835020570.0,368097081231.0,275549908.0,2026-09-08 13:03:05
671,2026-08-04,Oracle Corp.,ORCL,Technology,Provider_C,INR,528.26,1533579224223.0,368275795306.0,275683689.0,2026-09-08 08:30:58
672,2026-08-04,Oracle Corp.,ORCL,Technology,Provider_D,USD,528.04,1532925708248.0,368118859093.0,275566210.0,2026-09-08 07:10:32
697,2026-08-04,PepsiCo,PEP,Consumer,Provider_A,USD,246.86,3335443184341.0,409070623716.0,428404415.0,2026-09-08 11:57:31
698,2026-08-04,PepsiCo,PEP,Consumer,Provider_B,USD,246.78,3334353113835.0,408936933589.0,428264407.0,2026-09-08 14:53:25
699,2026-08-04,PepsiCo,PEP,Consumer,Provider_C,USD,247.07,3338341608260.0,409426096741.0,428776689.0,2026-09-08 18:42:03
700,2026-08-04,PepsiCo,PEP,Consumer,Provider_D,USD,246.78,3334397635449.0,408942393878.0,428270125.0,2026-09-08 13:46:55
709,2026-08-04,Pfizer Inc.,PFE,Healthcare,Provider_A,USD,219.19,3730598517167.0,199747718340.0,684298960.0,2026-09-08 21:50:43
710,2026-08-04,Pfizer Inc.,PFE,Healthcare,Provider_B,USD,221.44,3733137327231.0,199883654039.0,684764651.0,2026-09-08 04:03:22
711,2026-08-04,Pfizer Inc.,PFE,Healthcare,Provider_C,USD,219.65,3738446276715.0,200167911523.0,685738465.0,2026-09-08 18:34:18
712,2026-08-04,Pfizer Inc.,PFE,Healthcare,Provider_D,USD,219.61,3737663546397.0,200126001734.0,685594890.0,2026-09-08 05:05:26
657,2026-08-04,Procter & Gamble,PG,Consumer,Provider_A,USD,704.96,3141145079107.0,65604224868.0,357296112.0,2026-09-08 04:20:45
658,2026-08-04,Procter & Gamble,PG,Consumer,Provider_B,USD,703.39,3134147146758.0,65458069910.0,356500117.0,2026-09-08 01:19:55
659,2026-08-04,Procter & Gamble,PG,Consumer,Provider_C,USD,703.3,3133771374761.0,65450221743.0,356457374.0,2026-09-08 16:30:38
660,2026-08-04,Procter & Gamble,PG,Consumer,Provider_D,USD,702.93,3132105320701.0,65415425457.0,356267866.0,2026-09-08 03:25:07
793,2026-08-04,Qualcomm,QCOM,Technology,Provider_A,USD,465.11,2441117649732.0,60188393784.0,257056731.0,2026-09-08 01:16:30
7673,2026-08-04,Qualcomm,QCOM,Technology,Provider_A,USD,465.11,2441117649732.0,60188393784.0,257056731.0,2026-09-08 01:16:30
794,2026-08-04,Qualcomm,QCOM,Technology,Provider_B,USD,466.27,2447198303690.0,60338318879.0,257697042.0,2026-09-08 19:27:38
795,2026-08-04,Qualcomm,QCOM,Technology,Provider_C,USD,467.16,2451872822686.0,60453574197.0,258189282.0,2026-09-08 14:14:19
796,2026-08-04,Qualcomm,QCOM,Technology,Provider_D,USD,466.1,2839472898205.8643,60316412300.0,257603482.0,2026-09-08 13:40:48
681,2026-08-04,Salesforce Inc.,CRM,Technology,Provider_A,USD,558.38,3265785903770.0,55550612372.0,339446799.0,2026-09-08 08:37:49
682,2026-08-04,Salesforce Inc.,CRM,Technology,Provider_B,USD,557.62,3261343518947.0,55475047958.0,338985056.0,2026-09-08 05:54:01
683,2026-08-04,Salesforce Inc.,CRM,Technology,Provider_C,USD,559.19,3270478036961.0,55630424974.0,339934501.0,2026-09-08 20:59:46
684,2026-08-04,Salesforce Inc.,CRM,Technology,Provider_D,USD,558.69,3267600668877.0,55581481301.0,339635426.0,2026-09-08 19:24:37
625,2026-08-04,Tesla Inc.,TSLA,Automotive,Provider_A,USD,436.96,3216925107594.0,185086270907.0,229661146.0,2026-09-08 19:39:17
626,2026-08-04,Tesla Inc.,TSLA,Automotive,Provider_B,USD,436.92,3216582302226.0,185066547549.0,229636672.0,2026-09-08 20:43:24
627,2026-08-04,Tesla Inc.,TSLA,Automotive,Provider_C,USD,438.3,3226755010017.0,185651835825.0,230362917.0,2026-09-08 03:24:29
628,2026-08-04,Tesla Inc.,TSLA,Automotive,Provider_D,USD,437.44,3220446952618.0,185288900791.0,229912575.0,2026-09-08 03:47:38
797,2026-08-04,Texas Instruments,TXN,Technology,Provider_A,USD,151.74,3668837641901.0,311932697221.0,850575036.0,2026-09-08 08:03:04
798,2026-08-04,Texas Instruments,TXN,Technology,Provider_B,USD,151.75,3668930537366.0,311940595399.0,850596573.0,2026-09-08 09:40:32
799,2026-08-04,Texas Instruments,TXN,Technology,Provider_C,USD,151.74,3668736887395.0,311924130850.0,850551677.0,2026-09-08 02:29:49
800,2026-08-04,Texas Instruments,TXN,Technology,Provider_D,USD,379.57500000000005,3670858964839.0,312104554571.0,851043655.0,2026-09-08 17:18:28
769,2026-08-04,UPS,UPS,Industrials,Provider_A,USD,129.52,2103451565191.0,95947256390.0,108211974.0,2026-09-08 02:59:36
770,2026-08-04,UPS,UPS,Industrials,Provider_B,USD,129.92,2109811646370.0,96237366393.0,108539168.0,2026-09-08 19:42:13
771,2026-08-04,UPS,UPS,Industrials,Provider_C,USD,129.57,2104161374172.0,95979633757.0,108248490.0,2026-09-08 09:44:39
772,2026-08-04,UPS,UPS,Industrials,Provider_D,USD,129.58,2104335982565.0,95987598379.0,108257473.0,2026-09-08 21:50:50
765,2026-08-04,Union Pacific,UNP,Industrials,Provider_A,USD,124.67,3551059865585.0,379163148245.0,630605490.0,2026-09-08 02:14:30
766,2026-08-04,Union Pacific,UNP,Industrials,Provider_B,USD,124.62,3549472168190.0,378993622423.0,630323543.0,2026-09-08 08:05:41
767,2026-08-04,Union Pacific,UNP,Industrials,Provider_C,USD,124.18,3537083258404.0,377670801007.0,628123492.0,2026-09-08 13:42:42
768,2026-08-04,Union Pacific,UNP,Industrials,Provider_D,USD,124.62,3549461471054.0,378992480240.0,630321644.0,2026-09-08 12:06:33
785,2026-08-04,Verizon,VZ,Communication,Provider_A,USD,618.94,3876795987069.0,30232270833.0,479995242.0,2026-09-08 13:48:57
786,2026-08-04,Verizon,VZ,Communication,Provider_B,USD,621.09,3890279425066.0,30337418216.0,481664659.0,2026-09-08 04:48:48
787,2026-08-04,Verizon,VZ,Communication,Provider_C,USD,618.06,3871324049179.0,30189599228.0,479317749.0,2026-09-08 16:44:37
788,2026-08-04,Verizon,VZ,Communication,Provider_D,USD,620.91,3889145183957.0,30328573106.0,481524226.0,2026-09-08 02:15:42
633,2026-08-04,Visa Inc.,V,Financials,Provider_A,USD,124.14,1087879092798.0,76146765370.0,268018008.0,2026-09-08 21:01:13
634,2026-08-04,Visa Inc.,V,Financials,Provider_B,USD,124.06,1087174421454.0,76097441466.0,267844400.0,2026-09-08 00:43:05
635,2026-08-04,Visa Inc.,V,Financials,Provider_C,USD,124.18,1088255575789.0,76173117528.0,268110761.0,2026-09-08 11:25:34
636,2026-08-04,Visa Inc.,V,Financials,Provider_D,USD,124.17,1088093371564.0,76161763944.0,268070799.0,2026-09-08 04:13:17
637,2026-08-04,Walmart Inc.,WMT,Consumer,Provider_A,USD,717.0,1299814269688.0,45527663965.0,267434293.0,2026-09-08 18:42:45
638,2026-08-04,Walmart Inc.,WMT,Consumer,Provider_B,USD,722.24,1299577535415.0,45519372043.0,267385585.0,2026-09-08 05:50:47
639,2026-08-04,Walmart Inc.,WMT,Consumer,Provider_C,USD,723.04,1301012450518.0,45569631787.0,267680816.0,2026-09-08 02:14:19
640,2026-08-04,Walmart Inc.,WMT,Consumer,Provider_D,USD,723.85,1302459923370.0,45620331383.0,267978631.0,2026-09-08 14:06:25
733,2026-08-04,Wells Fargo,WFC,Financials,Provider_A,USD,636.04,628991194358.0,11673206074.0,88217769.0,2026-09-08 17:56:03
734,2026-08-04,Wells Fargo,WFC,Financials,Provider_B,USD,637.51,630438562692.0,11700067228.0,88420766.0,2026-09-08 16:42:50
735,2026-08-04,Wells Fargo,WFC,Financials,Provider_C,USD,634.41,627373648962.0,11643186670.0,87990904.0,2026-09-08 00:08:22
736,2026-08-04,Wells Fargo,WFC,Financials,Provider_D,USD,635.81,628759397053.0,11668904237.0,88185259.0,2026-09-08 19:02:42
889,2026-08-05,AMD,AMD,Technology,Provider_A,USD,106.37,1467223224320.0,402579968505.0,262775360.0,2026-09-08 22:44:45
890,2026-08-05,AMD,AMD,Technology,Provider_B,USD,106.64,1470992699442.0,403614245465.0,263450462.0,2026-09-08 05:16:04
891,2026-08-05,AMD,AMD,Technology,Provider_C,USD,106.9,-1474470123011.0,404568388671.0,264073258.0,2026-09-08 20:13:44
892,2026-08-05,AMD,AMD,Technology,Provider_D,USD,106.83,1473631653867.0,404338327644.0,263923091.0,2026-09-08 10:02:01
981,2026-08-05,AT&T,T,Communication,Provider_A,USD,285.65,921716280551.0,383096493970.0,124778577.0,2026-09-08 12:09:29
982,2026-08-05,AT&T,T,Communication,Provider_B,USD,285.73,921979665227.0,383205965560.0,124814233.0,2026-09-08 04:25:24
983,2026-08-05,AT&T,T,Communication,Provider_C,USD,285.69,921832406230.0,383144759734.0,124794298.0,2026-09-08 18:38:45
984,2026-08-05,AT&T,T,Communication,Provider_D,INR,285.6,921542023943.0,383024067024.0,124754987.0,2026-09-08 01:46:03
917,2026-08-05,AbbVie Inc.,ABBV,Healthcare,Provider_A,USD,624.83,3913508626675.0,380237478369.0,674532447.0,2026-09-08 22:16:06
918,2026-08-05,AbbVie Inc.,ABBV,Healthcare,Provider_B,USD,624.91,3913989166900.0,380284167778.0,674615273.0,2026-09-08 01:24:28
919,2026-08-05,AbbVie Inc.,ABBV,Healthcare,Provider_C,USD,624.76,3913089076730.0,380196714791.0,674460134.0,2026-09-08 03:23:38
920,2026-08-05,AbbVie Inc.,ABBV,Healthcare,Provider_D,USD,624.56,3911802360581.0,-380071697128.0,674238355.0,2026-09-08 11:00:19
877,2026-08-05,Adobe Inc.,ADBE,Technology,Provider_A,USD,35.53,2379580535675.0,437392771823.0,481269350.0,2026-09-08 05:28:41
878,2026-08-05,Adobe Inc.,ADBE,Technology,Provider_B,USD,35.44,2373135290258.0,436208065646.0,479965802.0,2026-09-08 01:30:54
879,2026-08-05,Adobe Inc.,ADBE,Technology,Provider_C,USD,35.52,2378290802647.0,437155704871.0,481008502.0,2026-09-08 08:24:10
880,2026-08-05,Adobe Inc.,ADBE,Technology,Provider_D,USD,35.53,2379535439529.0,437384482661.0,481260230.0,2026-09-08 17:00:56
817,2026-08-05,Alphabet Inc.,GOOGL,Communication,Provider_A,USD,473.25,2363417828446.0,322292150417.0,346357714.0,2026-09-08 00:12:59
818,2026-08-05,Alphabet Inc.,GOOGL,Communication,Provider_B,USD,473.6,2365153292774.0,322528810445.0,346612046.0,2026-09-08 00:50:04
819,2026-08-05,Alphabet Inc.,GOOGL,Communication,Provider_C,USD,472.43,2359282687487.0,321728253735.0,345751712.0,2026-09-08 05:51:37
820,2026-08-05,Alphabet Inc.,GOOGL,Communication,Provider_D,USD,471.71,2355714608315.0,321241685555.0,345228811.0,2026-09-08 12:57:06
813,2026-08-05,Amazon.com Inc.,AMZN,Consumer,Provider_A,USD,70.59,1663427448400.0,127451098346.0,161383523.0,2026-09-08 19:55:29
814,2026-08-05,Amazon.com Inc.,AMZN,Consumer,Provider_B,USD,70.64,1664578385321.0,127539282640.0,161495186.0,2026-09-08 20:11:01
815,2026-08-05,Amazon.com Inc.,AMZN,Consumer,Provider_C,USD,70.7,1666042588911.0,127651469291.0,161637241.0,2026-09-08 00:36:18
816,2026-08-05,Amazon.com Inc.,AMZN,Consumer,Provider_D,USD,70.4,1658805805838.0,127096990073.0,160935138.0,2026-09-08 02:48:55
801,2026-08-05,Apple Inc.,AAPL,Technology,Provider_A,USD,709.32,1871496864494.0,50286529332.0,226072065.0,2026-09-08 01:08:58
802,2026-08-05,Apple Inc.,AAPL,Technology,Provider_B,USD,705.71,1861971805289.0,50030594001.0,224921462.0,2026-09-08 02:39:14
803,2026-08-05,Apple Inc.,AAPL,Technology,Provider_C,USD,706.75,1864729427268.0,50104690433.0,225254576.0,2026-09-08 11:45:24
804,2026-08-05,Apple Inc.,AAPL,Technology,Provider_D,USD,707.06,1865541289651.0,50126504918.0,225352647.0,2026-09-08 08:56:30
929,2026-08-05,Bank of America,BAC,Financials,Provider_A,USD,61.82,358362113873.0,173365691435.0,59421595.0,2026-09-08 14:38:05
930,2026-08-05,Bank of America,BAC,Financials,Provider_B,USD,61.81,358317983588.0,173344342423.0,59414278.0,2026-09-08 06:33:59
931,2026-08-05,Bank of America,BAC,Financials,Provider_C,USD,61.88,358690839720.0,173524719919.0,59476102.0,2026-09-08 23:14:56
932,2026-08-05,Bank of America,BAC,Financials,Provider_D,USD,61.71,357723884433.0,173056933662.0,59315767.0,2026-09-08 15:34:33
937,2026-08-05,Berkshire Hathaway,BRK.B,Financials,Provider_A,USD,498.67,1787788935816.0,41355546253.0,90368845.0,2026-09-08 06:44:20
938,2026-08-05,Berkshire Hathaway,BRK.B,Financials,Provider_B,USD,498.21,1786151066831.0,41317658690.0,90286055.0,2026-09-08 01:55:24
939,2026-08-05,Berkshire Hathaway,BRK.B,Financials,Provider_C,USD,496.61,1780423850889.0,41185175409.0,89996556.0,2026-09-08 20:44:08
940,2026-08-05,Berkshire Hathaway,BRK.B,Financials,Provider_D,USD,498.97,1788873151952.0,41380626591.0,90423650.0,2026-09-08 17:24:14
957,2026-08-05,Boeing Co.,BA,Industrials,Provider_A,USD,590.06,721644890147.0,268755428453.0,179133412.0,2026-09-08 17:34:56
958,2026-08-05,Boeing Co.,BA,Industrials,Provider_B,USD,589.61,721082348621.0,268545926396.0,178993773.0,2026-09-08 20:30:07
959,2026-08-05,Boeing Co.,BA,Industrials,Provider_C,USD,590.71,722435055330.0,269049702250.0,179329555.0,2026-09-08 11:22:08
960,2026-08-05,Boeing Co.,BA,Industrials,Provider_D,USD,589.9,721439151718.0,268678807222.0,179082342.0,2026-09-08 15:00:16
865,2026-08-05,Broadcom Inc.,AVGO,Technology,Provider_A,USD,664.08,1322817900057.0,298890055626.0,262822869.0,2026-09-08 10:00:13
866,2026-08-05,Broadcom Inc.,AVGO,Technology,Provider_B,USD,667.76,1325125527807.0,299411462984.0,263281357.0,2026-09-08 16:25:11
867,2026-08-05,Broadcom Inc.,AVGO,Technology,Provider_C,USD,666.63,1322876953235.0,298903398663.0,262834601.0,2026-09-08 08:08:55
868,2026-08-05,Broadcom Inc.,AVGO,Technology,Provider_D,USD,664.61,1318867854801.0,297997544838.0,262038057.0,2026-09-08 05:10:06
961,2026-08-05,Caterpillar Inc.,CAT,Industrials,Provider_A,USD,318.64,3379638354808.0,328025270721.0,556498253.0,2026-09-08 05:22:43
962,2026-08-05,Caterpillar Inc.,CAT,Industrials,Provider_B,USD,319.24,3385918445424.0,328634811805.0,557532346.0,2026-09-08 00:58:18
963,2026-08-05,Caterpillar Inc.,CAT,Industrials,Provider_C,USD,319.14,3384882241734.0,328534238619.0,557361722.0,2026-09-08 03:30:05
964,2026-08-05,Caterpillar Inc.,CAT,Industrials,Provider_D,USD,318.71,3380331136909.0,328092511654.0,556612328.0,2026-09-08 22:45:22
853,2026-08-05,Chevron Corp.,CVX,Energy,Provider_A,USD,201.11,3984781158079.0,396333885992.0,384228213.0,2026-09-08 13:55:32
854,2026-08-05,Chevron Corp.,CVX,Energy,Provider_B,USD,,3975569622268.0,395417689183.0,383340000.0,2026-09-08 02:46:10
855,2026-08-05,Chevron Corp.,CVX,Energy,Provider_C,USD,200.68,3976266114744.0,395486963644.0,383407159.0,2026-09-08 19:18:29
856,2026-08-05,Chevron Corp.,CVX,Energy,Provider_D,USD,200.37,3970199235467.0,394883540333.0,382822167.0,2026-09-08 17:15:07
893,2026-08-05,Cisco Systems,CSCO,Technology,Provider_A,USD,71.71,883633501526.0,119966065509.0,140353805.0,2026-09-08 00:54:53
894,2026-08-05,Cisco Systems,CSCO,Technology,Provider_B,USD,71.73,883857098433.0,119996422033.0,140389320.0,2026-09-08 22:51:18
895,2026-08-05,Cisco Systems,CSCO,Technology,Provider_C,USD,71.45,880446716799.0,119533413256.0,139847625.0,2026-09-08 03:35:27
896,2026-08-05,Cisco Systems,CSCO,Technology,Provider_D,INR,71.82,884971497450.0,120147717864.0,140566328.0,2026-09-08 18:49:59
841,2026-08-05,Coca-Cola,KO,Consumer,Provider_A,USD,431.57,2815033237046.0,215294440400.0,133663895.0,2026-09-08 21:15:18
842,2026-08-05,Coca-Cola,KO,Consumer,Provider_B,USD,432.19,2819056773282.0,215602161450.0,133854941.0,2026-09-08 23:42:46
843,2026-08-05,Coca-Cola,KO,Consumer,Provider_C,USD,431.45,2814227149498.0,215232790624.0,133625620.0,2026-09-08 05:20:22
844,2026-08-05,Coca-Cola,KO,Consumer,Provider_D,USD,430.49,2807995132538.0,214756164421.0,133329710.0,2026-09-08 15:46:23
989,2026-08-05,Comcast,CMCSA,Communication,Provider_A,USD,631.05,366847390341.0,173595513702.0,30863323.0,2026-09-08 14:55:14
990,2026-08-05,Comcast,CMCSA,Communication,Provider_B,USD,633.77,368430796475.0,,30996536.0,2026-09-08 22:48:34
991,2026-08-05,Comcast,CMCSA,Communication,Provider_C,USD,633.77,368428525910.0,174343721400.0,30996345.0,2026-09-08 10:44:01
992,2026-08-05,Comcast,CMCSA,Communication,Provider_D,USD,631.8,367286010202.0,173803072600.0,30900224.0,2026-09-08 19:56:56
949,2026-08-05,ConocoPhillips,COP,Energy,Provider_A,USD,281.85,206924744019.0,447438232067.0,32732382.0,2026-09-08 04:21:43
950,2026-08-05,ConocoPhillips,COP,Energy,Provider_B,USD,282.02,207048048222.0,447704855641.0,32751887.0,2026-09-08 19:40:06
951,2026-08-05,ConocoPhillips,COP,Energy,Provider_C,USD,281.42,206612833599.0,446763780844.0,32683043.0,INVALID_TIMESTAMP
952,2026-08-05,ConocoPhillips,COP,Energy,Provider_D,USD,281.34,206549331631.0,446626469047.0,32672998.0,2026-09-08 00:55:56
945,2026-08-05,Duke Energy,DUK,Utilities,Provider_A,USD,668.82,356493009774.5029,389950065609.0,31950183.0,2026-09-08 13:19:26
946,2026-08-05,Duke Energy,DUK,Utilities,Provider_B,USD,669.3,298675289395.0,390231339091.0,31973228.0,2026-09-08 03:04:31
947,2026-08-05,Duke Energy,DUK,Utilities,Provider_C,USD,669.57,298792704998.0,390384747323.0,31985798.0,2026-09-08 09:14:49
948,2026-08-05,Duke Energy,DUK,Utilities,Provider_D,USD,670.44,299182568894.0,390894120263.0,32027533.0,2026-09-08 00:00:42
849,2026-08-05,Exxon Mobil,XOM,Energy,Provider_A,USD,46.46,1405148016366.0,96326443275.0,329495088.0,2026-09-08 12:23:53
850,2026-08-05,Exxon Mobil,XOM,Energy,Provider_B,USD,46.37,1402547459917.0,96148168566.0,328885280.0,2026-09-08 22:12:32
851,2026-08-05,Exxon Mobil,XOM,Energy,Provider_C,USD,46.38,1402764666924.0,96163058655.0,328936213.0,2026-09-08 20:09:23
852,2026-08-05,Exxon Mobil,XOM,Energy,Provider_D,USD,46.4,1403420566545.0,96208022229.0,329090016.0,2026-09-08 00:12:13
921,2026-08-05,Goldman Sachs,GS,Financials,Provider_A,USD,710.6,3771340986803.0,100266632531.0,159762766.0,2026-09-08 04:08:56
922,2026-08-05,Goldman Sachs,GS,Financials,Provider_B,USD,710.77,3772261180959.0,100291097243.0,159801748.0,2026-09-08 05:37:52
923,2026-08-05,Goldman Sachs,GS,Financials,Provider_C,USD,710.9,3772925487689.0,100308758812.0,159829889.0,2026-09-08 04:50:54
924,2026-08-05,Goldman Sachs,GS,Financials,Provider_D,USD,709.9,3767620308605.0,100167712843.0,159605150.0,2026-09-08 22:18:30
973,2026-08-05,Home Depot,HD,Consumer,Provider_A,USD,270.95,1334376561787.0,179513864166.0,119893241.0,2026-09-08 14:47:05
974,2026-08-05,Home Depot,HD,Consumer,Provider_B,USD,271.22,1335735191531.0,179696640814.0,120015313.0,2026-09-08 13:42:25
975,2026-08-05,Home Depot,HD,Consumer,Provider_C,USD,271.3,1336117169123.0,179748028313.0,120049634.0,2026-09-08 05:55:35
976,2026-08-05,Home Depot,HD,Consumer,Provider_D,USD,271.62,1337712857670.0,179962696514.0,120193006.0,2026-09-08 21:19:42
885,2026-08-05,Intel Corp.,INTC,Technology,Provider_A,USD,187.08,2202636081443.0,207968983560.0,305481475.0,2026-09-08 01:00:45
886,2026-08-05,Intel Corp.,INTC,Technology,Provider_B,USD,187.21,2204122427183.0,208109321683.0,305687615.0,2026-09-08 08:40:26
887,2026-08-05,Intel Corp.,INTC,Technology,Provider_C,USD,187.29,2205102819850.0,208201888616.0,305823585.0,2026-09-08 06:25:49
888,2026-08-05,Intel Corp.,INTC,Technology,Provider_D,USD,93.735,2207189098349.0,208398871323.0,306112929.0,2026-09-08 02:25:43
829,2026-08-05,JPMorgan Chase,JPM,Financials,Provider_A,USD,752.16,2170915842689.0,165465807697.0,319075196.0,2026-09-08 14:03:08
830,2026-08-05,JPMorgan Chase,JPM,Financials,Provider_B,USD,750.96,2167447678621.0,165201466465.0,318565455.0,2026-09-08 19:24:48
7637,2026-08-05,JPMorgan Chase,JPM,Financials,Provider_B,USD,750.96,2167447678621.0,165201466465.0,318565455.0,2026-09-08 19:24:48
831,2026-08-05,JPMorgan Chase,JPM,Financials,Provider_C,USD,376.12,2171146059296.0,165483354659.0,319109033.0,2026-09-08 00:05:50
832,2026-08-05,JPMorgan Chase,JPM,Financials,Provider_D,USD,751.05,2167720025634.0,165222224579.0,318605484.0,2026-09-08 00:15:56
845,2026-08-05,Johnson & Johnson,JNJ,Healthcare,Provider_A,USD,604.66,1401363955228.0,293061491586.0,186776865.0,2026-09-08 05:10:24
846,2026-08-05,Johnson & Johnson,JNJ,Healthcare,Provider_B,USD,603.96,1399724080267.0,292718551266.0,186558298.0,2026-09-08 07:57:00
847,2026-08-05,Johnson & Johnson,JNJ,Healthcare,Provider_C,USD,604.71,-1401475304281.0,293084777556.0,186791705.0,2026-09-08 04:10:46
848,2026-08-05,Johnson & Johnson,JNJ,Healthcare,Provider_D,USD,604.35,1400625400949.0,292907040761.0,186678428.0,2026-09-08 23:43:29
953,2026-08-05,Lockheed Martin,LMT,Industrials,Provider_A,USD,472.09,3913064363168.0,141065367107.0,665907687.0,2026-09-08 17:22:06
954,2026-08-05,Lockheed Martin,LMT,Industrials,Provider_B,USD,471.29,3906493007524.0,140828470749.0,664789403.0,2026-09-08 07:56:01
955,2026-08-05,Lockheed Martin,LMT,Industrials,Provider_C,EUR,472.01,3912399067134.0,141041383287.0,665794470.0,2026-09-08 14:02:48
956,2026-08-05,Lockheed Martin,LMT,Industrials,Provider_D,USD,471.05,3904460848163.0,140755211717.0,664443580.0,2026-09-08 10:52:46
977,2026-08-05,Lowe's,LOW,Consumer,Provider_A,USD,381.76,1026694905000.0,329841837943.0,174477856.0,2026-09-08 21:06:25
978,2026-08-05,Lowe's,LOW,Consumer,Provider_B,USD,381.94,1423687473742.0142,329995690418.0,174559240.0,2026-09-08 13:21:11
979,2026-08-05,Lowe's,LOW,Consumer,Provider_C,USD,381.23,1025279939083.0,329387257954.0,174237395.0,2026-09-08 00:12:41
980,2026-08-05,Lowe's,LOW,Consumer,Provider_D,USD,381.55,1026128370849.0,329659829963.0,174381578.0,2026-09-08 00:10:55
861,2026-08-05,Mastercard Inc.,MA,Financials,Provider_A,USD,614.76,2007754629635.0,421752419127.0,265667048.0,2026-09-08 13:38:47
862,2026-08-05,Mastercard Inc.,MA,Financials,Provider_B,USD,615.02,2008608308490.0,421931744388.0,265780007.0,2026-09-08 04:09:54
863,2026-08-05,Mastercard Inc.,MA,Financials,Provider_C,USD,614.29,2006240425436.0,421434342768.0,265466687.0,2026-09-08 14:21:13
864,2026-08-05,Mastercard Inc.,MA,Financials,Provider_D,USD,613.97,2005195843610.0,421214916098.0,265328468.0,2026-09-08 21:05:54
901,2026-08-05,McDonald's,MCD,Consumer,Provider_A,USD,671.48,1226394691469.0,442944466566.0,157233350.0,2026-09-08 07:31:47
902,2026-08-05,McDonald's,MCD,Consumer,Provider_B,USD,671.43,1226300522213.0,442910454881.0,157221277.0,2026-09-08 10:29:26
903,2026-08-05,McDonald's,MCD,Consumer,Provider_C,USD,671.3,1226068305411.0,442826583719.0,157191505.0,2026-09-08 10:32:44
904,2026-08-05,McDonald's,MCD,Consumer,Provider_D,USD,671.66,1226721833562.0,443062622476.0,157275292.0,2026-09-08 06:59:47
913,2026-08-05,Merck & Co.,MRK,Healthcare,Provider_A,USD,162.18,1996126785867.0,58414489262.0,162393459.0,2026-09-08 17:43:04
914,2026-08-05,Merck & Co.,MRK,Healthcare,Provider_B,USD,162.59,2001106994430.0,58560229674.0,162798620.0,2026-09-08 04:21:31
7699,2026-08-05,Merck & Co.,MRK,Healthcare,Provider_B,USD,162.59,2001106994430.0,58560229674.0,162798620.0,2026-09-08 04:21:31
915,2026-08-05,Merck & Co.,MRK,Healthcare,Provider_C,USD,162.11,1995301951445.0,58390351376.0,162326355.0,2026-09-08 15:01:21
916,2026-08-05,Merck & Co.,MRK,Healthcare,Provider_D,USD,162.12,1995355843603.0,58391928472.0,162330740.0,2026-09-08 15:48:20
821,2026-08-05,Meta Platforms,META,Communication,Provider_A,USD,328.67,1726632898637.0,293081338333.0,141332929.0,2026-09-08 10:50:27
822,2026-08-05,Meta Platforms,META,Communication,Provider_B,GBP,328.05,1723330934041.0,292520857756.0,141062648.0,2026-09-08 17:29:23
823,2026-08-05,Meta Platforms,META,Communication,Provider_C,USD,328.98,1728217337375.0,293350283414.0,141462623.0,2026-09-08 23:54:58
824,2026-08-05,Meta Platforms,META,Communication,Provider_D,USD,328.87,1727638167451.0,293251974216.0,141415215.0,2026-09-08 02:52:01
805,2026-08-05,Microsoft Corp.,MSFT,Technology,Provider_A,USD,231.36,3056397553793.0,65296063533.0,291693448.0,2026-09-08 08:51:08
806,2026-08-05,Microsoft Corp.,MSFT,Technology,Provider_B,USD,230.81,3049112260381.0,65140422465.0,290998161.0,2026-09-08 16:49:07
807,2026-08-05,Microsoft Corp.,MSFT,Technology,Provider_C,USD,230.22,3041357727180.0,64974756682.0,290258091.0,2026-09-08 04:05:53
808,2026-08-05,Microsoft Corp.,MSFT,Technology,Provider_D,USD,230.87,3049970759997.0,65158763222.0,291080094.0,2026-09-08 20:36:15
925,2026-08-05,Morgan Stanley,MS,Financials,Provider_A,USD,71.41,1926981853720.0,230302285367.0,386886020.0,2026-09-08 12:38:21
926,2026-08-05,Morgan Stanley,MS,Financials,Provider_B,USD,71.54,1930409499065.0,230711938709.0,387574199.0,2026-09-08 12:54:34
927,2026-08-05,Morgan Stanley,MS,Financials,Provider_C,USD,71.31,1924131436621.0,229961619174.0,386313733.0,2026-09-08 00:08:44
928,2026-08-05,Morgan Stanley,MS,Financials,Provider_D,USD,69.32,1930428797896.0,230714245199.0,387578073.0,2026-09-08 23:28:35
809,2026-08-05,NVIDIA Corp.,NVDA,Technology,Provider_A,USD,206.25,211414319316.0,257203496919.0,35463611.0,2026-09-08 00:05:40
810,2026-08-05,NVIDIA Corp.,NVDA,Technology,Provider_B,USD,206.62,211790808848.0,257661528450.0,35526765.0,2026-09-08 21:40:57
811,2026-08-05,NVIDIA Corp.,NVDA,Technology,Provider_C,USD,205.91,211066691021.0,256780577538.0,35405298.0,2026-09-08 00:57:37
812,2026-08-05,NVIDIA Corp.,NVDA,Technology,Provider_D,USD,206.58,211745251965.0,257606104628.0,35519123.0,2026-09-08 07:46:20
873,2026-08-05,Netflix Inc.,NFLX,Communication,Provider_A,USD,261.39,1711332387507.0,140107102192.0,345242771.0,2026-09-08 06:26:57
874,2026-08-05,Netflix Inc.,NFLX,Communication,Provider_B,USD,262.07,1715817634639.0,140474310213.0,346147621.0,2026-09-08 11:39:39
875,2026-08-05,Netflix Inc.,NFLX,Communication,Provider_C,USD,262.61,2340809313821.311,140762268912.0,346857190.0,2026-09-08 11:31:04
876,2026-08-05,Netflix Inc.,NFLX,Communication,Provider_D,USD,261.6,1712753598158.0,140223456974.0,345529485.0,2026-09-08 14:39:46
941,2026-08-05,NextEra Energy,NEE,Utilities,Provider_A,USD,49.35,2635264041583.0,414816152257.0,438040704.0,2026-09-08 20:12:53
942,2026-08-05,NextEra Energy,NEE,Utilities,Provider_B,USD,49.39,2637561497938.0,415177794199.0,438422593.0,2026-09-08 22:54:18
943,2026-08-05,NextEra Energy,NEE,Utilities,Provider_C,USD,49.59,2648235705038.0,416858018058.0,440196889.0,2026-09-08 16:47:52
944,2026-08-05,NextEra Energy,NEE,Utilities,Provider_D,USD,49.39,2637506791489.0,415169182872.0,438413500.0,2026-09-08 02:51:09
905,2026-08-05,Nike Inc.,NKE,Consumer,Provider_A,USD,411.01,1110348405147.0,360952532590.0,152452381.0,2026-09-08 03:14:50
906,2026-08-05,Nike Inc.,NKE,Consumer,Provider_B,USD,408.3,1103039908100.0,358576683257.0,151448915.0,2026-09-08 22:19:42
907,2026-08-05,Nike Inc.,NKE,Consumer,Provider_C,USD,410.15,1108023970612.0,360196904421.0,152133233.0,2026-09-08 14:04:25
908,2026-08-05,Nike Inc.,NKE,Consumer,Provider_D,USD,408.53,1103649944329.0,358774994094.0,151532673.0,2026-09-08 17:14:40
869,2026-08-05,Oracle Corp.,ORCL,Technology,Provider_A,USD,542.09,1540019442777.0,368818519718.0,226240390.0,2026-09-08 03:26:29
870,2026-08-05,Oracle Corp.,ORCL,Technology,Provider_B,USD,542.8,1542052534264.0,369305423826.0,226539066.0,2026-09-08 12:38:38
871,2026-08-05,Oracle Corp.,ORCL,Technology,Provider_C,USD,540.62,,367822665977.0,225629514.0,2026-09-08 10:53:55
872,2026-08-05,Oracle Corp.,ORCL,Technology,Provider_D,USD,542.47,1541099940300.0,369077287553.0,226399123.0,2026-09-08 17:22:00
897,2026-08-05,PepsiCo,PEP,Consumer,Provider_A,USD,250.43,3338908031517.0,409248151049.0,401869044.0,2026-09-08 01:37:12
898,2026-08-05,PepsiCo,PEP,Consumer,Provider_B,USD,250.31,3337258058334.0,409045914729.0,401670454.0,2026-09-08 10:36:06
899,2026-08-05,PepsiCo,PEP,Consumer,Provider_C,USD,250.07,,408663700797.0,401295132.0,2026-09-08 22:17:24
900,2026-08-05,PepsiCo,PEP,Consumer,Provider_D,USD,250.36,3337907673536.0,409125537713.0,401748641.0,2026-09-08 04:20:17
909,2026-08-05,Pfizer Inc.,PFE,Healthcare,Provider_A,USD,224.33,3729782448997.0,199827572395.0,670851025.0,2026-09-08 21:53:50
910,2026-08-05,Pfizer Inc.,PFE,Healthcare,Provider_B,USD,224.63,3734703651386.0,200091231721.0,671736169.0,2026-09-08 17:40:11
911,2026-08-05,Pfizer Inc.,PFE,Healthcare,Provider_C,USD,224.01,3724427222530.0,199540659708.0,669887816.0,2026-09-08 09:40:51
912,2026-08-05,Pfizer Inc.,PFE,Healthcare,Provider_D,USD,224.42,3731326133908.0,199910277168.0,671128677.0,2026-09-08 23:09:20
857,2026-08-05,Procter & Gamble,PG,Consumer,Provider_A,USD,699.91,3128226577748.0,65521567206.0,476629288.0,2026-09-08 08:40:42
858,2026-08-05,Procter & Gamble,PG,Consumer,Provider_B,USD,699.04,3124376039376.0,65440916620.0,476042605.0,2026-09-08 23:34:28
859,2026-08-05,Procter & Gamble,PG,Consumer,Provider_C,USD,699.26,3125347403564.0,65461262110.0,476190606.0,2026-09-08 00:03:14
860,2026-08-05,Procter & Gamble,PG,Consumer,Provider_D,USD,699.24,3125262368898.0,65459481035.0,476177649.0,2026-09-08 16:17:50
993,2026-08-05,Qualcomm,QCOM,Technology,Provider_A,USD,462.76,2445525107502.0,60193401762.0,400917027.0,2026-09-08 19:18:27
994,2026-08-05,Qualcomm,QCOM,Technology,Provider_B,USD,462.84,2445954104486.0,60203960962.0,400987357.0,2026-09-08 20:29:59
995,2026-08-05,Qualcomm,QCOM,Technology,Provider_C,USD,464.1,2452627798730.0,60368225216.0,402081436.0,2026-09-08 14:37:29
996,2026-08-05,Qualcomm,QCOM,Technology,Provider_D,USD,462.87,2446102294154.0,60207608457.0,401011651.0,2026-09-08 08:38:36
881,2026-08-05,Salesforce Inc.,CRM,Technology,Provider_A,USD,564.16,3272924207593.0,55627364048.0,143145233.0,2026-09-08 12:41:23
882,2026-08-05,Salesforce Inc.,CRM,Technology,Provider_B,USD,563.62,3269776381059.0,55573862873.0,143007559.0,2026-09-08 10:17:46
883,2026-08-05,Salesforce Inc.,CRM,Technology,Provider_C,USD,564.39,3274222440234.0,55649429105.0,143202013.0,2026-09-08 00:21:12
884,2026-08-05,Salesforce Inc.,CRM,Technology,Provider_D,USD,564.33,3273910662977.0,55644130068.0,143188377.0,2026-09-08 20:27:23
825,2026-08-05,Tesla Inc.,TSLA,Automotive,Provider_A,USD,440.43,3220703664217.0,185588900829.0,602149069.0,2026-09-08 19:27:32
826,2026-08-05,Tesla Inc.,TSLA,Automotive,Provider_B,USD,440.39,3220459082262.0,185574807109.0,602103341.0,2026-09-08 09:39:05
827,2026-08-05,Tesla Inc.,TSLA,Automotive,Provider_C,USD,439.37,3212982892480.0,185144001301.0,600705578.0,2026-09-08 11:40:50
828,2026-08-05,Tesla Inc.,TSLA,Automotive,Provider_D,USD,440.27,3219567832599.0,185523449995.0,601936711.0,2026-09-08 07:27:56
997,2026-08-05,Texas Instruments,TXN,Technology,Provider_A,USD,151.18,3657840932650.0,311701887147.0,506143577.0,2026-09-08 07:58:08
998,2026-08-05,Texas Instruments,TXN,Technology,Provider_B,USD,150.94,3652078685761.0,311210858898.0,505346242.0,2026-09-08 04:02:33
999,2026-08-05,Texas Instruments,TXN,Technology,Provider_C,USD,151.3,3660722498257.0,311947438951.0,506542305.0,2026-09-08 06:29:38
1000,2026-08-05,Texas Instruments,TXN,Technology,Provider_D,USD,151.11,3656234804149.0,311565021358.0,505921333.0,2026-09-08 05:46:44
969,2026-08-05,UPS,UPS,Industrials,Provider_A,USD,129.83,2105661594593.0,96243912309.0,418423838.0,2026-09-08 18:50:31
970,2026-08-05,UPS,UPS,Industrials,Provider_B,USD,129.54,2100901298231.0,96026332454.0,417477902.0,2026-09-08 06:25:53
971,2026-08-05,UPS,UPS,Industrials,Provider_C,USD,129.32,2097416553598.0,95867054506.0,416785436.0,2026-09-08 23:01:44
972,2026-08-05,UPS,UPS,Industrials,Provider_D,USD,129.67,2102972256472.0,96120990173.0,417889430.0,2026-09-08 19:16:55
965,2026-08-05,Union Pacific,UNP,Industrials,Provider_A,USD,123.12,3537786766659.0,378168632239.0,385356898.0,2026-09-08 05:39:21
966,2026-08-05,Union Pacific,UNP,Industrials,Provider_B,USD,123.74,3555751421580.0,380088948366.0,387313716.0,2026-09-08 05:48:07
967,2026-08-05,Union Pacific,UNP,Industrials,Provider_C,USD,123.14,3538495766487.0,378244420158.0,385434126.0,2026-09-08 05:35:46
968,2026-08-05,Union Pacific,UNP,Industrials,Provider_D,USD,123.32,3543699814290.0,378800702311.0,386000982.0,2026-09-08 13:55:48
985,2026-08-05,Verizon,VZ,Communication,Provider_A,USD,615.73,3883252234222.0,30356146148.0,720638584.0,2026-09-08 12:23:37
986,2026-08-05,Verizon,VZ,Communication,Provider_B,USD,614.89,3877940004539.0,30314619404.0,719652762.0,2026-09-08 01:35:17
987,2026-08-05,Verizon,VZ,Communication,Provider_C,USD,615.25,3880200957093.0,30332293715.0,720072340.0,2026-09-08 14:03:25
988,2026-08-05,Verizon,VZ,Communication,Provider_D,USD,614.51,3875538706335.0,30295847984.0,719207138.0,2026-09-08 17:27:15
833,2026-08-05,Visa Inc.,V,Financials,Provider_A,USD,125.69,1090644327015.0,76363601187.0,185637129.0,2026-09-08 23:47:56
834,2026-08-05,Visa Inc.,V,Financials,Provider_B,USD,125.67,1090458826655.0,76350613015.0,185605555.0,2026-09-08 12:29:15
835,2026-08-05,Visa Inc.,V,Financials,Provider_C,USD,125.3,1087223249524.0,76124067738.0,185054832.0,2026-09-08 07:20:50
836,2026-08-05,Visa Inc.,V,Financials,Provider_D,USD,125.22,1086564977805.0,76077977553.0,184942788.0,2026-09-08 06:33:33
837,2026-08-05,Walmart Inc.,WMT,Consumer,Provider_A,USD,728.54,1303491829234.0,45563177061.0,152187879.0,2026-09-08 02:04:54
838,2026-08-05,Walmart Inc.,WMT,Consumer,Provider_B,USD,726.57,1299957632995.0,45439640262.0,151775247.0,2026-09-08 19:23:18
839,2026-08-05,Walmart Inc.,WMT,Consumer,Provider_C,USD,730.27,1306579273819.0,45671097787.0,152548350.0,2026-09-08 06:38:44
840,2026-08-05,Walmart Inc.,WMT,Consumer,Provider_D,USD,728.45,1303321441214.0,45557221198.0,152167985.0,2026-09-08 07:40:02
933,2026-08-05,Wells Fargo,WFC,Financials,Provider_A,USD,641.03,629125049501.0,11679156626.0,115438732.0,2026-09-08 16:51:18
934,2026-08-05,Wells Fargo,WFC,Financials,Provider_B,USD,641.26,629357974640.0,11683480678.0,115481472.0,2026-09-08 00:47:08
935,2026-08-05,Wells Fargo,WFC,Financials,Provider_C,USD,640.18,628288906573.0,11663634364.0,115285308.0,2026-09-08 10:45:12
936,2026-08-05,Wells Fargo,WFC,Financials,Provider_D,USD,642.97,631033323396.0,11714582063.0,115788883.0,2026-09-08 03:07:11
1089,2026-08-06,AMD,AMD,Technology,Provider_A,USD,104.42,1467827611274.0,403103833130.0,247342359.0,2026-09-08 16:55:05
1090,2026-08-06,AMD,AMD,Technology,Provider_B,USD,104.4,1467604282400.0,403042501184.0,247304726.0,2026-09-08 01:49:59
1091,2026-08-06,AMD,AMD,Technology,Provider_C,USD,104.92,1474851005489.0,405032640783.0,248525865.0,2026-09-08 07:00:07
1092,2026-08-06,AMD,AMD,Technology,Provider_D,USD,104.58,1470200950526.0,403755614132.0,247742288.0,2026-09-08 12:58:09
1181,2026-08-06,AT&T,T,Communication,Provider_A,USD,285.65,919795264013.0,383959135563.0,141415100.0,2026-09-08 22:54:40
1182,2026-08-06,AT&T,T,Communication,Provider_B,USD,282.57,917390322248.0,382955217194.0,141045349.0,2026-09-08 08:34:18
1183,2026-08-06,AT&T,T,Communication,Provider_C,USD,282.13,915967508912.0,382361278304.0,140826597.0,2026-09-08 18:38:39
1184,2026-08-06,AT&T,T,Communication,Provider_D,USD,283.79,921343249861.0,384605326440.0,141653097.0,2026-09-08 13:07:41
1117,2026-08-06,AbbVie Inc.,ABBV,Healthcare,Provider_A,USD,627.34,3909564220243.0,380535292323.0,181550838.0,2026-09-08 20:49:30
1118,2026-08-06,AbbVie Inc.,ABBV,Healthcare,Provider_B,USD,627.71,3911836625119.0,380756475607.0,181656363.0,2026-09-08 02:13:19
1119,2026-08-06,AbbVie Inc.,ABBV,Healthcare,Provider_C,USD,627.73,3911987265895.0,380771138144.0,181663358.0,2026-09-08 01:11:50
1120,2026-08-06,AbbVie Inc.,ABBV,Healthcare,Provider_D,USD,627.89,,380866482544.0,181708847.0,2026-09-08 20:08:23
1077,2026-08-06,Adobe Inc.,ADBE,Technology,Provider_A,USD,35.82,2386642947332.0,438605735926.0,425800453.0,2026-09-08 18:44:18
1078,2026-08-06,Adobe Inc.,ADBE,Technology,Provider_B,USD,35.76,2382277373257.0,437803451767.0,425021592.0,2026-09-08 13:05:25
1079,2026-08-06,Adobe Inc.,ADBE,Technology,Provider_C,USD,35.73,2380622608270.0,437499347035.0,424726366.0,2026-09-08 14:49:19
1080,2026-08-06,Adobe Inc.,ADBE,Technology,Provider_D,USD,35.7,2378374221690.0,437086149388.0,424325231.0,2026-09-08 05:18:40
1017,2026-08-06,Alphabet Inc.,GOOGL,Communication,Provider_A,USD,477.53,2360323204592.0,321938265996.0,334375350.0,2026-09-08 18:21:17
1018,2026-08-06,Alphabet Inc.,GOOGL,Communication,Provider_B,USD,478.52,2365227732395.0,322607223185.0,335070150.0,2026-09-08 23:20:30
1019,2026-08-06,Alphabet Inc.,GOOGL,Communication,Provider_C,USD,478.18,2363528075463.0,322375397050.0,334829368.0,2026-09-08 23:05:46
1020,2026-08-06,Alphabet Inc.,GOOGL,Communication,Provider_D,USD,477.47,2360021500740.0,321897114846.0,334332609.0,2026-09-08 00:48:34
1013,2026-08-06,Amazon.com Inc.,AMZN,Consumer,Provider_A,USD,70.17,1660370860186.0,127460307343.0,293344789.0,2026-09-08 00:21:09
1014,2026-08-06,Amazon.com Inc.,AMZN,Consumer,Provider_B,USD,70.08,1658252563896.0,127297693855.0,292970540.0,2026-09-08 14:47:32
1015,2026-08-06,Amazon.com Inc.,AMZN,Consumer,Provider_C,USD,70.24,1662031794084.0,127587810873.0,293638233.0,2026-09-08 16:30:10
1016,2026-08-06,Amazon.com Inc.,AMZN,Consumer,Provider_D,USD,70.11,1659054262288.0,127359237168.0,293112180.0,2026-09-08 05:24:11
7680,2026-08-06,Amazon.com Inc.,AMZN,Consumer,Provider_D,USD,70.11,1659054262288.0,127359237168.0,293112180.0,2026-09-08 05:24:11
1001,2026-08-06,Apple Inc.,AAPL,Technology,Provider_A,USD,703.72,1865428992829.0,50105815651.0,328920147.0,2026-09-08 12:28:04
1002,2026-08-06,Apple Inc.,AAPL,Technology,Provider_B,USD,702.2,1861414969433.0,49997998137.0,328212378.0,2026-09-08 22:57:52
1003,2026-08-06,Apple Inc.,AAPL,Technology,Provider_C,USD,701.55,1859694389636.0,49951783001.0,327908998.0,2026-09-08 19:33:22
1004,2026-08-06,Apple Inc.,AAPL,Technology,Provider_D,USD,704.53,1867599756950.0,50164122833.0,329302905.0,2026-09-08 01:02:38
1129,2026-08-06,Bank of America,BAC,Financials,Provider_A,USD,61.18,359053096856.0,173786387774.0,35957835.0,2026-09-08 15:49:02
1130,2026-08-06,Bank of America,BAC,Financials,Provider_B,USD,60.96,357758494253.0,173159783208.0,35828186.0,2026-09-08 20:31:56
1131,2026-08-06,Bank of America,BAC,Financials,Provider_C,USD,61.03,358192145919.0,173369676278.0,35871614.0,2026-09-08 06:17:19
1132,2026-08-06,Bank of America,BAC,Financials,Provider_D,USD,61.13,358791718595.0,173659877283.0,35931659.0,2026-09-08 13:31:32
1137,2026-08-06,Berkshire Hathaway,BRK.B,Financials,Provider_A,USD,498.43,1786619560269.0,41298062089.0,130701799.0,2026-09-08 10:55:11
1138,2026-08-06,Berkshire Hathaway,BRK.B,Financials,Provider_B,USD,499.01,1788698790906.0,41346123914.0,130853907.0,2026-09-08 19:49:40
1139,2026-08-06,Berkshire Hathaway,BRK.B,Financials,Provider_C,USD,498.12,1785531452330.0,41272910260.0,130622198.0,2026-09-08 09:26:47
1140,2026-08-06,Berkshire Hathaway,BRK.B,Financials,Provider_D,USD,498.87,1788200265173.0,41334600394.0,130817437.0,2026-09-08 05:25:44
1157,2026-08-06,Boeing Co.,BA,Industrials,Provider_A,USD,596.72,721584335454.0,268283663090.0,74147416.0,2026-09-08 21:08:47
1158,2026-08-06,Boeing Co.,BA,Industrials,Provider_B,USD,598.03,723169996958.0,268873208976.0,74310353.0,2026-09-08 15:16:47
1159,2026-08-06,Boeing Co.,BA,Industrials,Provider_C,USD,598.22,723402218270.0,268959548412.0,74334215.0,2026-09-08 20:55:57
1160,2026-08-06,Boeing Co.,BA,Industrials,Provider_D,USD,599.25,724644097554.0,269421276733.0,74461826.0,2026-09-08 11:33:24
1065,2026-08-06,Broadcom Inc.,AVGO,Technology,Provider_A,USD,656.78,1317231080935.0,298074214535.0,71595401.0,2026-09-08 11:33:52
1066,2026-08-06,Broadcom Inc.,AVGO,Technology,Provider_B,USD,658.24,1320154366376.0,298735720343.0,71754290.0,2026-09-08 21:04:49
1067,2026-08-06,Broadcom Inc.,AVGO,Technology,Provider_C,USD,658.23,1320139616127.0,298732382532.0,71753489.0,2026-09-08 20:08:48
1068,2026-08-06,Broadcom Inc.,AVGO,Technology,Provider_D,USD,658.07,1319817352379.0,298659457960.0,71735973.0,2026-09-08 03:29:35
1161,2026-08-06,Caterpillar Inc.,CAT,Industrials,Provider_A,USD,315.48,3385580796734.0,328836024430.0,803324449.0,2026-09-08 06:06:50
1162,2026-08-06,Caterpillar Inc.,CAT,Industrials,Provider_B,USD,314.55,3375595062483.0,327866126103.0,800955052.0,2026-09-08 23:43:34
1163,2026-08-06,Caterpillar Inc.,CAT,Industrials,Provider_C,USD,314.62,3376402508941.0,327944552080.0,801146641.0,2026-09-08 22:10:13
1164,2026-08-06,Caterpillar Inc.,CAT,Industrials,Provider_D,USD,314.18,3371642247783.0,327482195560.0,800017135.0,2026-09-08 11:25:55
1053,2026-08-06,Chevron Corp.,CVX,Energy,Provider_A,USD,202.41,3989542528414.0,395763598302.0,265243703.0,2026-09-08 19:51:08
1054,2026-08-06,Chevron Corp.,CVX,Energy,Provider_B,USD,202.4,3989227767951.0,395732373987.0,265222777.0,2026-09-08 08:21:42
1055,2026-08-06,Chevron Corp.,CVX,Energy,Provider_C,USD,202.56,3992496634417.0,396056646343.0,265440106.0,2026-09-08 06:28:29
1056,2026-08-06,Chevron Corp.,CVX,Energy,Provider_D,USD,202.06,3982628678083.0,-395077742652.0,264784038.0,2026-09-08 00:12:20
1093,2026-08-06,Cisco Systems,CSCO,Technology,Provider_A,USD,71.85,884181060632.0,119842737625.0,180130153.0,2026-09-08 04:45:48
1094,2026-08-06,Cisco Systems,CSCO,Technology,Provider_B,USD,71.73,882621068985.0,119631294881.0,179812343.0,2026-09-08 17:11:41
1095,2026-08-06,Cisco Systems,CSCO,Technology,Provider_C,USD,71.92,885003436805.0,119954203270.0,180297692.0,2026-09-08 13:12:09
1096,2026-08-06,Cisco Systems,CSCO,Technology,Provider_D,USD,71.84,884017812482.0,119820610816.0,180096895.0,2026-09-08 01:29:26
1041,2026-08-06,Coca-Cola,KO,Consumer,Provider_A,USD,441.02,2807375885379.0,215140732251.0,620310537.0,2026-09-08 19:03:00
1042,2026-08-06,Coca-Cola,KO,Consumer,Provider_B,USD,442.81,2818753889444.0,216012675384.0,622824592.0,2026-09-08 18:29:25
1043,2026-08-06,Coca-Cola,KO,Consumer,Provider_C,USD,440.75,2805636903963.0,215007466970.0,619926296.0,2026-09-08 23:42:07
1044,2026-08-06,Coca-Cola,KO,Consumer,Provider_D,USD,441.84,2812582851229.0,215539763407.0,621461055.0,2026-09-08 11:39:31
1189,2026-08-06,Comcast,CMCSA,Communication,Provider_A,USD,626.19,367817945236.0,173794083069.0,27241045.0,2026-09-08 07:22:56
7641,2026-08-06,Comcast,CMCSA,Communication,Provider_A,USD,626.19,367817945236.0,173794083069.0,27241045.0,2026-09-08 07:22:56
1190,2026-08-06,Comcast,CMCSA,Communication,Provider_B,USD,627.8,368765979215.0,174242029393.0,27311257.0,2026-09-08 13:02:48
1191,2026-08-06,Comcast,CMCSA,Communication,Provider_C,USD,626.35,367914275750.0,173839599265.0,27248179.0,2026-09-08 14:07:31
1192,2026-08-06,Comcast,CMCSA,Communication,Provider_D,USD,626.03,367725667256.0,173750481698.0,27234210.0,2026-09-08 03:46:35
1149,2026-08-06,ConocoPhillips,COP,Energy,Provider_A,USD,285.91,206881573342.0,447114826983.0,46379269.0,2026-09-08 20:23:20
1150,2026-08-06,ConocoPhillips,COP,Energy,Provider_B,USD,286.1,207021399289.0,447417020422.0,46410616.0,2026-09-08 13:06:07
1151,2026-08-06,ConocoPhillips,COP,Energy,Provider_C,USD,286.15,207054916433.0,447489458057.0,46418130.0,2026-09-08 06:40:25
1152,2026-08-06,ConocoPhillips,COP,Energy,Provider_D,USD,286.07,206994849314.0,447359640311.0,46404664.0,2026-09-08 10:44:59
1145,2026-08-06,Duke Energy,DUK,Utilities,Provider_A,USD,1222.614,300407149920.0,391303490169.0,37488263.0,2026-09-08 18:51:34
1146,2026-08-06,Duke Energy,DUK,Utilities,Provider_B,USD,677.92,299829167783.0,390550623843.0,37416136.0,2026-09-08 13:36:06
7621,2026-08-06,Duke Energy,DUK,Utilities,Provider_B,USD,677.92,299829167783.0,390550623843.0,37416136.0,2026-09-08 13:36:06
1147,2026-08-06,Duke Energy,DUK,Utilities,Provider_C,USD,679.21,300402008228.0,391296792718.0,37487621.0,2026-09-08 09:43:13
1148,2026-08-06,Duke Energy,DUK,Utilities,Provider_D,USD,677.88,299812441809.0,390528836972.0,37414048.0,2026-09-08 04:08:28
1049,2026-08-06,Exxon Mobil,XOM,Energy,Provider_A,USD,47.1,1398060789597.0,96014379560.0,215819847.0,2026-09-08 18:35:44
1050,2026-08-06,Exxon Mobil,XOM,Energy,Provider_B,USD,47.09,1397891926096.0,96002782551.0,215793780.0,2026-09-08 12:11:24
1051,2026-08-06,Exxon Mobil,XOM,Energy,Provider_C,USD,46.99,1394826788258.0,95792278609.0,215320612.0,2026-09-08 00:37:15
1052,2026-08-06,Exxon Mobil,XOM,Energy,Provider_D,USD,47.17,1400214088431.0,96162261293.0,216152254.0,2026-09-08 08:31:13
7678,2026-08-06,Exxon Mobil,XOM,Energy,Provider_D,USD,47.17,1400214088431.0,96162261293.0,216152254.0,2026-09-08 08:31:13
1121,2026-08-06,Goldman Sachs,GS,Financials,Provider_A,USD,1768.65,3778458554694.0,100391653481.0,602549415.0,2026-09-08 08:46:34
1122,2026-08-06,Goldman Sachs,GS,Financials,Provider_B,USD,705.97,3770466093652.0,100179298001.0,601274860.0,2026-09-08 06:56:03
1123,2026-08-06,Goldman Sachs,GS,Financials,Provider_C,USD,707.29,3777552841753.0,100367589165.0,602404981.0,2026-09-08 08:11:49
1124,2026-08-06,Goldman Sachs,GS,Financials,Provider_D,USD,705.44,3767665017089.0,100104874872.0,600828173.0,2026-09-08 02:45:05
1173,2026-08-06,Home Depot,HD,Consumer,Provider_A,USD,273.9,1336842868382.0,179797240221.0,95557702.0,2026-09-08 13:58:27
1174,2026-08-06,Home Depot,HD,Consumer,Provider_B,USD,271.22,1337418728364.0,179874689888.0,95598864.0,2026-09-08 14:02:04
1175,2026-08-06,Home Depot,HD,Consumer,Provider_C,USD,272.88,1331866923994.0,179128005946.0,95202021.0,2026-09-08 22:09:45
1176,2026-08-06,Home Depot,HD,Consumer,Provider_D,USD,273.78,1336248348090.0,179717280855.0,95515206.0,2026-09-08 23:34:02
1085,2026-08-06,Intel Corp.,INTC,Technology,Provider_A,USD,188.23,2194291415505.0,207609017573.0,504377483.0,2026-09-08 04:55:43
1086,2026-08-06,Intel Corp.,INTC,Technology,Provider_B,USD,189.05,2203801016790.0,208508751750.0,506563350.0,2026-09-08 07:24:05
1087,2026-08-06,Intel Corp.,INTC,Technology,Provider_C,USD,188.62,2198795540734.0,208035167449.0,505412797.0,2026-09-08 18:52:27
1088,2026-08-06,Intel Corp.,INTC,Technology,Provider_D,USD,188.53,2197726796542.0,207934050099.0,505167136.0,2026-09-08 20:59:57
1029,2026-08-06,JPMorgan Chase,JPM,Financials,Provider_A,USD,744.68,2171831420734.0,165630466900.0,497851216.0,2026-09-08 03:32:57
1030,2026-08-06,JPMorgan Chase,JPM,Financials,Provider_B,USD,742.38,2165129292489.0,165119342225.0,496314880.0,2026-09-08 15:22:42
1031,2026-08-06,JPMorgan Chase,JPM,Financials,Provider_C,USD,743.46,2168289555302.0,165360353475.0,497039311.0,2026-09-08 12:12:53
1032,2026-08-06,JPMorgan Chase,JPM,Financials,Provider_D,USD,744.28,2170659424145.0,165541086877.0,497582558.0,2026-09-08 19:47:16
1045,2026-08-06,Johnson & Johnson,JNJ,Healthcare,Provider_A,USD,586.26,1401669587093.0,292884449160.0,278914038.0,2026-09-08 20:19:29
1046,2026-08-06,Johnson & Johnson,JNJ,Healthcare,Provider_B,USD,586.03,1401102362105.0,292765925237.0,278801168.0,2026-09-08 20:47:11
1047,2026-08-06,Johnson & Johnson,JNJ,Healthcare,Provider_C,USD,586.98,1631310187559.6516,293240571652.0,279253174.0,2026-09-08 18:10:43
1048,2026-08-06,Johnson & Johnson,JNJ,Healthcare,Provider_D,USD,585.61,1400113259342.0,292559248271.0,278604349.0,2026-09-08 00:43:34
1153,2026-08-06,Lockheed Martin,LMT,Industrials,Provider_A,USD,473.91,3914143361120.0,141108494531.0,794516018.0,2026-09-08 05:30:30
1154,2026-08-06,Lockheed Martin,LMT,Industrials,Provider_B,USD,472.62,3903431348205.0,140722316541.0,792341630.0,2026-09-08 20:30:16
1155,2026-08-06,Lockheed Martin,LMT,Industrials,Provider_C,USD,474.66,3920327997044.0,141331456386.0,795771412.0,2026-09-08 23:31:23
1156,2026-08-06,Lockheed Martin,LMT,Industrials,Provider_D,USD,473.01,3906653352204.0,140838472770.0,792995652.0,2026-09-08 09:45:43
1177,2026-08-06,Lowe's,LOW,Consumer,Provider_A,USD,380.96,1023868104445.0,328988907569.0,135710766.0,2026-09-08 20:43:49
1178,2026-08-06,Lowe's,LOW,Consumer,Provider_B,USD,382.29,1027448228750.0,330139271741.0,136185301.0,2026-09-08 11:18:39
1179,2026-08-06,Lowe's,LOW,Consumer,Provider_C,USD,380.55,1022784196872.0,328640626802.0,135567097.0,2026-09-08 19:38:59
1180,2026-08-06,Lowe's,LOW,Consumer,Provider_D,USD,381.41,1409332135994.566,329376679471.0,135870725.0,2026-09-08 14:59:44
1061,2026-08-06,Mastercard Inc.,MA,Financials,Provider_A,USD,615.54,2005561065620.0,421925724258.0,180789877.0,2026-09-08 21:44:04
1062,2026-08-06,Mastercard Inc.,MA,Financials,Provider_B,USD,613.17,1997834180905.0,420300158482.0,180093343.0,2026-09-08 14:06:05
1063,2026-08-06,Mastercard Inc.,MA,Financials,Provider_C,USD,615.0,2003802701291.0,421555803264.0,180631371.0,2026-09-08 12:58:33
1064,2026-08-06,Mastercard Inc.,MA,Financials,Provider_D,USD,614.22,2001263535653.0,421021618930.0,180402479.0,2026-09-08 17:43:23
1101,2026-08-06,McDonald's,MCD,Consumer,Provider_A,USD,661.84,1226375566692.0,443393281949.0,124175565.0,2026-09-08 23:24:25
1102,2026-08-06,McDonald's,MCD,Consumer,Provider_B,USD,663.1,1228706680189.0,444236090703.0,124411600.0,2026-09-08 09:56:31
1103,2026-08-06,McDonald's,MCD,Consumer,Provider_C,USD,662.47,1227544153072.0,443815781682.0,124293890.0,2026-09-08 17:39:12
1104,2026-08-06,McDonald's,MCD,Consumer,Provider_D,USD,662.29,1227201826967.0,443692014462.0,124259228.0,2026-09-08 05:26:37
1113,2026-08-06,Merck & Co.,MRK,Healthcare,Provider_A,USD,164.06,1992285282944.0,58389533714.0,206963567.0,2026-09-08 06:33:14
1114,2026-08-06,Merck & Co.,MRK,Healthcare,Provider_B,USD,164.29,1995065899264.0,58471027510.0,207252424.0,2026-09-08 02:55:52
1115,2026-08-06,Merck & Co.,MRK,Healthcare,Provider_C,USD,163.7,1987898601585.0,58260969656.0,206507867.0,2026-09-08 04:51:12
1116,2026-08-06,Merck & Co.,MRK,Healthcare,Provider_D,USD,164.16,1993521687628.0,58425770037.0,207092008.0,2026-09-08 07:18:30
1021,2026-08-06,Meta Platforms,META,Communication,Provider_A,USD,332.9,1725665862386.0,292629671044.0,87036464.0,2026-09-08 16:24:11
1022,2026-08-06,Meta Platforms,META,Communication,Provider_B,USD,333.61,1729346857253.0,293253875497.0,87222121.0,2026-09-08 09:33:12
1023,2026-08-06,Meta Platforms,META,Communication,Provider_C,USD,333.21,1727286472028.0,292904485813.0,,2026-09-08 11:25:47
1024,2026-08-06,Meta Platforms,META,Communication,Provider_D,USD,333.95,1731111865216.0,293553176603.0,87311141.0,2026-09-08 06:17:34
1005,2026-08-06,Microsoft Corp.,MSFT,Technology,Provider_A,USD,233.19,3058045097839.0,65284237153.0,245479018.0,2026-09-08 02:10:22
1006,2026-08-06,Microsoft Corp.,MSFT,Technology,Provider_B,USD,230.81,3039796031947.0,64894649588.0,244014107.0,2026-09-08 05:34:35
1007,2026-08-06,Microsoft Corp.,MSFT,Technology,Provider_C,USD,232.74,3052219095485.0,65159861578.0,245011346.0,2026-09-08 20:40:44
1008,2026-08-06,Microsoft Corp.,MSFT,Technology,Provider_D,INR,232.5,3049113062118.0,65093552870.0,244762015.0,2026-09-08 12:06:08
1125,2026-08-06,Morgan Stanley,MS,Financials,Provider_A,USD,71.3,1934135482597.0,,398458026.0,2026-09-08 09:26:55
1126,2026-08-06,Morgan Stanley,MS,Financials,Provider_B,USD,71.17,1930469037117.0,230323826433.0,397702689.0,2026-09-08 18:11:49
1127,2026-08-06,Morgan Stanley,MS,Financials,Provider_C,USD,71.27,1933288209622.0,230660181270.0,398283477.0,2026-09-08 07:46:19
1128,2026-08-06,Morgan Stanley,MS,Financials,Provider_D,USD,71.3,1934034736019.0,230749249167.0,398437271.0,2026-09-08 19:53:25
1009,2026-08-06,NVIDIA Corp.,NVDA,Technology,Provider_A,USD,211.73,210943997518.0,256463723371.0,15799781.0,2026-09-08 17:21:12
1010,2026-08-06,NVIDIA Corp.,NVDA,Technology,Provider_B,USD,211.99,211201237046.0,256776472764.0,15819049.0,2026-09-08 11:12:42
1011,2026-08-06,NVIDIA Corp.,NVDA,Technology,Provider_C,USD,212.5,211713228053.0,257398946603.0,15857397.0,2026-09-08 06:13:57
1012,2026-08-06,NVIDIA Corp.,NVDA,Technology,Provider_D,USD,212.41,211619561872.0,257285068144.0,15850381.0,2026-09-08 10:57:51
1073,2026-08-06,Netflix Inc.,NFLX,Communication,Provider_A,USD,260.96,1714680225036.0,140191359107.0,124318589.0,2026-09-08 21:03:52
1074,2026-08-06,Netflix Inc.,NFLX,Communication,Provider_B,USD,262.07,1714762363114.0,140198074673.0,124324544.0,2026-09-08 14:50:16
1075,2026-08-06,Netflix Inc.,NFLX,Communication,Provider_C,USD,261.42,1717677774210.0,140436437160.0,124535919.0,2026-09-08 08:29:20
1076,2026-08-06,Netflix Inc.,NFLX,Communication,Provider_D,USD,261.12,1715730998596.0,140277269804.0,124394773.0,2026-09-08 11:37:13
1141,2026-08-06,NextEra Energy,NEE,Utilities,Provider_A,USD,48.42,2637492329961.0,415277918528.0,581328653.0,2026-09-08 00:47:12
1142,2026-08-06,NextEra Energy,NEE,Utilities,Provider_B,USD,48.44,2638651702118.0,415460463763.0,581584190.0,2026-09-08 20:29:28
1143,2026-08-06,NextEra Energy,NEE,Utilities,Provider_C,USD,48.34,2632779350734.0,414535851459.0,580289867.0,2026-09-08 10:22:36
1144,2026-08-06,NextEra Energy,NEE,Utilities,Provider_D,USD,48.45,2639020535606.0,415518537260.0,581665485.0,2026-09-08 15:09:55
1105,2026-08-06,Nike Inc.,NKE,Consumer,Provider_A,USD,409.78,1109661037688.0,360521334231.0,188039376.0,2026-09-08 18:51:51
1106,2026-08-06,Nike Inc.,NKE,Consumer,Provider_B,USD,408.63,1106546592022.0,359509471988.0,187511613.0,2026-09-08 02:11:57
1107,2026-08-06,Nike Inc.,NKE,Consumer,Provider_C,USD,408.45,1106079762923.0,359357802385.0,187432506.0,2026-09-08 14:06:28
1108,2026-08-06,Nike Inc.,NKE,Consumer,Provider_D,USD,407.42,1103294421312.0,358452863813.0,186960511.0,2026-09-08 00:00:41
1069,2026-08-06,Oracle Corp.,ORCL,Technology,Provider_A,USD,549.65,1540926069019.0,369399468614.0,135847629.0,2026-09-08 06:22:25
1070,2026-08-06,Oracle Corp.,ORCL,Technology,Provider_B,GBP,546.52,1532152896816.0,367296314404.0,135074188.0,2026-09-08 00:33:27
1071,2026-08-06,Oracle Corp.,ORCL,Technology,Provider_C,USD,547.37,1534522741024.0,367864426793.0,135283113.0,2026-09-08 05:12:35
1072,2026-08-06,Oracle Corp.,ORCL,Technology,Provider_D,USD,548.91,1538845006139.0,368900584510.0,135664163.0,2026-09-08 01:33:10
1097,2026-08-06,PepsiCo,PEP,Consumer,Provider_A,USD,242.3,3339877355770.0,409255882771.0,288294119.0,2026-09-08 22:37:23
1098,2026-08-06,PepsiCo,PEP,Consumer,Provider_B,USD,242.8,3346848769762.0,,288895883.0,2026-09-08 05:41:30
1099,2026-08-06,PepsiCo,PEP,Consumer,Provider_C,USD,-241.62,3330540000446.0,408111718723.0,287488130.0,2026-09-08 02:02:11
1100,2026-08-06,PepsiCo,PEP,Consumer,Provider_D,USD,241.71,3331803892278.0,408266591226.0,287597227.0,2026-09-08 13:53:19
1109,2026-08-06,Pfizer Inc.,PFE,Healthcare,Provider_A,USD,225.52,-3728949026346.0,199643228346.0,499927082.0,2026-09-08 17:08:38
1110,2026-08-06,Pfizer Inc.,PFE,Healthcare,Provider_B,USD,225.99,3736624553532.0,200054166392.0,500956113.0,2026-09-08 12:18:40
1111,2026-08-06,Pfizer Inc.,PFE,Healthcare,Provider_C,USD,225.81,3733742895671.0,199899886064.0,500569779.0,2026-09-08 13:29:18
1112,2026-08-06,Pfizer Inc.,PFE,Healthcare,Provider_D,USD,225.75,3732738348357.0,199846103868.0,500435103.0,2026-09-08 04:38:55
1057,2026-08-06,Procter & Gamble,PG,Consumer,Provider_A,USD,707.05,3133765726935.0,65548107876.0,638635734.0,2026-09-08 21:53:48
1058,2026-08-06,Procter & Gamble,PG,Consumer,Provider_B,USD,708.36,3139554742717.0,65669195112.0,639815487.0,2026-09-08 06:45:51
1059,2026-08-06,Procter & Gamble,PG,Consumer,Provider_C,USD,706.78,3132547558135.0,65522627778.0,638387481.0,2026-09-08 06:58:45
1060,2026-08-06,Procter & Gamble,PG,Consumer,Provider_D,USD,706.61,3131783365631.0,65506643375.0,638231745.0,2026-09-08 11:43:42
1193,2026-08-06,Qualcomm,QCOM,Technology,Provider_A,USD,474.06,2444744304298.0,60188914207.0,263841764.0,2026-09-08 02:49:30
1194,2026-08-06,Qualcomm,QCOM,Technology,Provider_B,USD,473.21,2440399155060.0,60081937860.0,263372827.0,2026-09-08 04:48:39
1195,2026-08-06,Qualcomm,QCOM,Technology,Provider_C,USD,474.94,2449293344200.0,60300910284.0,264332706.0,2026-09-08 17:32:33
1196,2026-08-06,Qualcomm,QCOM,Technology,Provider_D,USD,474.84,2448811065921.0,60289036729.0,264280657.0,2026-09-08 09:18:39
1081,2026-08-06,Salesforce Inc.,CRM,Technology,Provider_A,USD,567.58,3276688704122.0,55694353137.0,341069227.0,2026-09-08 10:47:38
1082,2026-08-06,Salesforce Inc.,CRM,Technology,Provider_B,USD,565.94,3267252870830.0,55533970910.0,340087055.0,2026-09-08 00:32:30
1083,2026-08-06,Salesforce Inc.,CRM,Technology,Provider_C,USD,566.73,3271802306573.0,55611298329.0,340560604.0,2026-09-08 14:45:13
1084,2026-08-06,Salesforce Inc.,CRM,Technology,Provider_D,USD,566.33,3269503353682.0,55572222693.0,340321307.0,2026-09-08 13:23:32
1025,2026-08-06,Tesla Inc.,TSLA,Automotive,Provider_A,USD,442.48,3222894062250.0,185443582588.0,512857554.0,2026-09-08 14:45:50
1026,2026-08-06,Tesla Inc.,TSLA,Automotive,Provider_B,EUR,442.31,3221723431784.0,185376225144.0,512671272.0,2026-09-08 02:46:10
1027,2026-08-06,Tesla Inc.,TSLA,Automotive,Provider_C,USD,443.04,3226997519895.0,185679693323.0,513510535.0,2026-09-08 05:35:46
1028,2026-08-06,Tesla Inc.,TSLA,Automotive,Provider_D,USD,443.09,3227394487784.0,185702534641.0,513573705.0,2026-09-08 01:53:58
1197,2026-08-06,Texas Instruments,TXN,Technology,Provider_A,USD,150.74,3673240652245.0,311993894591.0,269713014.0,2026-09-08 09:27:22
1198,2026-08-06,Texas Instruments,TXN,Technology,Provider_B,USD,-150.69,3672077342215.0,311895086574.0,269627596.0,2026-09-08 21:39:43
1199,2026-08-06,Texas Instruments,TXN,Technology,Provider_C,USD,150.61,3670082485355.0,311725649496.0,269481121.0,2026-09-08 14:08:51
1200,2026-08-06,Texas Instruments,TXN,Technology,Provider_D,USD,151.19,3684266852384.0,312930426512.0,270522628.0,2026-09-08 11:13:01
1169,2026-08-06,UPS,UPS,Industrials,Provider_A,USD,130.33,2106938770264.0,96290099829.0,404769606.0,2026-09-08 08:40:09
1170,2026-08-06,UPS,UPS,Industrials,Provider_B,USD,130.34,2107020736366.0,96293845797.0,404785353.0,2026-09-08 18:11:45
1171,2026-08-06,UPS,UPS,Industrials,Provider_C,USD,129.32,2104769526275.0,96190962292.0,404352867.0,2026-09-08 12:59:48
1172,2026-08-06,UPS,UPS,Industrials,Provider_D,USD,129.77,2097871242239.0,95875700896.0,403027619.0,2026-09-08 13:47:14
1165,2026-08-06,Union Pacific,UNP,Industrials,Provider_A,USD,120.98,3548952881272.0,379084480446.0,811083640.0,2026-09-08 01:29:15
1166,2026-08-06,Union Pacific,UNP,Industrials,Provider_B,USD,120.85,3545246372164.0,378688566461.0,810236548.0,2026-09-08 20:42:25
1167,2026-08-06,Union Pacific,UNP,Industrials,Provider_C,USD,120.89,3546340151715.0,378805399472.0,810486522.0,2026-09-08 09:29:01
7682,2026-08-06,Union Pacific,UNP,Industrials,Provider_C,USD,120.89,3546340151715.0,378805399472.0,810486522.0,2026-09-08 09:29:01
1168,2026-08-06,Union Pacific,UNP,Industrials,Provider_D,USD,120.82,3544344905577.0,378592275525.0,810030525.0,2026-09-08 15:34:31
1185,2026-08-06,Verizon,VZ,Communication,Provider_A,USD,619.39,3881159200802.0,30340856178.0,790284108.0,2026-09-08 11:07:19
1186,2026-08-06,Verizon,VZ,Communication,Provider_B,USD,618.24,3873951731500.0,30284511983.0,788816519.0,2026-09-08 19:43:07
1187,2026-08-06,Verizon,VZ,Communication,Provider_C,USD,618.65,3876527321306.0,30304646586.0,789340962.0,2026-09-08 19:28:51
1188,2026-08-06,Verizon,VZ,Communication,Provider_D,USD,617.52,3869442959966.0,30249264784.0,787898440.0,2026-09-08 00:31:31
1033,2026-08-06,Visa Inc.,V,Financials,Provider_A,USD,124.47,1088076305017.0,76147609901.0,79339870.0,2026-09-08 05:27:23
1034,2026-08-06,Visa Inc.,V,Financials,Provider_B,USD,224.604,1090774706107.0,76336454004.0,79536631.0,2026-09-08 14:27:52
1035,2026-08-06,Visa Inc.,V,Financials,Provider_C,USD,124.65,1089620712813.0,76255693279.0,79452484.0,2026-09-08 20:25:40
1036,2026-08-06,Visa Inc.,V,Financials,Provider_D,USD,-124.53,1088615979729.0,76185378337.0,79379222.0,2026-09-08 06:13:14
1037,2026-08-06,Walmart Inc.,WMT,Consumer,Provider_A,USD,720.84,1304945166074.0,45626500999.0,161183127.0,2026-09-08 20:53:48
1038,2026-08-06,Walmart Inc.,WMT,Consumer,Provider_B,USD,719.77,1303007336726.0,45558746142.0,160943771.0,2026-09-08 07:00:44
1039,2026-08-06,Walmart Inc.,WMT,Consumer,Provider_C,USD,719.53,1302583138939.0,45543914362.0,160891376.0,2026-09-08 10:38:12
1040,2026-08-06,Walmart Inc.,WMT,Consumer,Provider_D,USD,719.55,1302616785256.0,45545090782.0,160895532.0,2026-09-08 04:22:50
1133,2026-08-06,Wells Fargo,WFC,Financials,Provider_A,INR,648.24,628694758454.0,11673150517.0,19929856.0,2026-09-08 07:43:00
1134,2026-08-06,Wells Fargo,WFC,Financials,Provider_B,USD,227.11149999999998,629324318999.0,11684839743.0,19949813.0,2026-09-08 01:28:08
1135,2026-08-06,Wells Fargo,WFC,Financials,Provider_C,USD,646.75,627248550304.0,11646298368.0,19884010.0,2026-09-08 18:25:55
1136,2026-08-06,Wells Fargo,WFC,Financials,Provider_D,USD,648.79,706764309072.9854,11683051174.0,19946759.0,2026-09-08 07:41:36
1289,2026-08-07,AMD,AMD,Technology,Provider_A,USD,105.49,1464773783808.0,402646597271.0,308586256.0,2026-09-08 01:12:54
1290,2026-08-07,AMD,AMD,Technology,Provider_B,USD,105.65,1466938985133.0,403241781971.0,309042402.0,2026-09-08 17:54:15
1291,2026-08-07,AMD,AMD,Technology,Provider_C,USD,189.99,1465622890098.0,402880005161.0,308765138.0,2026-09-08 09:02:23
1292,2026-08-07,AMD,AMD,Technology,Provider_D,INR,105.89,1470237099463.0,404148389208.0,309737221.0,2026-09-08 14:42:53
1381,2026-08-07,AT&T,T,Communication,Provider_A,USD,283.77,918115415647.0,383108971451.0,167429821.0,2026-09-08 17:11:34
1382,2026-08-07,AT&T,T,Communication,Provider_B,USD,283.78,918144171419.0,383120970589.0,167435065.0,2026-09-08 11:25:08
1383,2026-08-07,AT&T,T,Communication,Provider_C,USD,284.59,920774106944.0,384218383700.0,167914667.0,2026-09-08 20:47:53
1384,2026-08-07,AT&T,T,Communication,Provider_D,USD,284.64,920922146358.0,384280157227.0,167941664.0,2026-09-08 09:56:43
1317,2026-08-07,AbbVie Inc.,ABBV,Healthcare,Provider_A,USD,633.56,3914655325496.0,380568348199.0,435911224.0,2026-09-08 11:20:11
1318,2026-08-07,AbbVie Inc.,ABBV,Healthcare,Provider_B,USD,633.5,3914311260744.0,380534899493.0,435872912.0,2026-09-08 22:34:37
1319,2026-08-07,AbbVie Inc.,ABBV,Healthcare,Provider_C,USD,632.89,3910513160284.0,380165662179.0,435449979.0,2026-09-08 03:48:37
1320,2026-08-07,AbbVie Inc.,ABBV,Healthcare,Provider_D,USD,634.4,3919858656337.0,381074196826.0,436490634.0,2026-09-08 06:32:26
1277,2026-08-07,Adobe Inc.,ADBE,Technology,Provider_A,USD,35.58,2377998613730.0,436275339722.0,445123009.0,2026-09-08 21:10:04
1278,2026-08-07,Adobe Inc.,ADBE,Technology,Provider_B,USD,35.69,2385351820617.0,437624382910.0,446499411.0,2026-09-08 04:07:36
1279,2026-08-07,Adobe Inc.,ADBE,Technology,Provider_C,USD,35.68,2384553377565.0,437477897958.0,446349955.0,2026-09-08 03:38:57
1280,2026-08-07,Adobe Inc.,ADBE,Technology,Provider_D,USD,35.62,2380480317010.0,436730641056.0,445587544.0,2026-09-08 17:27:24
1217,2026-08-07,Alphabet Inc.,GOOGL,Communication,Provider_A,USD,475.29,2362760672005.0,322320777546.0,510602353.0,2026-09-08 08:45:15
1218,2026-08-07,Alphabet Inc.,GOOGL,Communication,Provider_B,USD,474.62,2359423671368.0,321865553853.0,509881214.0,2026-09-08 15:25:46
1219,2026-08-07,Alphabet Inc.,GOOGL,Communication,Provider_C,USD,474.77,2360177600869.0,321968402671.0,510044141.0,2026-09-08 13:43:04
1220,2026-08-07,Alphabet Inc.,GOOGL,Communication,Provider_D,USD,473.97,2356194662039.0,321425062012.0,509183411.0,2026-09-08 07:27:16
1213,2026-08-07,Amazon.com Inc.,AMZN,Consumer,Provider_A,USD,69.5,1656068977386.0,127005193751.0,247235249.0,2026-09-08 07:29:41
1214,2026-08-07,Amazon.com Inc.,AMZN,Consumer,Provider_B,USD,34.78,1657401112533.0,127107356212.0,247434124.0,2026-09-08 13:20:35
1215,2026-08-07,Amazon.com Inc.,AMZN,Consumer,Provider_C,USD,69.71,1661170534599.0,127396436067.0,247996863.0,2026-09-08 01:35:52
1216,2026-08-07,Amazon.com Inc.,AMZN,Consumer,Provider_D,USD,69.81,1663568075367.0,127580305298.0,248354793.0,2026-09-08 14:28:37
1201,2026-08-07,Apple Inc.,AAPL,Technology,Provider_A,USD,697.46,1862864821641.0,50064827553.0,319788516.0,2026-09-08 17:18:42
1202,2026-08-07,Apple Inc.,AAPL,Technology,Provider_B,USD,243.78549999999998,1860386522035.0,49998222805.0,319363079.0,2026-09-08 07:24:56
1203,2026-08-07,Apple Inc.,AAPL,Technology,Provider_C,USD,700.32,1870487964686.0,50269700895.0,321097142.0,2026-09-08 05:34:14
1204,2026-08-07,Apple Inc.,AAPL,Technology,Provider_D,USD,698.23,1864920399041.0,50120071566.0,320141386.0,2026-09-08 07:49:57
1329,2026-08-07,Bank of America,BAC,Financials,Provider_A,USD,62.76,358320601896.0,173472446820.0,48978757.0,2026-09-08 12:13:04
1330,2026-08-07,Bank of America,BAC,Financials,Provider_B,USD,62.75,358247528197.0,173437069917.0,48968768.0,2026-09-08 13:39:15
1331,2026-08-07,Bank of America,BAC,Financials,Provider_C,USD,62.82,358631588020.0,173623003399.0,49021265.0,2026-09-08 10:10:37
1332,2026-08-07,Bank of America,BAC,Financials,Provider_D,USD,62.9,359114451576.0,173856770372.0,49087268.0,2026-09-08 06:34:01
1337,2026-08-07,Berkshire Hathaway,BRK.B,Financials,Provider_A,USD,,1781856128093.0,41264511427.0,292225314.0,2026-09-08 23:24:20
1338,2026-08-07,Berkshire Hathaway,BRK.B,Financials,Provider_B,USD,249.425,1786029966487.0,41361169849.0,292909826.0,2026-09-08 01:42:59
1339,2026-08-07,Berkshire Hathaway,BRK.B,Financials,Provider_C,USD,498.49,1784756629931.0,41331681716.0,292700998.0,2026-09-08 23:17:22
1340,2026-08-07,Berkshire Hathaway,BRK.B,Financials,Provider_D,USD,497.85,1782448896786.0,41278238860.0,292322529.0,2026-09-08 17:11:13
1357,2026-08-07,Boeing Co.,BA,Industrials,Provider_A,USD,603.55,721212876080.0,268594597802.0,116328111.0,2026-09-08 08:41:43
1358,2026-08-07,Boeing Co.,BA,Industrials,Provider_B,USD,603.17,720760460808.0,268426108994.0,116255139.0,2026-09-08 02:45:53
1359,2026-08-07,Boeing Co.,BA,Industrials,Provider_C,USD,603.57,721238063047.0,268603977950.0,,2026-09-08 08:00:34
1360,2026-08-07,Boeing Co.,BA,Industrials,Provider_D,USD,605.66,723734321205.0,269533636138.0,116734808.0,2026-09-08 16:38:04
1265,2026-08-07,Broadcom Inc.,AVGO,Technology,Provider_A,USD,659.57,1317836861170.0,298117003952.0,322492494.0,2026-09-08 01:27:27
1266,2026-08-07,Broadcom Inc.,AVGO,Technology,Provider_B,USD,660.6,1319885698623.0,298580485663.0,322993872.0,2026-09-08 01:59:24
1267,2026-08-07,Broadcom Inc.,AVGO,Technology,Provider_C,USD,661.24,1321175380507.0,298872233535.0,323309475.0,2026-09-08 03:57:14
1268,2026-08-07,Broadcom Inc.,AVGO,Technology,Provider_D,USD,660.63,1319952793394.0,298595663636.0,323010291.0,2026-09-08 16:33:21
1361,2026-08-07,Caterpillar Inc.,CAT,Industrials,Provider_A,USD,314.68,3378752389697.0,328265478400.0,201127198.0,2026-09-08 21:43:55
1362,2026-08-07,Caterpillar Inc.,CAT,Industrials,Provider_B,USD,313.53,3366404833281.0,327065841361.0,200392184.0,2026-09-08 18:33:48
1363,2026-08-07,Caterpillar Inc.,CAT,Industrials,Provider_C,USD,,3366552108939.0,327080150049.0,200400951.0,2026-09-08 11:16:18
1364,2026-08-07,Caterpillar Inc.,CAT,Industrials,Provider_D,USD,314.72,3379207931722.0,328309736962.0,201154315.0,2026-09-08 04:59:29
1253,2026-08-07,Chevron Corp.,CVX,Energy,Provider_A,USD,202.08,3974549627357.0,395258309019.0,931085460.0,2026-09-08 18:12:45
1254,2026-08-07,Chevron Corp.,CVX,Energy,Provider_B,USD,202.37,4922165940456.951,395826284858.0,932423405.0,2026-09-08 04:44:22
1255,2026-08-07,Chevron Corp.,CVX,Energy,Provider_C,USD,202.27,3978110842943.0,395612462365.0,931919717.0,2026-09-08 03:21:58
1256,2026-08-07,Chevron Corp.,CVX,Energy,Provider_D,USD,201.99,3972638724192.0,395068274820.0,930637808.0,2026-09-08 10:00:34
1293,2026-08-07,Cisco Systems,CSCO,Technology,Provider_A,USD,71.36,882086862680.0,119533261142.0,141795084.0,2026-09-08 14:35:19
1294,2026-08-07,Cisco Systems,CSCO,Technology,Provider_B,USD,71.54,884278681863.0,119830278710.0,142147418.0,2026-09-08 22:11:25
1295,2026-08-07,Cisco Systems,CSCO,Technology,Provider_C,USD,71.55,884351824004.0,119840190340.0,142159176.0,2026-09-08 12:47:39
1296,2026-08-07,Cisco Systems,CSCO,Technology,Provider_D,USD,71.57,884664595513.0,119882574599.0,142209454.0,2026-09-08 03:20:16
1241,2026-08-07,Coca-Cola,KO,Consumer,Provider_A,USD,1331.76,2821483781825.0,215629476682.0,155008127.0,2026-09-08 05:45:03
1242,2026-08-07,Coca-Cola,KO,Consumer,Provider_B,USD,444.19,2823229389721.0,215762883267.0,155104028.0,2026-09-08 08:14:13
1243,2026-08-07,Coca-Cola,KO,Consumer,Provider_C,USD,443.38,2818040906355.0,215366357879.0,154818980.0,2026-09-08 22:16:52
1244,2026-08-07,Coca-Cola,KO,Consumer,Provider_D,USD,443.59,2819374886462.0,215468306163.0,154892267.0,2026-09-08 18:08:11
1389,2026-08-07,Comcast,CMCSA,Communication,Provider_A,USD,630.2,367448553878.0,173908101649.0,76899933.0,2026-09-08 09:15:11
1390,2026-08-07,Comcast,CMCSA,Communication,Provider_B,USD,629.44,367007271339.0,173699248987.0,76807581.0,2026-09-08 14:56:37
1391,2026-08-07,Comcast,CMCSA,Communication,Provider_C,USD,627.82,366060249203.0,173251037067.0,76609388.0,2026-09-08 05:27:04
1392,2026-08-07,Comcast,CMCSA,Communication,Provider_D,USD,631.07,367954191652.0,174147412716.0,77005754.0,2026-09-08 23:47:26
1349,2026-08-07,ConocoPhillips,COP,Energy,Provider_A,USD,289.32,206800377453.0,446567595052.0,30801057.0,2026-09-08 04:09:47
1350,2026-08-07,ConocoPhillips,COP,Energy,Provider_B,USD,289.42,206869585524.0,446717043918.0,30811365.0,2026-09-08 20:41:20
1351,2026-08-07,ConocoPhillips,COP,Energy,Provider_C,USD,290.27,207479763396.0,448034670454.0,30902245.0,2026-09-08 01:16:24
1352,2026-08-07,ConocoPhillips,COP,Energy,Provider_D,USD,289.75,207110843877.0,447238020541.0,,2026-09-08 15:15:59
1345,2026-08-07,Duke Energy,DUK,Utilities,Provider_A,USD,690.18,298817238572.0,390583088405.0,12180919.0,2026-09-08 08:11:00
1346,2026-08-07,Duke Energy,DUK,Utilities,Provider_B,USD,689.64,298582189677.0,390275856722.0,12171338.0,2026-09-08 18:11:11
1347,2026-08-07,Duke Energy,DUK,Utilities,Provider_C,USD,689.16,298375232366.0,390005343461.0,12162901.0,2026-09-08 05:00:01
1348,2026-08-07,Duke Energy,DUK,Utilities,Provider_D,USD,688.57,298120509878.0,389672396484.0,12152518.0,2026-09-08 22:27:36
1249,2026-08-07,Exxon Mobil,XOM,Energy,Provider_A,USD,46.98,1399929923507.0,95921363267.0,326220653.0,2026-09-08 22:59:53
7676,2026-08-07,Exxon Mobil,XOM,Energy,Provider_A,USD,46.98,1399929923507.0,95921363267.0,326220653.0,2026-09-08 22:59:53
1250,2026-08-07,Exxon Mobil,XOM,Energy,Provider_B,INR,47.16,1405340197957.0,96292068180.0,327481390.0,2026-09-08 22:20:39
1251,2026-08-07,Exxon Mobil,XOM,Energy,Provider_C,USD,23.565,1404542188180.0,96237389597.0,327295432.0,2026-09-08 19:17:26
1252,2026-08-07,Exxon Mobil,XOM,Energy,Provider_D,USD,47.21,1406889484665.0,96398223275.0,327842415.0,2026-09-08 05:12:21
1321,2026-08-07,Goldman Sachs,GS,Financials,Provider_A,USD,695.24,3774001027242.0,100304968053.0,787204924.0,2026-09-08 21:21:46
1322,2026-08-07,Goldman Sachs,GS,Financials,Provider_B,USD,694.86,3771957925200.0,100250666720.0,786778761.0,2026-09-08 14:21:14
1323,2026-08-07,Goldman Sachs,GS,Financials,Provider_C,USD,695.96,3777928257047.0,100409345518.0,788024090.0,2026-09-08 13:58:48
1324,2026-08-07,Goldman Sachs,GS,Financials,Provider_D,USD,697.25,3784915904624.0,100595062417.0,789481618.0,2026-09-08 19:00:35
1373,2026-08-07,Home Depot,HD,Consumer,Provider_A,USD,271.24,1336818073164.0,179853801717.0,157396512.0,2026-09-08 16:29:25
1374,2026-08-07,Home Depot,HD,Consumer,Provider_B,USD,270.64,1333865405094.0,179456553514.0,157048866.0,2026-09-08 16:57:35
1375,2026-08-07,Home Depot,HD,Consumer,Provider_C,USD,270.98,1335495308190.0,179675838602.0,157240770.0,2026-09-08 10:19:11
1376,2026-08-07,Home Depot,HD,Consumer,Provider_D,USD,271.22,1336697656490.0,179837601011.0,157382334.0,2026-09-08 09:50:00
1285,2026-08-07,Intel Corp.,INTC,Technology,Provider_A,USD,190.96,2212109656688.0,208878221053.0,228072866.0,2026-09-08 01:25:13
1286,2026-08-07,Intel Corp.,INTC,Technology,Provider_B,USD,190.18,2203136235853.0,208030906737.0,227147689.0,2026-09-08 04:44:20
1287,2026-08-07,Intel Corp.,INTC,Technology,Provider_C,USD,189.87,2199522326563.0,207689663734.0,226775087.0,2026-09-08 09:52:25
1288,2026-08-07,Intel Corp.,INTC,Technology,Provider_D,USD,190.6,2207932059895.0,208483751917.0,227642147.0,2026-09-08 06:01:44
1229,2026-08-07,JPMorgan Chase,JPM,Financials,Provider_A,USD,745.82,2169584018616.0,165286231048.0,399590348.0,2026-09-08 03:59:11
1230,2026-08-07,JPMorgan Chase,JPM,Financials,Provider_B,USD,746.11,2170426457012.0,165350410848.0,399745507.0,2026-09-08 09:39:12
1231,2026-08-07,JPMorgan Chase,JPM,Financials,Provider_C,USD,746.86,2172614552114.0,165517107315.0,400148507.0,2026-09-08 01:44:09
1232,2026-08-07,JPMorgan Chase,JPM,Financials,Provider_D,USD,746.0,2170117765910.0,165326893718.0,399688653.0,2026-09-08 12:07:58
1245,2026-08-07,Johnson & Johnson,JNJ,Healthcare,Provider_A,USD,590.97,1397287968483.0,292471649032.0,267616949.0,2026-09-08 03:56:35
1246,2026-08-07,Johnson & Johnson,JNJ,Healthcare,Provider_B,USD,590.33,1395778994673.0,292155799995.0,267327942.0,2026-09-08 12:56:12
1247,2026-08-07,Johnson & Johnson,JNJ,Healthcare,Provider_C,USD,590.4,1395932882851.0,292188010914.0,267357415.0,2026-09-08 07:54:22
1248,2026-08-07,Johnson & Johnson,JNJ,Healthcare,Provider_D,USD,590.37,1395874483653.0,292175787156.0,267346230.0,2026-09-08 22:10:24
1353,2026-08-07,Lockheed Martin,LMT,Industrials,Provider_A,USD,464.35,3917222485313.0,140963321005.0,244511462.0,2026-09-08 18:51:39
1354,2026-08-07,Lockheed Martin,LMT,Industrials,Provider_B,USD,464.94,3922157475163.0,141140909222.0,244819502.0,2026-09-08 02:12:12
1355,2026-08-07,Lockheed Martin,LMT,Industrials,Provider_C,USD,463.15,3907106142811.0,140599279074.0,243880004.0,2026-09-08 01:33:41
1356,2026-08-07,Lockheed Martin,LMT,Industrials,Provider_D,USD,464.99,3922556994973.0,141155286153.0,244844440.0,2026-09-08 09:47:10
1377,2026-08-07,Lowe's,LOW,Consumer,Provider_A,USD,381.94,1026468376699.0,329751843209.0,161479196.0,2026-09-08 11:24:44
1378,2026-08-07,Lowe's,LOW,Consumer,Provider_B,USD,381.67,1025743076574.0,329518841337.0,161365095.0,2026-09-08 19:19:55
1379,2026-08-07,Lowe's,LOW,Consumer,Provider_C,USD,381.23,1024560362656.0,329138895785.0,161179036.0,2026-09-08 03:14:27
1380,2026-08-07,Lowe's,LOW,Consumer,Provider_D,USD,381.0,1023943091367.0,328940598058.0,161081930.0,2026-09-08 11:15:40
1261,2026-08-07,Mastercard Inc.,MA,Financials,Provider_A,USD,613.76,2003421319781.0,421738578582.0,60713931.0,2026-09-08 00:32:46
1262,2026-08-07,Mastercard Inc.,MA,Financials,Provider_B,USD,612.11,1998065495916.0,420611128494.0,60551622.0,2026-09-08 19:35:17
1263,2026-08-07,Mastercard Inc.,MA,Financials,Provider_C,USD,611.98,1997610461970.0,420515339671.0,60537832.0,2026-09-08 22:06:01
1264,2026-08-07,Mastercard Inc.,MA,Financials,Provider_D,USD,612.27,1998586200441.0,420720741576.0,60567402.0,2026-09-08 02:06:34
1301,2026-08-07,McDonald's,MCD,Consumer,Provider_A,USD,655.49,1225193536763.0,443643721965.0,200949697.0,2026-09-08 18:47:58
1302,2026-08-07,McDonald's,MCD,Consumer,Provider_B,USD,655.56,1225327515851.0,443692235917.0,,2026-09-08 20:40:03
1303,2026-08-07,McDonald's,MCD,Consumer,Provider_C,USD,657.33,1228631249862.0,444888521083.0,201513533.0,2026-09-08 04:28:26
1304,2026-08-07,McDonald's,MCD,Consumer,Provider_D,USD,655.89,1225949525681.0,443917466257.0,201073690.0,2026-09-08 22:50:48
1313,2026-08-07,Merck & Co.,MRK,Healthcare,Provider_A,USD,163.25,1996646853812.0,58442710803.0,386590965.0,2026-09-08 12:46:47
1314,2026-08-07,Merck & Co.,MRK,Healthcare,Provider_B,USD,162.74,1990474197373.0,58262034499.0,385395814.0,2026-09-08 20:29:10
1315,2026-08-07,Merck & Co.,MRK,Healthcare,Provider_C,USD,163.32,1997522130597.0,58468330531.0,386760436.0,2026-09-08 02:01:38
1316,2026-08-07,Merck & Co.,MRK,Healthcare,Provider_D,USD,163.32,1997507806027.0,58467911244.0,386757662.0,2026-09-08 14:33:26
1221,2026-08-07,Meta Platforms,META,Communication,Provider_A,USD,330.01,1724189284182.0,292563371441.0,362211214.0,2026-09-08 10:15:27
1222,2026-08-07,Meta Platforms,META,Communication,Provider_B,USD,331.27,1730786913098.0,293682868341.0,363597219.0,2026-09-08 10:05:31
1223,2026-08-07,Meta Platforms,META,Communication,Provider_C,GBP,330.12,1724776400341.0,292662994310.0,362334553.0,2026-09-08 18:22:40
1224,2026-08-07,Meta Platforms,META,Communication,Provider_D,USD,331.2,1730380811410.0,293613960316.0,363511906.0,2026-09-08 17:42:10
1205,2026-08-07,Microsoft Corp.,MSFT,Technology,Provider_A,USD,226.9,3046246637845.0,65020798983.0,749934099.0,2026-09-08 17:24:52
1206,2026-08-07,Microsoft Corp.,MSFT,Technology,Provider_B,USD,226.96,3047102581263.0,65039068720.0,750144817.0,2026-09-08 04:02:19
7669,2026-08-07,Microsoft Corp.,MSFT,Technology,Provider_B,USD,226.96,3047102581263.0,65039068720.0,750144817.0,2026-09-08 04:02:19
1207,2026-08-07,Microsoft Corp.,MSFT,Technology,Provider_C,USD,226.57,3041874119860.0,64927469504.0,748857659.0,2026-09-08 07:15:33
1208,2026-08-07,Microsoft Corp.,MSFT,Technology,Provider_D,USD,226.51,3041036461087.0,64909590045.0,748651442.0,2026-09-08 09:11:58
1325,2026-08-07,Morgan Stanley,MS,Financials,Provider_A,USD,72.2,1928240154340.0,230162408035.0,80947649.0,2026-09-08 05:42:04
1326,2026-08-07,Morgan Stanley,MS,Financials,Provider_B,USD,72.32,1931383349308.0,230537592278.0,,2026-09-08 13:20:51
1327,2026-08-07,Morgan Stanley,MS,Financials,Provider_C,USD,72.12,2227257467308.376,229907301584.0,80857928.0,2026-09-08 19:51:56
1328,2026-08-07,Morgan Stanley,MS,Financials,Provider_D,USD,72.39,1933498152403.0,230790023580.0,81168380.0,2026-09-08 02:11:43
1209,2026-08-07,NVIDIA Corp.,NVDA,Technology,Provider_A,USD,210.48,210977583969.0,257225557138.0,33099034.0,2026-09-08 11:22:17
1210,2026-08-07,NVIDIA Corp.,NVDA,Technology,Provider_B,USD,211.09,211587702844.0,257969418948.0,33194752.0,2026-09-08 02:01:46
1211,2026-08-07,NVIDIA Corp.,NVDA,Technology,Provider_C,USD,210.76,211250242700.0,257557984842.0,33141810.0,2026-09-08 16:55:09
1212,2026-08-07,NVIDIA Corp.,NVDA,Technology,Provider_D,USD,210.84,211332313628.0,257658046374.0,33154686.0,2026-09-08 14:37:45
1273,2026-08-07,Netflix Inc.,NFLX,Communication,Provider_A,USD,264.14,1713300890352.0,140381151832.0,389002355.0,2026-09-08 15:51:34
1274,2026-08-07,Netflix Inc.,NFLX,Communication,Provider_B,USD,264.2,1713714994428.0,140415081895.0,389096376.0,2026-09-08 10:51:12
1275,2026-08-07,Netflix Inc.,NFLX,Communication,Provider_C,USD,263.79,1711003088869.0,140192878995.0,388480642.0,2026-09-08 03:08:49
1276,2026-08-07,Netflix Inc.,NFLX,Communication,Provider_D,USD,264.27,1714145196505.0,140450330965.0,389194053.0,2026-09-08 22:00:43
1341,2026-08-07,NextEra Energy,NEE,Utilities,Provider_A,USD,48.22,3047057357608.212,413829357039.0,497399483.0,2026-09-08 22:44:23
1342,2026-08-07,NextEra Energy,NEE,Utilities,Provider_B,USD,48.45,2639740858043.0,415859056567.0,499839067.0,2026-09-08 04:20:54
1343,2026-08-07,NextEra Energy,NEE,Utilities,Provider_C,USD,48.41,2637154934205.0,415451675727.0,499349418.0,2026-09-08 06:34:17
1344,2026-08-07,NextEra Energy,NEE,Utilities,Provider_D,USD,48.45,2639868791003.0,415879210848.0,499863291.0,2026-09-08 22:29:36
1305,2026-08-07,Nike Inc.,NKE,Consumer,Provider_A,USD,417.9,1104201846562.0,358663146753.0,91401338.0,2026-09-08 18:46:22
1306,2026-08-07,Nike Inc.,NKE,Consumer,Provider_B,USD,419.2,1107622691313.0,359774294092.0,91684501.0,2026-09-08 19:54:04
1307,2026-08-07,Nike Inc.,NKE,Consumer,Provider_C,USD,419.59,1108663016961.0,360112209186.0,91770615.0,2026-09-08 23:38:58
1308,2026-08-07,Nike Inc.,NKE,Consumer,Provider_D,USD,753.9480000000001,1106734589365.0,359485823791.0,91610988.0,2026-09-08 19:53:02
1269,2026-08-07,Oracle Corp.,ORCL,Technology,Provider_A,USD,544.69,1537938452285.0,369095827910.0,363414876.0,2026-09-08 17:43:01
1270,2026-08-07,Oracle Corp.,ORCL,Technology,Provider_B,USD,543.77,1535354592810.0,368475717429.0,362804310.0,2026-09-08 16:45:21
1271,2026-08-07,Oracle Corp.,ORCL,Technology,Provider_C,USD,544.4,1537114699702.0,368898132325.0,363220223.0,2026-09-08 13:00:21
1272,2026-08-07,Oracle Corp.,ORCL,Technology,Provider_D,USD,543.53,1534675797152.0,368312810621.0,362643910.0,2026-09-08 17:56:59
1297,2026-08-07,PepsiCo,PEP,Consumer,Provider_A,USD,241.33,3336087727264.0,408038459542.0,272750881.0,2026-09-08 16:54:56
1298,2026-08-07,PepsiCo,PEP,Consumer,Provider_B,USD,241.0,3331558557135.0,407484494613.0,272380587.0,2026-09-08 20:39:26
1299,2026-08-07,PepsiCo,PEP,Consumer,Provider_C,USD,242.27,4433769443092.965,409620327001.0,273808271.0,2026-09-08 21:38:58
1300,2026-08-07,PepsiCo,PEP,Consumer,Provider_D,USD,242.08,3346415999877.0,409301715425.0,273595297.0,2026-09-08 20:36:22
1309,2026-08-07,Pfizer Inc.,PFE,Healthcare,Provider_A,USD,223.8,3745489941038.0,200459793043.0,721997413.0,2026-09-08 19:31:58
1310,2026-08-07,Pfizer Inc.,PFE,Healthcare,Provider_B,USD,222.7,3727027853238.0,199471696330.0,718438578.0,2026-09-08 10:54:02
1311,2026-08-07,Pfizer Inc.,PFE,Healthcare,Provider_C,USD,223.29,3736906095299.0,200000382934.0,720342752.0,2026-09-08 00:54:00
1312,2026-08-07,Pfizer Inc.,PFE,Healthcare,Provider_D,USD,223.15,3734648192753.0,199879539284.0,719907509.0,2026-09-08 08:49:17
1257,2026-08-07,Procter & Gamble,PG,Consumer,Provider_A,USD,,3135308409354.0,65632076991.0,337847450.0,2026-09-08 01:54:48
1258,2026-08-07,Procter & Gamble,PG,Consumer,Provider_B,USD,696.46,3964871657307.812,65443450697.0,336876478.0,2026-09-08 08:17:23
1259,2026-08-07,Procter & Gamble,PG,Consumer,Provider_C,USD,697.27,3129943272915.0,65519767450.0,337269326.0,2026-09-08 01:03:50
1260,2026-08-07,Procter & Gamble,PG,Consumer,Provider_D,USD,-697.38,3130445000446.0,65530270219.0,337323390.0,2026-09-08 13:18:21
1393,2026-08-07,Qualcomm,QCOM,Technology,Provider_A,USD,472.02,2442652342304.0,60201673432.0,525079248.0,2026-09-08 03:36:03
1394,2026-08-07,Qualcomm,QCOM,Technology,Provider_B,USD,472.04,2442740196553.0,60203838690.0,525098133.0,2026-09-08 01:21:07
1395,2026-08-07,Qualcomm,QCOM,Technology,Provider_C,USD,236.115,2443733938195.0,60228330472.0,525311751.0,2026-09-08 00:03:59
1396,2026-08-07,Qualcomm,QCOM,Technology,Provider_D,USD,471.44,2439654604127.0,60127791098.0,524434846.0,2026-09-08 03:59:21
1281,2026-08-07,Salesforce Inc.,CRM,Technology,Provider_A,USD,574.68,3271166398350.0,55613284408.0,450535284.0,2026-09-08 22:17:25
1282,2026-08-07,Salesforce Inc.,CRM,Technology,Provider_B,USD,574.04,3267541122238.0,55551650885.0,450035977.0,2026-09-08 18:37:12
1283,2026-08-07,Salesforce Inc.,CRM,Technology,Provider_C,USD,574.27,3268829654864.0,55573557301.0,450213446.0,2026-09-08 14:58:06
1284,2026-08-07,Salesforce Inc.,CRM,Technology,Provider_D,USD,575.45,3275567760732.0,55688112219.0,451141480.0,2026-09-08 01:39:25
1225,2026-08-07,Tesla Inc.,TSLA,Automotive,Provider_A,USD,441.88,3962485204822.468,185497815776.0,350056928.0,2026-09-08 10:47:25
1226,2026-08-07,Tesla Inc.,TSLA,Automotive,Provider_B,USD,442.22,3221149370629.0,185640110651.0,350325456.0,2026-09-08 02:50:39
1227,2026-08-07,Tesla Inc.,TSLA,Automotive,Provider_C,USD,441.12,3213101048180.0,185176272655.0,349450137.0,2026-09-08 17:25:01
1228,2026-08-07,Tesla Inc.,TSLA,Automotive,Provider_D,USD,441.96,3219235146911.0,185529790805.0,350117269.0,2026-09-08 06:02:22
1397,2026-08-07,Texas Instruments,TXN,Technology,Provider_A,USD,153.35,3666430503352.0,312073028259.0,455768588.0,2026-09-08 08:15:57
1398,2026-08-07,Texas Instruments,TXN,Technology,Provider_B,USD,153.2,3662859894369.0,311769111205.0,455324731.0,2026-09-08 13:52:40
1399,2026-08-07,Texas Instruments,TXN,Technology,Provider_C,USD,153.32,3665589432617.0,312001439424.0,455664035.0,2026-09-08 10:54:18
1400,2026-08-07,Texas Instruments,TXN,Technology,Provider_D,USD,53.69349999999999,3667768819106.0,312186940755.0,455934952.0,2026-09-08 06:16:31
1369,2026-08-07,UPS,UPS,Industrials,Provider_A,USD,130.91,2106728015772.0,96247984164.0,280527341.0,2026-09-08 18:47:46
1370,2026-08-07,UPS,UPS,Industrials,Provider_B,USD,130.58,2101423236520.0,96005629998.0,279820968.0,2026-09-08 19:14:52
1371,2026-08-07,UPS,UPS,Industrials,Provider_C,USD,130.52,2100437676131.0,95960603683.0,279689733.0,2026-09-08 00:32:05
1372,2026-08-07,UPS,UPS,Industrials,Provider_D,USD,130.74,2104024202328.0,96124457732.0,280167307.0,2026-09-08 01:03:48
1365,2026-08-07,Union Pacific,UNP,Industrials,Provider_A,USD,122.28,3538504411766.0,377867371582.0,286718601.0,2026-09-08 02:02:00
7620,2026-08-07,Union Pacific,UNP,Industrials,Provider_A,USD,122.28,3538504411766.0,377867371582.0,286718601.0,2026-09-08 02:02:00
1366,2026-08-07,Union Pacific,UNP,Industrials,Provider_B,USD,122.74,3551774050082.0,379284400578.0,287793816.0,2026-09-08 16:52:54
1367,2026-08-07,Union Pacific,UNP,Industrials,Provider_C,USD,122.74,3551783711954.0,379285432343.0,287794599.0,2026-09-08 11:30:44
1368,2026-08-07,Union Pacific,UNP,Industrials,Provider_D,USD,122.48,3544147086919.0,378469937689.0,287175817.0,2026-09-08 02:04:12
1385,2026-08-07,Verizon,VZ,Communication,Provider_A,USD,621.06,3879186892476.0,30300493176.0,489000842.0,2026-09-08 07:31:51
1386,2026-08-07,Verizon,VZ,Communication,Provider_B,USD,621.06,3879152579074.0,30300225153.0,488996517.0,2026-09-08 18:37:59
1387,2026-08-07,Verizon,VZ,Communication,Provider_C,USD,620.21,5604023066101.496,30259227504.0,488334881.0,2026-09-08 09:57:18
1388,2026-08-07,Verizon,VZ,Communication,Provider_D,USD,620.55,3875989006010.0,30275514349.0,488597725.0,2026-09-08 11:10:57
1233,2026-08-07,Visa Inc.,V,Financials,Provider_A,USD,124.34,1089293754664.0,76242076504.0,104744160.0,2026-09-08 06:00:23
1234,2026-08-07,Visa Inc.,V,Financials,Provider_B,USD,124.37,1089528822158.0,76258529397.0,104766764.0,2026-09-08 05:46:08
1235,2026-08-07,Visa Inc.,V,Financials,Provider_C,USD,124.4,1089822676857.0,76279096937.0,104795020.0,2026-09-08 19:59:28
1236,2026-08-07,Visa Inc.,V,Financials,Provider_D,USD,124.16,1087690234223.0,76129842566.0,104589969.0,2026-09-08 08:22:16
1237,2026-08-07,Walmart Inc.,WMT,Consumer,Provider_A,USD,723.12,1300581053623.0,45485960110.0,103143273.0,2026-09-08 18:00:20
1238,2026-08-07,Walmart Inc.,WMT,Consumer,Provider_B,USD,722.82,1300042071181.0,45467109971.0,103100529.0,2026-09-08 14:14:23
1239,2026-08-07,Walmart Inc.,WMT,Consumer,Provider_C,USD,724.3,1302702032664.0,45560138315.0,103311478.0,2026-09-08 10:10:17
1240,2026-08-07,Walmart Inc.,WMT,Consumer,Provider_D,USD,724.65,1303324671095.0,45581914203.0,103360857.0,2026-09-08 06:37:16
1333,2026-08-07,Wells Fargo,WFC,Financials,Provider_A,USD,657.18,628028763577.0,11678456401.0,127000012.0,2026-09-08 09:49:07
1334,2026-08-07,Wells Fargo,WFC,Financials,Provider_B,USD,658.22,629023917174.0,11696961696.0,127201252.0,2026-09-08 04:22:27
1335,2026-08-07,Wells Fargo,WFC,Financials,Provider_C,USD,656.67,627539962852.0,11669366948.0,126901166.0,2026-09-08 14:47:58
1336,2026-08-07,Wells Fargo,WFC,Financials,Provider_D,USD,656.97,627830501859.0,11674769641.0,126959919.0,2026-09-08 07:19:29
1489,2026-08-08,AMD,AMD,Technology,Provider_A,USD,104.86,1468860652934.0,403591350215.0,162307959.0,2026-09-08 21:46:02
1490,2026-08-08,AMD,AMD,Technology,Provider_B,USD,105.06,2093249185914.395,404388708872.0,162628624.0,2026-09-08 06:23:07
1491,2026-08-08,AMD,AMD,Technology,Provider_C,USD,104.92,1469783219270.0,403844839062.0,162409902.0,2026-09-08 01:37:57
1492,2026-08-08,AMD,AMD,Technology,Provider_D,USD,104.87,1469050632360.0,403643549893.0,162328952.0,2026-09-08 17:10:12
1581,2026-08-08,AT&T,T,Communication,Provider_A,USD,288.41,921264760971.0,384355093198.0,84764961.0,2026-09-08 14:41:34
7618,2026-08-08,AT&T,T,Communication,Provider_A,USD,288.41,921264760971.0,384355093198.0,84764961.0,2026-09-08 14:41:34
1582,2026-08-08,AT&T,T,Communication,Provider_B,USD,288.19,920569694150.0,384065108728.0,84701008.0,2026-09-08 22:45:50
1583,2026-08-08,AT&T,T,Communication,Provider_C,USD,-287.6,918698238169.0,383284330315.0,84528817.0,2026-09-08 00:34:42
1584,2026-08-08,AT&T,T,Communication,Provider_D,USD,288.12,920335065166.0,383967220641.0,84679420.0,2026-09-08 22:38:39
1517,2026-08-08,AbbVie Inc.,ABBV,Healthcare,Provider_A,USD,632.29,3925636150503.0,381215128581.0,285971829.0,2026-09-08 10:31:38
1518,2026-08-08,AbbVie Inc.,ABBV,Healthcare,Provider_B,USD,631.4,3920150510678.0,380682422846.0,285572215.0,2026-09-08 05:35:29
1519,2026-08-08,AbbVie Inc.,ABBV,Healthcare,Provider_C,USD,629.9,3910818361027.0,379776185871.0,284892393.0,2026-09-08 15:05:34
1520,2026-08-08,AbbVie Inc.,ABBV,Healthcare,Provider_D,USD,630.77,3916203867304.0,380299167724.0,285284713.0,2026-09-08 14:51:59
1477,2026-08-08,Adobe Inc.,ADBE,Technology,Provider_A,USD,35.86,2388771194407.0,438492456694.0,103376434.0,2026-09-08 06:21:24
1478,2026-08-08,Adobe Inc.,ADBE,Technology,Provider_B,USD,35.65,2374838139039.0,435934848962.0,102773468.0,2026-09-08 14:33:26
1479,2026-08-08,Adobe Inc.,ADBE,Technology,Provider_C,USD,35.77,2382865486507.0,437408381178.0,103120859.0,2026-09-08 21:19:36
1480,2026-08-08,Adobe Inc.,ADBE,Technology,Provider_D,USD,35.74,2380860521323.0,437040341697.0,103034092.0,2026-09-08 10:04:24
1417,2026-08-08,Alphabet Inc.,GOOGL,Communication,Provider_A,USD,474.37,2360260186809.0,322004397484.0,173556063.0,2026-09-08 19:39:07
1418,2026-08-08,Alphabet Inc.,GOOGL,Communication,Provider_B,USD,474.45,2360657413327.0,322058590105.0,173585272.0,2026-09-08 08:22:59
1419,2026-08-08,Alphabet Inc.,GOOGL,Communication,Provider_C,USD,474.24,2359619772053.0,321917027300.0,173508971.0,2026-09-08 03:52:32
1420,2026-08-08,Alphabet Inc.,GOOGL,Communication,Provider_D,USD,474.01,2358471362100.0,321760352600.0,173424526.0,2026-09-08 05:41:10
1413,2026-08-08,Amazon.com Inc.,AMZN,Consumer,Provider_A,USD,69.0,1657679589750.0,127101390702.0,202780583.0,2026-09-08 00:14:54
1414,2026-08-08,Amazon.com Inc.,AMZN,Consumer,Provider_B,USD,69.13,1660783370683.0,127339370874.0,203160263.0,2026-09-08 12:01:54
1415,2026-08-08,Amazon.com Inc.,AMZN,Consumer,Provider_C,USD,69.13,1660660979944.0,-127329986652.0,203145291.0,2026-09-08 15:29:11
1416,2026-08-08,Amazon.com Inc.,AMZN,Consumer,Provider_D,USD,69.07,1659180932757.0,127216505098.0,202964240.0,2026-09-08 01:35:00
1401,2026-08-08,Apple Inc.,AAPL,Technology,Provider_A,USD,2049.0299999999997,1862632310937.0,50061022227.0,302420214.0,2026-09-08 12:39:41
1402,2026-08-08,Apple Inc.,AAPL,Technology,Provider_B,USD,682.32,1860753831412.0,50010535287.0,302115221.0,2026-09-08 23:47:02
1403,2026-08-08,Apple Inc.,AAPL,Technology,Provider_C,USD,685.8,1870255370408.0,50265903323.0,303657907.0,2026-09-08 22:02:06
1404,2026-08-08,Apple Inc.,AAPL,Technology,Provider_D,USD,683.03,1862705763483.0,50062996374.0,302432140.0,2026-09-08 10:23:51
1529,2026-08-08,Bank of America,BAC,Financials,Provider_A,USD,64.52,358502255709.0,173468347312.0,79189270.0,2026-09-08 18:06:54
1530,2026-08-08,Bank of America,BAC,Financials,Provider_B,USD,64.63,359157421072.0,173785361922.0,79333989.0,2026-09-08 08:46:25
1531,2026-08-08,Bank of America,BAC,Financials,Provider_C,USD,64.45,358102160395.0,173274753348.0,79100894.0,2026-09-08 13:51:11
1532,2026-08-08,Bank of America,BAC,Financials,Provider_D,USD,64.66,359309256158.0,173858830306.0,79367528.0,2026-09-08 09:35:08
1537,2026-08-08,Berkshire Hathaway,BRK.B,Financials,Provider_A,USD,504.48,1781897969545.0,41265819582.0,347210191.0,2026-09-08 19:29:33
1538,2026-08-08,Berkshire Hathaway,BRK.B,Financials,Provider_B,USD,504.9,1783397700423.0,41300550876.0,347502420.0,2026-09-08 14:54:22
1539,2026-08-08,Berkshire Hathaway,BRK.B,Financials,Provider_C,USD,504.83,1783137466099.0,41294524278.0,347451712.0,2026-09-08 05:44:42
1540,2026-08-08,Berkshire Hathaway,BRK.B,Financials,Provider_D,USD,505.23,1784563471287.0,41327548208.0,347729575.0,2026-09-08 23:27:07
1557,2026-08-08,Boeing Co.,BA,Industrials,Provider_A,USD,598.44,721508055747.0,268666598747.0,94382823.0,2026-09-08 01:53:35
1558,2026-08-08,Boeing Co.,BA,Industrials,Provider_B,USD,598.85,722002076643.0,268850556380.0,94447448.0,2026-09-08 10:32:41
1559,2026-08-08,Boeing Co.,BA,Industrials,Provider_C,USD,597.77,720691829870.0,268362662252.0,94276050.0,2026-09-08 17:28:27
1560,2026-08-08,Boeing Co.,BA,Industrials,Provider_D,USD,598.96,722132883930.0,268899264844.0,94464559.0,2026-09-08 08:14:02
1465,2026-08-08,Broadcom Inc.,AVGO,Technology,Provider_A,USD,645.62,1317231300717.0,298452291992.0,177342744.0,2026-09-08 12:04:14
1466,2026-08-08,Broadcom Inc.,AVGO,Technology,Provider_B,USD,645.28,1316545225635.0,298296844212.0,177250376.0,2026-09-08 17:03:17
1467,2026-08-08,Broadcom Inc.,AVGO,Technology,Provider_C,USD,645.01,1315995325684.0,298172250376.0,177176341.0,2026-09-08 08:14:37
1468,2026-08-08,Broadcom Inc.,AVGO,Technology,Provider_D,USD,646.78,1880227823407.7979,298989320387.0,177661851.0,2026-09-08 04:40:51
1561,2026-08-08,Caterpillar Inc.,CAT,Industrials,Provider_A,USD,311.87,3374718505918.0,327665486434.0,819697852.0,2026-09-08 03:03:30
1562,2026-08-08,Caterpillar Inc.,CAT,Industrials,Provider_B,USD,311.7,3372905925102.0,327489495407.0,819257588.0,2026-09-08 12:40:48
1563,2026-08-08,Caterpillar Inc.,CAT,Industrials,Provider_C,USD,312.27,3378992129536.0,328080430364.0,820735888.0,2026-09-08 14:24:24
1564,2026-08-08,Caterpillar Inc.,CAT,Industrials,Provider_D,USD,311.57,3829093330586.6704,327345484404.0,818897325.0,2026-09-08 09:03:45
1453,2026-08-08,Chevron Corp.,CVX,Energy,Provider_A,USD,203.68,3971501015766.0,394688130652.0,380538102.0,2026-09-08 19:03:58
1454,2026-08-08,Chevron Corp.,CVX,Energy,Provider_B,USD,204.05,3978636597555.0,395397265416.0,381221813.0,2026-09-08 04:15:10
1455,2026-08-08,Chevron Corp.,CVX,Energy,Provider_C,USD,204.61,3989581971199.0,396485017640.0,382270568.0,2026-09-08 06:14:20
1456,2026-08-08,Chevron Corp.,CVX,Energy,Provider_D,USD,204.45,3986348434364.0,396163668457.0,381960740.0,2026-09-08 10:10:00
1493,2026-08-08,Cisco Systems,CSCO,Technology,Provider_A,USD,71.0,883931400898.0,119831717344.0,32660995.0,2026-09-08 14:21:11
1494,2026-08-08,Cisco Systems,CSCO,Technology,Provider_B,USD,70.87,882218326574.0,119599481406.0,32597698.0,2026-09-08 10:08:59
1495,2026-08-08,Cisco Systems,CSCO,Technology,Provider_C,USD,70.97,883538869555.0,119778503141.0,32646491.0,2026-09-08 10:56:40
1496,2026-08-08,Cisco Systems,CSCO,Technology,Provider_D,USD,70.89,882482735298.0,119635326440.0,32607467.0,2026-09-08 23:34:31
1441,2026-08-08,Coca-Cola,KO,Consumer,Provider_A,USD,438.7,2814126705458.0,,257433702.0,2026-09-08 04:27:21
1442,2026-08-08,Coca-Cola,KO,Consumer,Provider_B,USD,439.0,2816077471237.0,215391319127.0,257612156.0,2026-09-08 13:10:02
1443,2026-08-08,Coca-Cola,KO,Consumer,Provider_C,USD,438.86,2815173965175.0,215322213300.0,257529505.0,2026-09-08 17:14:30
1444,2026-08-08,Coca-Cola,KO,Consumer,Provider_D,USD,439.18,2817194839263.0,215476782463.0,257714372.0,2026-09-08 15:14:55
1589,2026-08-08,Comcast,CMCSA,Communication,Provider_A,USD,634.35,366918810928.0,173870123994.0,39824314.0,2026-09-08 18:08:33
1590,2026-08-08,Comcast,CMCSA,Communication,Provider_B,USD,,366752596560.0,173791360758.0,39806274.0,2026-09-08 05:15:31
1591,2026-08-08,Comcast,CMCSA,Communication,Provider_C,USD,634.66,367097997233.0,173955034181.0,39843762.0,2026-09-08 13:09:58
1592,2026-08-08,Comcast,CMCSA,Communication,Provider_D,USD,636.4,368102629949.0,174431094851.0,39952802.0,2026-09-08 13:02:02
1549,2026-08-08,ConocoPhillips,COP,Energy,Provider_A,USD,288.18,207621786508.0,447423593472.0,43612494.0,2026-09-08 16:23:42
1550,2026-08-08,ConocoPhillips,COP,Energy,Provider_B,USD,288.14,207592994590.0,447361547078.0,43606446.0,2026-09-08 22:55:03
1551,2026-08-08,ConocoPhillips,COP,Energy,Provider_C,USD,288.44,207809606653.0,447828344658.0,43651947.0,2026-09-08 15:37:12
1552,2026-08-08,ConocoPhillips,COP,Energy,Provider_D,USD,288.32,207723180788.0,447642097484.0,43633793.0,2026-09-08 01:52:55
1545,2026-08-08,Duke Energy,DUK,Utilities,Provider_A,USD,686.95,298282567894.0,389182674785.0,53367441.0,2026-09-08 10:54:21
1546,2026-08-08,Duke Energy,DUK,Utilities,Provider_B,USD,689.06,299197618848.0,390376582898.0,53531158.0,2026-09-08 15:58:26
1547,2026-08-08,Duke Energy,DUK,Utilities,Provider_C,USD,688.91,299131918115.0,390290860199.0,53519403.0,2026-09-08 18:37:15
1548,2026-08-08,Duke Energy,DUK,Utilities,Provider_D,USD,690.42,430617761149.148,391148966400.0,53637073.0,2026-09-08 09:28:44
1449,2026-08-08,Exxon Mobil,XOM,Energy,Provider_A,USD,47.05,1400955358189.0,96180720710.0,78694082.0,2026-09-08 10:02:49
1450,2026-08-08,Exxon Mobil,XOM,Energy,Provider_B,USD,47.06,1401189615772.0,96196803352.0,78707241.0,2026-09-08 05:51:38
1451,2026-08-08,Exxon Mobil,XOM,Energy,Provider_C,USD,47.04,1400600293026.0,96156344185.0,78674137.0,2026-09-08 00:07:21
1452,2026-08-08,Exxon Mobil,XOM,Energy,Provider_D,USD,46.94,1397713593269.0,95958161665.0,78511987.0,2026-09-08 05:52:07
1521,2026-08-08,Goldman Sachs,GS,Financials,Provider_A,USD,694.9,3750830612042.0,100115558003.0,434821982.0,2026-09-08 16:19:28
1522,2026-08-08,Goldman Sachs,GS,Financials,Provider_B,USD,696.13,3757472346120.0,100292836313.0,,2026-09-08 10:16:37
1523,2026-08-08,Goldman Sachs,GS,Financials,Provider_C,USD,694.67,3749590417732.0,100082455270.0,434678210.0,2026-09-08 21:23:36
1524,2026-08-08,Goldman Sachs,GS,Financials,Provider_D,USD,695.95,3756512717825.0,100267222328.0,435480691.0,2026-09-08 03:13:32
1573,2026-08-08,Home Depot,HD,Consumer,Provider_A,USD,275.52,1340813701246.0,179865652471.0,98810024.0,2026-09-08 18:25:15
1574,2026-08-08,Home Depot,HD,Consumer,Provider_B,USD,275.37,1340060174173.0,179764569346.0,98754493.0,2026-09-08 11:44:27
1575,2026-08-08,Home Depot,HD,Consumer,Provider_C,USD,274.78,1337210945417.0,179382354883.0,98544522.0,2026-09-08 16:02:22
1576,2026-08-08,Home Depot,HD,Consumer,Provider_D,USD,274.96,1338083444676.0,179499397726.0,98608820.0,2026-09-08 11:06:44
1485,2026-08-08,Intel Corp.,INTC,Technology,Provider_A,USD,189.8,2195950818326.0,208147456561.0,321538394.0,2026-09-08 21:33:43
1486,2026-08-08,Intel Corp.,INTC,Technology,Provider_B,USD,189.36,2190858677812.0,207664788148.0,320792786.0,2026-09-08 12:07:55
1487,2026-08-08,Intel Corp.,INTC,Technology,Provider_C,USD,190.02,2198469905908.0,208386233162.0,321907248.0,2026-09-08 00:54:12
1488,2026-08-08,Intel Corp.,INTC,Technology,Provider_D,USD,189.43,2191655650594.0,207740330758.0,320909482.0,2026-09-08 15:07:36
1429,2026-08-08,JPMorgan Chase,JPM,Financials,Provider_A,USD,736.57,2172733242161.0,165564851391.0,126302065.0,2026-09-08 00:01:04
1430,2026-08-08,JPMorgan Chase,JPM,Financials,Provider_B,USD,736.0,2171066707236.0,165437859452.0,126205188.0,2026-09-08 23:56:55
1431,2026-08-08,JPMorgan Chase,JPM,Financials,Provider_C,USD,735.64,2170001375891.0,165356679939.0,126143260.0,2026-09-08 22:56:34
7650,2026-08-08,JPMorgan Chase,JPM,Financials,Provider_C,USD,735.64,2170001375891.0,165356679939.0,126143260.0,2026-09-08 22:56:34
1432,2026-08-08,JPMorgan Chase,JPM,Financials,Provider_D,USD,368.17,2172042156413.0,165512189837.0,126261892.0,2026-09-08 18:02:01
1445,2026-08-08,Johnson & Johnson,JNJ,Healthcare,Provider_A,USD,583.28,1398320052357.0,292815638691.0,126628675.0,2026-09-08 01:48:43
1446,2026-08-08,Johnson & Johnson,JNJ,Healthcare,Provider_B,USD,582.69,1396884656983.0,292515059283.0,126498689.0,2026-09-08 09:38:06
1447,2026-08-08,Johnson & Johnson,JNJ,Healthcare,Provider_C,USD,582.35,1396072593170.0,292345008812.0,126425150.0,2026-09-08 21:47:52
1448,2026-08-08,Johnson & Johnson,JNJ,Healthcare,Provider_D,USD,583.21,1398141132552.0,292778171934.0,126612472.0,2026-09-08 07:55:26
1553,2026-08-08,Lockheed Martin,LMT,Industrials,Provider_A,USD,471.96,3921400514706.0,141058410662.0,948902177.0,2026-09-08 21:32:37
1554,2026-08-08,Lockheed Martin,LMT,Industrials,Provider_B,USD,470.71,3910998671204.0,140684241406.0,946385135.0,2026-09-08 11:23:50
1555,2026-08-08,Lockheed Martin,LMT,Industrials,Provider_C,USD,471.94,3921220060377.0,141051919460.0,948858511.0,2026-09-08 12:39:49
1556,2026-08-08,Lockheed Martin,LMT,Industrials,Provider_D,USD,471.52,3917697663001.0,140925213766.0,948006160.0,2026-09-08 15:24:32
1577,2026-08-08,Lowe's,LOW,Consumer,Provider_A,USD,135.7895,1028987278928.0,330177328931.0,69657284.0,2026-09-08 08:11:16
1578,2026-08-08,Lowe's,LOW,Consumer,Provider_B,USD,387.32,1027287851695.0,329632023507.0,69542242.0,2026-09-08 01:53:05
1579,2026-08-08,Lowe's,LOW,Consumer,Provider_C,USD,387.65,1028142407255.0,329906229883.0,69600091.0,2026-09-08 05:43:17
1580,2026-08-08,Lowe's,LOW,Consumer,Provider_D,USD,387.64,1028126499618.0,329901125504.0,69599014.0,2026-09-08 17:32:08
1461,2026-08-08,Mastercard Inc.,MA,Financials,Provider_A,USD,607.72,1998975484646.0,420692215614.0,325176912.0,2026-09-08 01:33:42
1462,2026-08-08,Mastercard Inc.,MA,Financials,Provider_B,USD,609.36,2004348507783.0,421822989366.0,326050951.0,2026-09-08 07:03:29
1463,2026-08-08,Mastercard Inc.,MA,Financials,Provider_C,USD,607.48,1998179720630.0,420524743962.0,325047464.0,2026-09-08 12:45:44
1464,2026-08-08,Mastercard Inc.,MA,Financials,Provider_D,USD,607.3,2523959016544.9395,420399746298.0,324950846.0,2026-09-08 03:01:40
1501,2026-08-08,McDonald's,MCD,Consumer,Provider_A,USD,651.46,1224118469292.0,442505390926.0,178263504.0,2026-09-08 19:52:26
1502,2026-08-08,McDonald's,MCD,Consumer,Provider_B,USD,651.65,1224475827294.0,442634571921.0,178315545.0,2026-09-08 17:00:16
1503,2026-08-08,McDonald's,MCD,Consumer,Provider_C,USD,650.72,1222725287037.0,442001770832.0,178060620.0,2026-09-08 20:28:20
1504,2026-08-08,McDonald's,MCD,Consumer,Provider_D,USD,653.58,1228108678790.0,443947807863.0,178844582.0,2026-09-08 04:14:22
1513,2026-08-08,Merck & Co.,MRK,Healthcare,Provider_A,USD,162.16,2002620195338.0,58583563963.0,382066566.0,2026-09-08 22:44:35
1514,2026-08-08,Merck & Co.,MRK,Healthcare,Provider_B,USD,162.74,2003821450716.0,58618704836.0,382295745.0,2026-09-08 22:59:45
1515,2026-08-08,Merck & Co.,MRK,Healthcare,Provider_C,USD,161.95,1999978705593.0,58506291256.0,381562613.0,2026-09-08 11:51:48
1516,2026-08-08,Merck & Co.,MRK,Healthcare,Provider_D,USD,161.49,1994284884096.0,58339727293.0,380476327.0,2026-09-08 09:35:23
1421,2026-08-08,Meta Platforms,META,Communication,Provider_A,USD,327.22,1723468104529.0,292490273366.0,79403059.0,2026-09-08 06:06:43
1422,2026-08-08,Meta Platforms,META,Communication,Provider_B,USD,328.07,1727953677699.0,293251521293.0,79609717.0,2026-09-08 00:22:45
1423,2026-08-08,Meta Platforms,META,Communication,Provider_C,USD,327.85,1726812032978.0,293057772436.0,79557120.0,2026-09-08 00:12:58
1424,2026-08-08,Meta Platforms,META,Communication,Provider_D,USD,327.59,1725426095029.0,292822564503.0,79493267.0,2026-09-08 17:29:42
1405,2026-08-08,Microsoft Corp.,MSFT,Technology,Provider_A,USD,228.51,3044056876071.0,64993462676.0,235963686.0,2026-09-08 14:47:49
1406,2026-08-08,Microsoft Corp.,MSFT,Technology,Provider_B,USD,228.12,3038778986443.0,64880774794.0,235554564.0,2026-09-08 19:05:37
1407,2026-08-08,Microsoft Corp.,MSFT,Technology,Provider_C,USD,228.55,3044567394148.0,65004362715.0,236003260.0,2026-09-08 20:27:26
1408,2026-08-08,Microsoft Corp.,MSFT,Technology,Provider_D,USD,228.7,3046566187855.0,65047038831.0,236158198.0,2026-09-08 17:50:42
1525,2026-08-08,Morgan Stanley,MS,Financials,Provider_A,USD,72.2,1929899531320.0,230411231044.0,167854009.0,2026-09-08 08:49:06
1526,2026-08-08,Morgan Stanley,MS,Financials,Provider_B,USD,72.28,1931952507495.0,230656336429.0,168032568.0,2026-09-08 20:40:22
1527,2026-08-08,Morgan Stanley,MS,Financials,Provider_C,USD,72.44,1936440003894.0,231192099847.0,168422870.0,2026-09-08 09:04:02
1528,2026-08-08,Morgan Stanley,MS,Financials,Provider_D,USD,72.19,1929682896785.0,230385366987.0,167835167.0,2026-09-08 09:23:20
1409,2026-08-08,NVIDIA Corp.,NVDA,Technology,Provider_A,USD,212.22,243430546348.30026,257173320627.0,39593044.0,2026-09-08 23:09:28
1410,2026-08-08,NVIDIA Corp.,NVDA,Technology,Provider_B,USD,212.18,211215137231.0,257135312309.0,39587192.0,2026-09-08 06:46:30
1411,2026-08-08,NVIDIA Corp.,NVDA,Technology,Provider_C,USD,212.42,211448094068.0,257418916173.0,39630854.0,2026-09-08 21:13:13
1412,2026-08-08,NVIDIA Corp.,NVDA,Technology,Provider_D,USD,211.87,210902601668.0,256754828548.0,39528615.0,2026-09-08 12:20:58
1473,2026-08-08,Netflix Inc.,NFLX,Communication,Provider_A,USD,261.17,1713057869671.0,140260395937.0,398433553.0,2026-09-08 02:43:11
1474,2026-08-08,Netflix Inc.,NFLX,Communication,Provider_B,USD,260.48,1708554572771.0,139891678559.0,397386148.0,2026-09-08 12:08:09
1475,2026-08-08,Netflix Inc.,NFLX,Communication,Provider_C,USD,260.97,1711781694789.0,140155906301.0,398136732.0,2026-09-08 22:24:00
1476,2026-08-08,Netflix Inc.,NFLX,Communication,Provider_D,USD,260.94,1711590804410.0,140140276729.0,398092334.0,2026-09-08 00:44:27
1541,2026-08-08,NextEra Energy,NEE,Utilities,Provider_A,USD,48.09,2638378254108.0,414972784233.0,142467307.0,2026-09-08 20:16:31
1542,2026-08-08,NextEra Energy,NEE,Utilities,Provider_B,USD,48.11,2639684494691.0,415178234036.0,142537841.0,2026-09-08 22:49:21
1543,2026-08-08,NextEra Energy,NEE,Utilities,Provider_C,USD,48.19,2644245298650.0,415895572239.0,142784116.0,2026-09-08 18:08:48
1544,2026-08-08,NextEra Energy,NEE,Utilities,Provider_D,USD,48.18,2643627215970.0,415798358169.0,142750741.0,2026-09-08 15:59:50
1505,2026-08-08,Nike Inc.,NKE,Consumer,Provider_A,USD,414.43,1103784553450.0,358799497635.0,213359404.0,2026-09-08 07:04:56
1506,2026-08-08,Nike Inc.,NKE,Consumer,Provider_B,USD,415.54,1106747733599.0,359762717808.0,213932181.0,2026-09-08 07:48:01
1507,2026-08-08,Nike Inc.,NKE,Consumer,Provider_C,USD,415.18,1105785863135.0,359450049328.0,213746254.0,2026-09-08 16:27:52
1508,2026-08-08,Nike Inc.,NKE,Consumer,Provider_D,USD,415.05,1105450972154.0,359341188667.0,213681520.0,2026-09-08 10:00:27
1469,2026-08-08,Oracle Corp.,ORCL,Technology,Provider_A,USD,550.31,1534713982131.0,368418230372.0,104218247.0,2026-09-08 18:37:19
7695,2026-08-08,Oracle Corp.,ORCL,Technology,Provider_A,USD,550.31,1534713982131.0,368418230372.0,104218247.0,2026-09-08 18:37:19
1470,2026-08-08,Oracle Corp.,ORCL,Technology,Provider_B,USD,550.55,1535388402031.0,368580129324.0,104264045.0,2026-09-08 02:00:28
1471,2026-08-08,Oracle Corp.,ORCL,Technology,Provider_C,USD,550.23,1534493153536.0,368365219009.0,104203251.0,2026-09-08 03:31:58
1472,2026-08-08,Oracle Corp.,ORCL,Technology,Provider_D,USD,549.39,1532143628637.0,367801200035.0,104043701.0,2026-09-08 23:24:12
1497,2026-08-08,PepsiCo,PEP,Consumer,Provider_A,USD,241.65,3338082999227.0,408625877078.0,262795409.0,2026-09-08 05:51:24
1498,2026-08-08,PepsiCo,PEP,Consumer,Provider_B,USD,242.38,3348155799314.0,409858922143.0,263588405.0,2026-09-08 15:14:05
1499,2026-08-08,PepsiCo,PEP,Consumer,Provider_C,USD,241.68,3338383446631.0,408662655847.0,262819062.0,2026-09-08 01:55:38
1500,2026-08-08,PepsiCo,PEP,Consumer,Provider_D,USD,241.82,3340402418291.0,408909804904.0,262978009.0,2026-09-08 17:35:47
1509,2026-08-08,Pfizer Inc.,PFE,Healthcare,Provider_A,USD,224.9,3737424487788.0,200016801993.0,639752679.0,2026-09-08 20:55:55
1510,2026-08-08,Pfizer Inc.,PFE,Healthcare,Provider_B,USD,224.58,3732032727030.0,199728249609.0,638829746.0,2026-09-08 18:10:57
1511,2026-08-08,Pfizer Inc.,PFE,Healthcare,Provider_C,USD,224.39,3728917815330.0,199561548000.0,638296552.0,2026-09-08 15:06:14
1512,2026-08-08,Pfizer Inc.,PFE,Healthcare,Provider_D,USD,224.77,3735245943447.0,199900212220.0,639379767.0,2026-09-08 01:35:34
1457,2026-08-08,Procter & Gamble,PG,Consumer,Provider_A,USD,683.2,3127382623938.0,65448949063.0,484440351.0,2026-09-08 01:24:32
1458,2026-08-08,Procter & Gamble,PG,Consumer,Provider_B,USD,684.84,,65605678589.0,485600432.0,2026-09-08 00:42:09
1459,2026-08-08,Procter & Gamble,PG,Consumer,Provider_C,USD,684.14,3131674799014.0,65538774448.0,485105221.0,2026-09-08 05:32:02
1460,2026-08-08,Procter & Gamble,PG,Consumer,Provider_D,USD,681.95,3121657302953.0,65329131220.0,483553483.0,2026-09-08 17:55:38
1593,2026-08-08,Qualcomm,QCOM,Technology,Provider_A,USD,472.76,2442057356462.0,60075695805.0,300094636.0,2026-09-08 23:04:36
1594,2026-08-08,Qualcomm,QCOM,Technology,Provider_B,USD,473.9,2447949145854.0,60220636441.0,300818654.0,2026-09-08 07:04:15
1595,2026-08-08,Qualcomm,QCOM,Technology,Provider_C,USD,474.31,2450063982734.0,60272662368.0,301078538.0,2026-09-08 18:56:06
1596,2026-08-08,Qualcomm,QCOM,Technology,Provider_D,USD,473.75,2447169100859.0,60201446987.0,300722798.0,2026-09-08 20:26:41
1481,2026-08-08,Salesforce Inc.,CRM,Technology,Provider_A,USD,567.05,3267544611468.0,55592371127.0,723928226.0,2026-09-08 18:21:48
1482,2026-08-08,Salesforce Inc.,CRM,Technology,Provider_B,USD,566.09,3262049998406.0,55498888526.0,722710888.0,2026-09-08 16:30:10
1483,2026-08-08,Salesforce Inc.,CRM,Technology,Provider_C,USD,567.23,3268575971263.0,55609918167.0,724156725.0,2026-09-08 22:53:49
1484,2026-08-08,Salesforce Inc.,CRM,Technology,Provider_D,USD,564.67,3253829865682.0,55359035296.0,720889708.0,2026-09-08 04:16:06
1425,2026-08-08,Tesla Inc.,TSLA,Automotive,Provider_A,USD,439.0,3219923267989.0,185610652976.0,368818711.0,2026-09-08 02:44:59
1426,2026-08-08,Tesla Inc.,TSLA,Automotive,Provider_B,USD,438.4,4171662203630.1963,185358371907.0,368317414.0,2026-09-08 13:42:57
1427,2026-08-08,Tesla Inc.,TSLA,Automotive,Provider_C,USD,438.34,3215108112258.0,185333086051.0,368267170.0,2026-09-08 15:14:23
1428,2026-08-08,Tesla Inc.,TSLA,Automotive,Provider_D,USD,438.33,3215043402701.0,185329355905.0,368259758.0,2026-09-08 03:08:31
1597,2026-08-08,Texas Instruments,TXN,Technology,Provider_A,USD,152.1,3674293857909.0,312298526468.0,122246492.0,2026-09-08 06:24:52
1598,2026-08-08,Texas Instruments,TXN,Technology,Provider_B,USD,152.24,3677595692155.0,312579167595.0,122356346.0,2026-09-08 07:33:09
1599,2026-08-08,Texas Instruments,TXN,Technology,Provider_C,USD,151.93,3670227231947.0,311952881469.0,122111192.0,2026-09-08 14:43:44
1600,2026-08-08,Texas Instruments,TXN,Technology,Provider_D,USD,152.1,3674226046193.0,312292762775.0,122244235.0,2026-09-08 13:25:17
1569,2026-08-08,UPS,UPS,Industrials,Provider_A,USD,132.26,2106589576681.0,96088746361.0,,2026-09-08 05:31:51
1570,2026-08-08,UPS,UPS,Industrials,Provider_B,USD,132.65,2112839425304.0,96373823305.0,166440103.0,2026-09-08 18:26:11
1571,2026-08-08,UPS,UPS,Industrials,Provider_C,USD,132.21,2105776082336.0,96051640105.0,165883684.0,2026-09-08 14:14:41
1572,2026-08-08,UPS,UPS,Industrials,Provider_D,USD,132.12,2104416548610.0,95989627128.0,165776586.0,2026-09-08 13:26:26
1565,2026-08-08,Union Pacific,UNP,Industrials,Provider_A,USD,122.55,3556181225475.0,379794451659.0,694147419.0,2026-09-08 05:21:31
1566,2026-08-08,Union Pacific,UNP,Industrials,Provider_B,USD,122.11,3543404330095.0,378429899723.0,691653438.0,2026-09-08 02:17:17
1567,2026-08-08,Union Pacific,UNP,Industrials,Provider_C,USD,122.01,3540665158810.0,378137360623.0,691118767.0,2026-09-08 11:06:24
1568,2026-08-08,Union Pacific,UNP,Industrials,Provider_D,USD,121.81,3534680042599.0,377498159810.0,689950504.0,2026-09-08 03:41:14
1585,2026-08-08,Verizon,VZ,Communication,Provider_A,USD,620.34,3873144593743.0,30290113730.0,329753107.0,2026-09-08 06:38:55
1586,2026-08-08,Verizon,VZ,Communication,Provider_B,USD,620.05,4963807965138.025,30276081468.0,329600345.0,2026-09-08 12:01:11
1587,2026-08-08,Verizon,VZ,Communication,Provider_C,USD,621.56,3880734075631.0,30349467639.0,330399263.0,2026-09-08 10:46:47
1588,2026-08-08,Verizon,VZ,Communication,Provider_D,USD,620.96,3876997568694.0,30320246106.0,330081143.0,2026-09-08 05:12:48
7704,2026-08-08,Verizon,VZ,Communication,Provider_D,USD,620.96,3876997568694.0,30320246106.0,330081143.0,2026-09-08 05:12:48
1433,2026-08-08,Visa Inc.,V,Financials,Provider_A,USD,124.5,1088861814682.0,76248021850.0,99575201.0,2026-09-08 06:06:54
7677,2026-08-08,Visa Inc.,V,Financials,Provider_A,USD,124.5,1088861814682.0,76248021850.0,99575201.0,2026-09-08 06:06:54
1434,2026-08-08,Visa Inc.,V,Financials,Provider_B,USD,124.14,1085743188097.0,76029638668.0,99290006.0,2026-09-08 14:20:01
7713,2026-08-08,Visa Inc.,V,Financials,Provider_B,USD,124.14,1085743188097.0,76029638668.0,99290006.0,2026-09-08 14:20:01
1435,2026-08-08,Visa Inc.,V,Financials,Provider_C,USD,124.11,1085436963877.0,76008195184.0,99262002.0,2026-09-08 03:53:48
1436,2026-08-08,Visa Inc.,V,Financials,Provider_D,USD,124.27,1086842601778.0,76106625589.0,99390546.0,2026-09-08 04:07:13
1437,2026-08-08,Walmart Inc.,WMT,Consumer,Provider_A,USD,716.03,1298142740504.0,45418423992.0,88705008.0,2026-09-08 22:53:17
1438,2026-08-08,Walmart Inc.,WMT,Consumer,Provider_B,USD,718.88,1303307619771.0,45599128832.0,89057936.0,2026-09-08 03:00:18
1439,2026-08-08,Walmart Inc.,WMT,Consumer,Provider_C,USD,719.51,1304467332608.0,45639703977.0,89137182.0,2026-09-08 09:08:49
1440,2026-08-08,Walmart Inc.,WMT,Consumer,Provider_D,USD,717.73,1301227047968.0,45526335380.0,88915766.0,2026-09-08 12:28:41
1533,2026-08-08,Wells Fargo,WFC,Financials,Provider_A,USD,656.89,629596334176.0,11672036283.0,112841347.0,2026-09-08 12:39:40
1534,2026-08-08,Wells Fargo,WFC,Financials,Provider_B,USD,657.37,630056366107.0,11680564778.0,112923798.0,2026-09-08 06:01:16
1535,2026-08-08,Wells Fargo,WFC,Financials,Provider_C,USD,656.14,628883881562.0,11658828180.0,112713655.0,2026-09-08 04:38:00
1536,2026-08-08,Wells Fargo,WFC,Financials,Provider_D,USD,655.47,628238380064.0,11646861280.0,112597963.0,2026-09-08 14:07:07
1689,2026-08-09,AMD,AMD,Technology,Provider_A,USD,104.8,1467155713989.0,403255950679.0,312201642.0,2026-09-08 05:11:25
1690,2026-08-09,AMD,AMD,Technology,Provider_B,USD,104.91,1468700486852.0,403680540137.0,312530360.0,2026-09-08 06:39:25
1691,2026-08-09,AMD,AMD,Technology,Provider_C,USD,104.82,1467517468628.0,403355380964.0,312278621.0,2026-09-08 19:07:51
1692,2026-08-09,AMD,AMD,Technology,Provider_D,USD,104.96,1469475971148.0,,312695379.0,2026-09-08 16:14:30
1781,2026-08-09,AT&T,T,Communication,Provider_A,USD,290.35,920686655112.0,383635564372.0,137145107.0,2026-09-08 09:43:35
1782,2026-08-09,AT&T,T,Communication,Provider_B,USD,290.61,921489831469.0,383970235254.0,137264747.0,2026-09-08 03:52:10
1783,2026-08-09,AT&T,T,Communication,Provider_C,USD,290.85,922267601611.0,384294319769.0,137380604.0,2026-09-08 01:21:13
1784,2026-08-09,AT&T,T,Communication,Provider_D,USD,289.79,918910232073.0,382895356994.0,136880491.0,2026-09-08 03:31:40
1717,2026-08-09,AbbVie Inc.,ABBV,Healthcare,Provider_A,USD,650.06,3898153758071.0,379162521310.0,124810936.0,2026-09-08 13:38:03
1718,2026-08-09,AbbVie Inc.,ABBV,Healthcare,Provider_B,USD,651.33,3905720884084.0,379898554509.0,125053220.0,2026-09-08 19:12:42
1719,2026-08-09,AbbVie Inc.,ABBV,Healthcare,Provider_C,USD,652.46,3912551630646.0,380562962136.0,125271926.0,2026-09-08 14:08:36
1720,2026-08-09,AbbVie Inc.,ABBV,Healthcare,Provider_D,USD,652.26,3911315924743.0,380442768476.0,125232362.0,2026-09-08 02:55:24
1677,2026-08-09,Adobe Inc.,ADBE,Technology,Provider_A,USD,34.82,2379160946655.0,436658071355.0,578140497.0,2026-09-08 02:42:08
1678,2026-08-09,Adobe Inc.,ADBE,Technology,Provider_B,USD,34.86,2382459406398.0,437263452454.0,578942029.0,2026-09-08 17:52:55
1679,2026-08-09,Adobe Inc.,ADBE,Technology,Provider_C,USD,34.93,2387110643437.0,438117114834.0,580072288.0,2026-09-08 14:48:58
1680,2026-08-09,Adobe Inc.,ADBE,Technology,Provider_D,USD,34.83,2379770140260.0,436769879387.0,578288532.0,2026-09-08 18:54:30
1617,2026-08-09,Alphabet Inc.,GOOGL,Communication,Provider_A,USD,475.35,2358961332516.0,321726557593.0,199625508.0,2026-09-08 01:06:34
1618,2026-08-09,Alphabet Inc.,GOOGL,Communication,Provider_B,USD,476.65,2365431701567.0,322609017823.0,200173059.0,2026-09-08 15:09:09
1619,2026-08-09,Alphabet Inc.,GOOGL,Communication,Provider_C,USD,474.88,2356645964639.0,321410776522.0,199429571.0,2026-09-08 20:53:17
1620,2026-08-09,Alphabet Inc.,GOOGL,Communication,Provider_D,USD,474.8,-2356228004803.0,321353773137.0,199394202.0,2026-09-08 07:15:34
1613,2026-08-09,Amazon.com Inc.,AMZN,Consumer,Provider_A,USD,67.7,1663484025759.0,127398354180.0,413131200.0,2026-09-08 18:41:54
1614,2026-08-09,Amazon.com Inc.,AMZN,Consumer,Provider_B,USD,67.54,1659474212292.0,127091261579.0,412135351.0,2026-09-08 01:36:54
1615,2026-08-09,Amazon.com Inc.,AMZN,Consumer,Provider_C,USD,67.55,1659801260150.0,127116308624.0,412216574.0,2026-09-08 18:27:05
1616,2026-08-09,Amazon.com Inc.,AMZN,Consumer,Provider_D,USD,67.73,1980614426303.9011,127460385522.0,413332357.0,2026-09-08 00:38:57
1601,2026-08-09,Apple Inc.,AAPL,Technology,Provider_A,USD,679.67,1860646301372.0,50055717752.0,386107140.0,2026-09-08 13:08:01
1602,2026-08-09,Apple Inc.,AAPL,Technology,Provider_B,USD,679.64,1860567761471.0,50053604845.0,386090842.0,2026-09-08 02:02:31
1603,2026-08-09,Apple Inc.,AAPL,Technology,Provider_C,USD,681.14,1864647392305.0,50163356414.0,386937416.0,2026-09-08 00:50:59
1604,2026-08-09,Apple Inc.,AAPL,Technology,Provider_D,USD,680.23,1862171936907.0,50096760900.0,386423728.0,2026-09-08 16:27:35
1729,2026-08-09,Bank of America,BAC,Financials,Provider_A,USD,64.96,358159804470.0,173317900327.0,28710784.0,2026-09-08 17:54:59
1730,2026-08-09,Bank of America,BAC,Financials,Provider_B,USD,65.19,359433982809.0,173934490775.0,28812925.0,2026-09-08 05:49:14
1731,2026-08-09,Bank of America,BAC,Financials,Provider_C,USD,65.02,358526958232.0,173495570513.0,28740216.0,2026-09-08 20:16:06
1732,2026-08-09,Bank of America,BAC,Financials,Provider_D,USD,64.97,358228314290.0,173351053065.0,28716276.0,2026-09-08 14:24:38
1737,2026-08-09,Berkshire Hathaway,BRK.B,Financials,Provider_A,USD,505.38,1787544105429.0,41330482166.0,108992959.0,2026-09-08 19:41:53
1738,2026-08-09,Berkshire Hathaway,BRK.B,Financials,Provider_B,USD,504.41,1784117562823.0,41251255780.0,108784031.0,2026-09-08 01:09:36
1739,2026-08-09,Berkshire Hathaway,BRK.B,Financials,Provider_C,USD,504.61,1784833748246.0,41267814974.0,108827699.0,2026-09-08 09:31:28
1740,2026-08-09,Berkshire Hathaway,BRK.B,Financials,Provider_D,USD,505.16,1786785895162.0,41312951300.0,108946729.0,2026-09-08 21:22:32
1757,2026-08-09,Boeing Co.,BA,Industrials,Provider_A,USD,596.08,722304191942.0,268332447916.0,178582500.0,2026-09-08 11:23:33
1758,2026-08-09,Boeing Co.,BA,Industrials,Provider_B,USD,596.4,722700216844.0,268479569216.0,178680413.0,2026-09-08 00:52:42
1759,2026-08-09,Boeing Co.,BA,Industrials,Provider_C,USD,597.39,723892050234.0,268922329447.0,178975082.0,2026-09-08 03:15:58
1760,2026-08-09,Boeing Co.,BA,Industrials,Provider_D,USD,598.96,722822905701.0,268525147522.0,178710746.0,2026-09-08 07:02:55
1665,2026-08-09,Broadcom Inc.,AVGO,Technology,Provider_A,USD,635.65,1321823842178.0,298862492581.0,105213277.0,2026-09-08 07:59:06
1666,2026-08-09,Broadcom Inc.,AVGO,Technology,Provider_B,USD,636.33,1323244371638.0,299183672273.0,105326347.0,2026-09-08 03:17:01
1667,2026-08-09,Broadcom Inc.,AVGO,Technology,Provider_C,USD,636.09,1322745418571.0,299070859694.0,105286631.0,2026-09-08 21:53:49
1668,2026-08-09,Broadcom Inc.,AVGO,Technology,Provider_D,USD,635.24,1320978442042.0,298671348811.0,105145985.0,2026-09-08 07:06:05
1761,2026-08-09,Caterpillar Inc.,CAT,Industrials,Provider_A,USD,311.37,3373505459688.0,327813465733.0,281702817.0,2026-09-08 00:16:40
1762,2026-08-09,Caterpillar Inc.,CAT,Industrials,Provider_B,USD,311.18,3371542374483.0,327622706959.0,281538891.0,2026-09-08 13:50:24
1763,2026-08-09,Caterpillar Inc.,CAT,Industrials,Provider_C,USD,311.83,3378492714933.0,328298092020.0,282119275.0,2026-09-08 04:36:44
1764,2026-08-09,Caterpillar Inc.,CAT,Industrials,Provider_D,USD,311.24,3372147309500.0,327681490277.0,281589405.0,2026-09-08 04:14:25
1653,2026-08-09,Chevron Corp.,CVX,Energy,Provider_A,USD,206.84,3990624219097.0,396303253064.0,346983528.0,2026-09-08 19:23:19
1654,2026-08-09,Chevron Corp.,CVX,Energy,Provider_B,USD,206.57,3985365880463.0,395781054883.0,346526317.0,2026-09-08 01:15:34
1655,2026-08-09,Chevron Corp.,CVX,Energy,Provider_C,USD,206.97,3993058729343.0,396545020837.0,347195208.0,2026-09-08 01:03:00
1656,2026-08-09,Chevron Corp.,CVX,Energy,Provider_D,USD,206.8,3989875601495.0,396228908907.0,346918436.0,2026-09-08 10:36:25
1693,2026-08-09,Cisco Systems,CSCO,Technology,Provider_A,USD,71.62,883351112762.0,119797628194.0,204275686.0,2026-09-08 04:53:21
1694,2026-08-09,Cisco Systems,CSCO,Technology,Provider_B,USD,71.71,884493327441.0,119952532181.0,204539825.0,2026-09-08 13:19:35
1695,2026-08-09,Cisco Systems,CSCO,Technology,Provider_C,USD,71.8,885572269345.0,120098855290.0,204789331.0,2026-09-08 22:39:41
1696,2026-08-09,Cisco Systems,CSCO,Technology,Provider_D,USD,71.66,883880974641.0,119869486592.0,204398217.0,2026-09-08 23:23:51
1641,2026-08-09,Coca-Cola,KO,Consumer,Provider_A,USD,437.85,2814618449922.0,215247048255.0,410770684.0,2026-09-08 17:24:06
1642,2026-08-09,Coca-Cola,KO,Consumer,Provider_B,USD,438.03,2815821657142.0,215339063143.0,410946282.0,2026-09-08 19:52:59
1643,2026-08-09,Coca-Cola,KO,Consumer,Provider_C,USD,438.76,2820481873073.0,215695451670.0,411626403.0,2026-09-08 00:48:23
1644,2026-08-09,Coca-Cola,KO,Consumer,Provider_D,USD,437.9,2814967510519.0,215273742553.0,410821626.0,2026-09-08 22:40:26
1789,2026-08-09,Comcast,CMCSA,Communication,Provider_A,USD,624.6,367151798939.0,173651728201.0,61195859.0,2026-09-08 00:09:25
1790,2026-08-09,Comcast,CMCSA,Communication,Provider_B,USD,625.37,367604634697.0,173865905858.0,61271336.0,2026-09-08 09:02:17
1791,2026-08-09,Comcast,CMCSA,Communication,Provider_C,USD,625.57,367721333908.0,173921101065.0,61290787.0,2026-09-08 04:19:36
1792,2026-08-09,Comcast,CMCSA,Communication,Provider_D,USD,625.36,367601524625.0,173864434888.0,61270818.0,2026-09-08 02:00:29
1749,2026-08-09,ConocoPhillips,COP,Energy,Provider_A,USD,291.21,206859542676.0,447158515927.0,35368330.0,2026-09-08 12:20:33
1750,2026-08-09,ConocoPhillips,COP,Energy,Provider_B,USD,290.96,206681048634.0,446772673776.0,35337812.0,2026-09-08 08:23:54
1751,2026-08-09,ConocoPhillips,COP,Energy,Provider_C,USD,289.78,205840027920.0,444954678969.0,35194016.0,2026-09-08 10:05:32
1752,2026-08-09,ConocoPhillips,COP,Energy,Provider_D,USD,291.2,206850127846.0,447138164332.0,35366721.0,2026-09-08 17:35:31
1745,2026-08-09,Duke Energy,DUK,Utilities,Provider_A,USD,696.68,299442234529.0,391477785672.0,67788889.0,2026-09-08 04:51:15
1746,2026-08-09,Duke Energy,DUK,Utilities,Provider_B,USD,693.23,336415682022.6235,389539688588.0,67453285.0,2026-09-08 22:55:10
1747,2026-08-09,Duke Energy,DUK,Utilities,Provider_C,USD,696.26,299264931320.0,391245987149.0,67748751.0,2026-09-08 21:04:57
1748,2026-08-09,Duke Energy,DUK,Utilities,Provider_D,USD,694.12,298344605280.0,390042792814.0,67540404.0,2026-09-08 03:17:44
1649,2026-08-09,Exxon Mobil,XOM,Energy,Provider_A,USD,46.46,1402287452128.0,96233957680.0,45256277.0,2026-09-08 12:44:35
1650,2026-08-09,Exxon Mobil,XOM,Energy,Provider_B,USD,46.32,1398119746247.0,95947942975.0,45121772.0,2026-09-08 06:55:16
1651,2026-08-09,Exxon Mobil,XOM,Energy,Provider_C,USD,46.36,1399176136437.0,96020439245.0,45155865.0,2026-09-08 14:37:12
1652,2026-08-09,Exxon Mobil,XOM,Energy,Provider_D,USD,46.44,1401543710539.0,96182917362.0,45232274.0,2026-09-08 23:11:58
1721,2026-08-09,Goldman Sachs,GS,Financials,Provider_A,USD,693.63,3771502294572.0,100228418700.0,337817496.0,2026-09-08 13:35:06
1722,2026-08-09,Goldman Sachs,GS,Financials,Provider_B,USD,692.95,3767828134074.0,100130777159.0,337488397.0,2026-09-08 21:56:57
1723,2026-08-09,Goldman Sachs,GS,Financials,Provider_C,USD,694.97,3778817000755.0,100422808462.0,338472682.0,2026-09-08 19:02:52
1724,2026-08-09,Goldman Sachs,GS,Financials,Provider_D,USD,695.22,3780137940813.0,100457912705.0,338591000.0,2026-09-08 20:25:12
1773,2026-08-09,Home Depot,HD,Consumer,Provider_A,USD,274.44,1339974709872.0,180238281589.0,197629164.0,2026-09-08 14:34:02
1774,2026-08-09,Home Depot,HD,Consumer,Provider_B,USD,273.58,1335760154266.0,179671387113.0,197007571.0,2026-09-08 13:04:54
1775,2026-08-09,Home Depot,HD,Consumer,Provider_C,USD,273.07,1333254131847.0,179334305248.0,196637964.0,2026-09-08 14:44:19
1776,2026-08-09,Home Depot,HD,Consumer,Provider_D,USD,273.48,1335269291000.0,179605361724.0,196935175.0,2026-09-08 18:13:37
1685,2026-08-09,Intel Corp.,INTC,Technology,Provider_A,USD,190.82,2200563900705.0,207935355476.0,311614995.0,2026-09-08 22:50:49
1686,2026-08-09,Intel Corp.,INTC,Technology,Provider_B,USD,191.08,2203568919656.0,208219305278.0,312040526.0,2026-09-08 09:27:38
1687,2026-08-09,Intel Corp.,INTC,Technology,Provider_C,USD,191.27,2205723841894.0,208422927868.0,312345678.0,2026-09-08 08:00:39
1688,2026-08-09,Intel Corp.,INTC,Technology,Provider_D,EUR,191.21,2205088444972.0,208362888037.0,312255702.0,2026-09-08 09:52:00
1629,2026-08-09,JPMorgan Chase,JPM,Financials,Provider_A,USD,720.02,2177437022200.0,,253069295.0,2026-09-08 17:33:49
1630,2026-08-09,JPMorgan Chase,JPM,Financials,Provider_B,USD,,2168383144478.0,165045623900.0,252017022.0,2026-09-08 21:05:38
1631,2026-08-09,JPMorgan Chase,JPM,Financials,Provider_C,USD,718.0,2171331185136.0,165270012847.0,252359654.0,2026-09-08 12:13:49
1632,2026-08-09,JPMorgan Chase,JPM,Financials,Provider_D,USD,717.84,2170843675726.0,165232906261.0,252302994.0,2026-09-08 21:35:52
1645,2026-08-09,Johnson & Johnson,JNJ,Healthcare,Provider_A,USD,581.38,1400808280743.0,293224249214.0,98869906.0,2026-09-08 15:52:16
1646,2026-08-09,Johnson & Johnson,JNJ,Healthcare,Provider_B,USD,580.72,1399234354906.0,292894787125.0,98758818.0,2026-09-08 11:37:03
1647,2026-08-09,Johnson & Johnson,JNJ,Healthcare,Provider_C,USD,579.86,1397160764608.0,292460732754.0,98612462.0,2026-09-08 13:37:09
1648,2026-08-09,Johnson & Johnson,JNJ,Healthcare,Provider_D,USD,581.01,1399920345010.0,293038382031.0,98807235.0,2026-09-08 16:45:11
1753,2026-08-09,Lockheed Martin,LMT,Industrials,Provider_A,USD,469.67,3926425364265.0,141265252796.0,555056072.0,2026-09-08 20:04:40
1754,2026-08-09,Lockheed Martin,LMT,Industrials,Provider_B,USD,469.5,3924953664333.0,141212303856.0,554848026.0,2026-09-08 18:40:32
1755,2026-08-09,Lockheed Martin,LMT,Industrials,Provider_C,USD,468.88,3919798172650.0,141026819154.0,554119224.0,2026-09-08 20:46:09
1756,2026-08-09,Lockheed Martin,LMT,Industrials,Provider_D,USD,469.54,5259158506525.069,141225914745.0,554901506.0,2026-09-08 13:45:30
1777,2026-08-09,Lowe's,LOW,Consumer,Provider_A,USD,384.19,1021952240828.0,328627594056.0,130660903.0,2026-09-08 02:46:43
1778,2026-08-09,Lowe's,LOW,Consumer,Provider_B,USD,385.28,1024846915510.0,329558430096.0,131030999.0,2026-09-08 01:49:19
1779,2026-08-09,Lowe's,LOW,Consumer,Provider_C,USD,384.98,1024046878598.0,329301163469.0,130928711.0,2026-09-08 14:52:45
1780,2026-08-09,Lowe's,LOW,Consumer,Provider_D,USD,385.52,1025490201699.0,329765290636.0,131113246.0,2026-09-08 03:42:26
1661,2026-08-09,Mastercard Inc.,MA,Financials,Provider_A,USD,627.45,2001559021551.0,420975090156.0,335151547.0,2026-09-08 06:48:16
1662,2026-08-09,Mastercard Inc.,MA,Financials,Provider_B,USD,627.43,2001484030410.0,420959317750.0,335138990.0,2026-09-08 03:29:38
1663,2026-08-09,Mastercard Inc.,MA,Financials,Provider_C,USD,627.79,2002619342168.0,421198100601.0,335329092.0,2026-09-08 11:23:10
1664,2026-08-09,Mastercard Inc.,MA,Financials,Provider_D,USD,628.46,2004761655445.0,421648679632.0,335687812.0,2026-09-08 17:03:16
1701,2026-08-09,McDonald's,MCD,Consumer,Provider_A,USD,651.44,1228076948589.0,443293911578.0,144798403.0,2026-09-08 09:29:19
1702,2026-08-09,McDonald's,MCD,Consumer,Provider_B,USD,652.83,1230689369444.0,444236906446.0,145106425.0,2026-09-08 16:34:03
1703,2026-08-09,McDonald's,MCD,Consumer,Provider_C,USD,650.71,1226691014397.0,442793636583.0,144634992.0,2026-09-08 15:01:18
1704,2026-08-09,McDonald's,MCD,Consumer,Provider_D,USD,650.89,1227042729144.0,442920593617.0,144676462.0,2026-09-08 14:07:57
1713,2026-08-09,Merck & Co.,MRK,Healthcare,Provider_A,USD,164.6,1998863816656.0,58529347611.0,204991711.0,2026-09-08 21:11:54
1714,2026-08-09,Merck & Co.,MRK,Healthcare,Provider_B,INR,164.61,1999049140778.0,58534774144.0,205010717.0,2026-09-08 06:54:22
1715,2026-08-09,Merck & Co.,MRK,Healthcare,Provider_C,USD,164.28,1994985626869.0,58415789141.0,204593986.0,2026-09-08 01:54:21
1716,2026-08-09,Merck & Co.,MRK,Healthcare,Provider_D,USD,164.36,1996010799715.0,58445807543.0,204699122.0,2026-09-08 03:21:39
1621,2026-08-09,Meta Platforms,META,Communication,Provider_A,USD,326.86,1725285411648.0,292699341602.0,84219470.0,2026-09-08 04:36:35
1622,2026-08-09,Meta Platforms,META,Communication,Provider_B,USD,327.29,1727552776657.0,293084006215.0,84330151.0,2026-09-08 10:12:05
1623,2026-08-09,Meta Platforms,META,Communication,Provider_C,USD,327.22,1727208104764.0,293025531695.0,84313326.0,2026-09-08 19:08:09
1624,2026-08-09,Meta Platforms,META,Communication,Provider_D,USD,326.38,1722780313949.0,292274344994.0,84097184.0,2026-09-08 21:09:49
1605,2026-08-09,Microsoft Corp.,MSFT,Technology,Provider_A,USD,227.08,3043327575964.0,64986085925.0,515472595.0,2026-09-08 03:30:43
1606,2026-08-09,Microsoft Corp.,MSFT,Technology,Provider_B,USD,227.5,3048934261037.0,65105808994.0,516422244.0,2026-09-08 10:53:11
1607,2026-08-09,Microsoft Corp.,MSFT,Technology,Provider_C,USD,226.99,3042056842089.0,64958951146.0,515257361.0,2026-09-08 03:42:46
1608,2026-08-09,Microsoft Corp.,MSFT,Technology,Provider_D,USD,227.47,3048486842882.0,65096254993.0,516346461.0,2026-09-08 23:05:51
1725,2026-08-09,Morgan Stanley,MS,Financials,Provider_A,USD,128.502,1930302581714.0,230325440536.0,478189530.0,2026-09-08 11:26:00
1726,2026-08-09,Morgan Stanley,MS,Financials,Provider_B,USD,71.48,1932655828447.0,230606232053.0,478772495.0,2026-09-08 06:51:27
1727,2026-08-09,Morgan Stanley,MS,Financials,Provider_C,USD,71.48,1932538474728.0,230592229302.0,478743423.0,2026-09-08 15:55:31
1728,2026-08-09,Morgan Stanley,MS,Financials,Provider_D,USD,71.33,1928630989232.0,230125984617.0,477775430.0,2026-09-08 18:12:09
1609,2026-08-09,NVIDIA Corp.,NVDA,Technology,Provider_A,USD,208.52,210930707998.0,256741062609.0,16190918.0,2026-09-08 01:22:51
1610,2026-08-09,NVIDIA Corp.,NVDA,Technology,Provider_B,USD,208.75,211170774627.0,257033267390.0,16209345.0,2026-09-08 14:53:04
1611,2026-08-09,NVIDIA Corp.,NVDA,Technology,Provider_C,USD,208.73,211144451045.0,257001226800.0,16207325.0,2026-09-08 10:02:07
1612,2026-08-09,NVIDIA Corp.,NVDA,Technology,Provider_D,USD,208.68,211100842436.0,256948147186.0,16203977.0,2026-09-08 15:49:50
1673,2026-08-09,Netflix Inc.,NFLX,Communication,Provider_A,USD,263.83,1711306549678.0,140392670157.0,225260184.0,2026-09-08 12:31:01
1674,2026-08-09,Netflix Inc.,NFLX,Communication,Provider_B,USD,263.47,1708910646849.0,140196114375.0,224944810.0,2026-09-08 12:56:59
1675,2026-08-09,Netflix Inc.,NFLX,Communication,Provider_C,USD,263.99,1712305357148.0,140474610618.0,225391658.0,2026-09-08 08:26:12
7666,2026-08-09,Netflix Inc.,NFLX,Communication,Provider_C,USD,263.99,1712305357148.0,140474610618.0,225391658.0,2026-09-08 08:26:12
1676,2026-08-09,Netflix Inc.,NFLX,Communication,Provider_D,USD,,1710040870917.0,140288836030.0,225093582.0,2026-09-08 20:44:16
1741,2026-08-09,NextEra Energy,NEE,Utilities,Provider_A,USD,49.22,2632985712184.0,414425232499.0,509767726.0,2026-09-08 08:44:55
1742,2026-08-09,NextEra Energy,NEE,Utilities,Provider_B,USD,49.3,3468960249988.774,415140988797.0,510648149.0,2026-09-08 07:07:42
1743,2026-08-09,NextEra Energy,NEE,Utilities,Provider_C,USD,49.29,2637025512913.0,415061086826.0,510549864.0,2026-09-08 14:13:47
1744,2026-08-09,NextEra Energy,NEE,Utilities,Provider_D,USD,49.37,2641457610847.0,415758687731.0,511407955.0,2026-09-08 00:16:33
1705,2026-08-09,Nike Inc.,NKE,Consumer,Provider_A,USD,414.43,1106666064660.0,359526310400.0,88252097.0,2026-09-08 09:30:40
1706,2026-08-09,Nike Inc.,NKE,Consumer,Provider_B,USD,406.25,1107134748918.0,359678573424.0,88289473.0,2026-09-08 15:32:42
1707,2026-08-09,Nike Inc.,NKE,Consumer,Provider_C,USD,406.43,1107607842621.0,359832268960.0,88327200.0,2026-09-08 03:29:23
1708,2026-08-09,Nike Inc.,NKE,Consumer,Provider_D,USD,405.89,1252234449086.4895,359359086847.0,88211049.0,2026-09-08 23:17:00
1669,2026-08-09,Oracle Corp.,ORCL,Technology,Provider_A,USD,550.31,1535304071484.0,368852815292.0,278113675.0,2026-09-08 23:32:22
1670,2026-08-09,Oracle Corp.,ORCL,Technology,Provider_B,USD,550.55,1530700737349.0,367746876223.0,277279801.0,2026-09-08 11:18:52
1671,2026-08-09,Oracle Corp.,ORCL,Technology,Provider_C,USD,559.78,1538393535868.0,369595051086.0,278673318.0,2026-09-08 02:14:45
1672,2026-08-09,Oracle Corp.,ORCL,Technology,Provider_D,USD,557.97,1533417481466.0,368399566941.0,277771928.0,2026-09-08 07:09:10
1697,2026-08-09,PepsiCo,PEP,Consumer,Provider_A,USD,243.83,3346038813552.0,409780572776.0,461814978.0,2026-09-08 12:43:46
1698,2026-08-09,PepsiCo,PEP,Consumer,Provider_B,USD,243.73,3344678789276.0,409614014180.0,,2026-09-08 19:18:58
1699,2026-08-09,PepsiCo,PEP,Consumer,Provider_C,USD,243.2,3337458331728.0,408729743736.0,460630713.0,2026-09-08 20:24:15
1700,2026-08-09,PepsiCo,PEP,Consumer,Provider_D,USD,243.88,3346790724643.0,409872657350.0,461918755.0,2026-09-08 23:53:14
1709,2026-08-09,Pfizer Inc.,PFE,Healthcare,Provider_A,USD,229.63,3725628529332.0,199590926448.0,439120522.0,2026-09-08 08:42:02
1710,2026-08-09,Pfizer Inc.,PFE,Healthcare,Provider_B,USD,229.73,3727287715210.0,199679813046.0,439316082.0,2026-09-08 14:42:29
1711,2026-08-09,Pfizer Inc.,PFE,Healthcare,Provider_C,USD,229.83,3728846000450.0,199763294153.0,439499749.0,2026-09-08 22:01:34
1712,2026-08-09,Pfizer Inc.,PFE,Healthcare,Provider_D,USD,229.83,3728853620296.0,199763702367.0,439500647.0,2026-09-08 20:41:22
1657,2026-08-09,Procter & Gamble,PG,Consumer,Provider_A,USD,693.56,3139686594164.0,65656227206.0,580892448.0,2026-09-08 02:28:59
1658,2026-08-09,Procter & Gamble,PG,Consumer,Provider_B,USD,691.8,3131726533389.0,65489768693.0,579419709.0,INVALID_TIMESTAMP
1659,2026-08-09,Procter & Gamble,PG,Consumer,Provider_C,USD,690.48,3125758076910.0,65364958040.0,578315448.0,2026-09-08 21:08:43
1660,2026-08-09,Procter & Gamble,PG,Consumer,Provider_D,USD,691.29,3129416847086.0,65441469195.0,578992380.0,2026-09-08 15:33:35
1793,2026-08-09,Qualcomm,QCOM,Technology,Provider_A,USD,466.47,2440194335635.0,60207791138.0,342104320.0,2026-09-08 00:53:07
1794,2026-08-09,Qualcomm,QCOM,Technology,Provider_B,USD,467.34,2444718337747.0,60319413467.0,342738565.0,2026-09-08 14:22:49
1795,2026-08-09,Qualcomm,QCOM,Technology,Provider_C,USD,465.83,2436831419148.0,60124816692.0,341632854.0,2026-09-08 08:52:13
1796,2026-08-09,Qualcomm,QCOM,Technology,Provider_D,USD,467.22,2444114867715.0,60304523834.0,342653961.0,2026-09-08 14:41:06
1681,2026-08-09,Salesforce Inc.,CRM,Technology,Provider_A,USD,565.43,3256995974607.0,55523942321.0,274283864.0,2026-09-08 08:41:28
1682,2026-08-09,Salesforce Inc.,CRM,Technology,Provider_B,USD,565.59,3257893378637.0,55539240900.0,274359438.0,2026-09-08 21:21:22
1683,2026-08-09,Salesforce Inc.,CRM,Technology,Provider_C,USD,568.11,3272438287369.0,55787196587.0,275584319.0,2026-09-08 04:06:44
1684,2026-08-09,Salesforce Inc.,CRM,Technology,Provider_D,USD,565.58,3257835226357.0,55538249543.0,274354540.0,2026-09-08 05:05:09
1625,2026-08-09,Tesla Inc.,TSLA,Automotive,Provider_A,USD,433.83,3219329741617.0,185516921918.0,298102575.0,2026-09-08 21:03:18
1626,2026-08-09,Tesla Inc.,TSLA,Automotive,Provider_B,USD,433.8,3219144266589.0,185506233744.0,298085401.0,2026-09-08 02:40:34
1627,2026-08-09,Tesla Inc.,TSLA,Automotive,Provider_C,USD,433.3,3215393074565.0,185290067755.0,297738049.0,2026-09-08 23:55:28
1628,2026-08-09,Tesla Inc.,TSLA,Automotive,Provider_D,USD,433.7,3218388116974.0,185462659907.0,298015383.0,2026-09-08 10:25:45
1797,2026-08-09,Texas Instruments,TXN,Technology,Provider_A,USD,153.44,3670650988792.0,312265721533.0,718993631.0,2026-09-08 13:19:00
1798,2026-08-09,Texas Instruments,TXN,Technology,Provider_B,USD,153.16,3664082038068.0,311706894735.0,717706929.0,2026-09-08 08:56:27
1799,2026-08-09,Texas Instruments,TXN,Technology,Provider_C,USD,153.11,3662785788792.0,311596621593.0,717453025.0,2026-09-08 07:54:39
1800,2026-08-09,Texas Instruments,TXN,Technology,Provider_D,USD,153.58,3674092210380.0,312558469480.0,719667685.0,2026-09-08 22:55:33
1769,2026-08-09,UPS,UPS,Industrials,Provider_A,USD,133.71,2111143078888.0,96295267864.0,394581416.0,2026-09-08 02:06:52
1770,2026-08-09,UPS,UPS,Industrials,Provider_B,USD,133.13,2101842895177.0,95871059912.0,392843173.0,2026-09-08 11:01:09
1771,2026-08-09,UPS,UPS,Industrials,Provider_C,USD,133.57,2108914138450.0,96193599522.0,394164818.0,2026-09-08 08:43:53
1772,2026-08-09,UPS,UPS,Industrials,Provider_D,USD,132.99,2099731420141.0,95774749502.0,392448530.0,2026-09-08 14:50:55
1765,2026-08-09,Union Pacific,UNP,Industrials,Provider_A,USD,121.88,3551927491597.0,379158387044.0,195410546.0,2026-09-08 13:35:37
1766,2026-08-09,Union Pacific,UNP,Industrials,Provider_B,USD,121.68,3545984509902.0,378523990267.0,195083591.0,2026-09-08 00:35:46
1767,2026-08-09,Union Pacific,UNP,Industrials,Provider_C,USD,121.93,3553267117449.0,379301388380.0,195484246.0,2026-09-08 17:20:22
1768,2026-08-09,Union Pacific,UNP,Industrials,Provider_D,USD,121.86,3551300735155.0,379091482536.0,195376065.0,2026-09-08 04:42:12
1785,2026-08-09,Verizon,VZ,Communication,Provider_A,USD,623.73,3883050337994.0,30289785671.0,176443224.0,2026-09-08 22:22:35
1786,2026-08-09,Verizon,VZ,Communication,Provider_B,USD,622.93,3878031612039.0,30250637032.0,176215177.0,2026-09-08 04:20:53
1787,2026-08-09,Verizon,VZ,Communication,Provider_C,USD,624.1,3885354994213.0,30307763172.0,176547946.0,2026-09-08 22:06:15
1788,2026-08-09,Verizon,VZ,Communication,Provider_D,USD,623.06,3878861012689.0,30257106783.0,176252864.0,2026-09-08 19:31:19
1633,2026-08-09,Visa Inc.,V,Financials,Provider_A,USD,126.1,1087596473109.0,76175715495.0,243817315.0,2026-09-08 06:41:25
1634,2026-08-09,Visa Inc.,V,Financials,Provider_B,USD,126.03,1087027767297.0,76135883100.0,243689823.0,2026-09-08 17:59:18
1635,2026-08-09,Visa Inc.,V,Financials,Provider_C,USD,126.02,1086856953969.0,76123919263.0,243651530.0,2026-09-08 04:22:54
7630,2026-08-09,Visa Inc.,V,Financials,Provider_C,USD,126.02,1086856953969.0,76123919263.0,243651530.0,2026-09-08 04:22:54
1636,2026-08-09,Visa Inc.,V,Financials,Provider_D,USD,126.08,1087386720428.0,76161024329.0,243770293.0,2026-09-08 09:35:17
1637,2026-08-09,Walmart Inc.,WMT,Consumer,Provider_A,USD,705.57,1300605686355.0,45508851965.0,176751515.0,2026-09-08 07:44:25
1638,2026-08-09,Walmart Inc.,WMT,Consumer,Provider_B,USD,705.1,1299726723035.0,45478096593.0,176632064.0,2026-09-08 03:52:06
1639,2026-08-09,Walmart Inc.,WMT,Consumer,Provider_C,USD,704.4,1298436149446.0,45432938769.0,176456676.0,2026-09-08 04:26:59
1640,2026-08-09,Walmart Inc.,WMT,Consumer,Provider_D,USD,707.4,1303970716833.0,45626596086.0,177208820.0,2026-09-08 20:19:23
1733,2026-08-09,Wells Fargo,WFC,Financials,Provider_A,USD,662.7,629354828309.0,11691631407.0,47875109.0,2026-09-08 02:40:12
1734,2026-08-09,Wells Fargo,WFC,Financials,Provider_B,USD,660.93,627674427470.0,11660414316.0,47747281.0,2026-09-08 14:07:53
1735,2026-08-09,Wells Fargo,WFC,Financials,Provider_C,USD,661.51,628222389448.0,11670593898.0,47788964.0,2026-09-08 09:42:25
1736,2026-08-09,Wells Fargo,WFC,Financials,Provider_D,USD,662.41,629083935880.0,11686598993.0,47854502.0,2026-09-08 12:23:10
1889,2026-08-10,AMD,AMD,Technology,Provider_A,USD,103.38,1473632988296.0,404228632506.0,74767171.0,2026-09-08 14:04:21
1890,2026-08-10,AMD,AMD,Technology,Provider_B,USD,103.29,1472381275027.0,403885278125.0,74703663.0,2026-09-08 10:04:11
1891,2026-08-10,AMD,AMD,Technology,Provider_C,USD,103.44,-1474517879399.0,404471364803.0,74812067.0,2026-09-08 18:42:13
1892,2026-08-10,AMD,AMD,Technology,Provider_D,USD,103.27,1472118958122.0,403813322621.0,74690354.0,2026-09-08 13:38:36
1981,2026-08-10,AT&T,T,Communication,Provider_A,USD,290.64,921575527946.0,383705621012.0,67446335.0,2026-09-08 19:28:41
1982,2026-08-10,AT&T,T,Communication,Provider_B,USD,290.24,920303245629.0,383175895708.0,67353222.0,2026-09-08 05:26:22
1983,2026-08-10,AT&T,T,Communication,Provider_C,USD,291.03,922815680184.0,384221968691.0,67537097.0,2026-09-08 02:10:40
1984,2026-08-10,AT&T,T,Communication,Provider_D,USD,290.23,920294022125.0,383172055426.0,67352547.0,2026-09-08 19:10:18
1917,2026-08-10,AbbVie Inc.,ABBV,Healthcare,Provider_A,USD,654.7,3920320748693.0,381561302025.0,449150000.0,2026-09-08 09:31:51
1918,2026-08-10,AbbVie Inc.,ABBV,Healthcare,Provider_B,USD,652.69,3908316585787.0,380392947617.0,447774686.0,2026-09-08 10:42:12
1919,2026-08-10,AbbVie Inc.,ABBV,Healthcare,Provider_C,USD,651.56,3901496519084.0,379729156643.0,446993313.0,2026-09-08 19:26:13
1920,2026-08-10,AbbVie Inc.,ABBV,Healthcare,Provider_D,USD,650.95,3897852932990.0,379374529676.0,446575869.0,2026-09-08 07:48:01
7625,2026-08-10,AbbVie Inc.,ABBV,Healthcare,Provider_D,USD,650.95,3897852932990.0,379374529676.0,446575869.0,2026-09-08 07:48:01
1877,2026-08-10,Adobe Inc.,ADBE,Technology,Provider_A,USD,35.16,2378938182161.0,436988820107.0,162861774.0,2026-09-08 06:17:50
1878,2026-08-10,Adobe Inc.,ADBE,Technology,Provider_B,USD,35.25,2384989804666.0,438100446881.0,163276067.0,2026-09-08 16:25:51
1879,2026-08-10,Adobe Inc.,ADBE,Technology,Provider_C,USD,35.17,2379106504751.0,437019739401.0,162873298.0,2026-09-08 06:27:18
1880,2026-08-10,Adobe Inc.,ADBE,Technology,Provider_D,USD,35.14,2377325947185.0,436692667535.0,162751401.0,2026-09-08 03:02:39
1817,2026-08-10,Alphabet Inc.,GOOGL,Communication,Provider_A,USD,474.97,2363426798012.0,322246065679.0,221932044.0,2026-09-08 22:22:11
1818,2026-08-10,Alphabet Inc.,GOOGL,Communication,Provider_B,USD,473.1,2354077374646.0,320971300199.0,221054108.0,2026-09-08 16:01:18
1819,2026-08-10,Alphabet Inc.,GOOGL,Communication,Provider_C,USD,476.42,2370611487142.0,323225676220.0,222606705.0,2026-09-08 04:49:41
1820,2026-08-10,Alphabet Inc.,GOOGL,Communication,Provider_D,USD,476.53,2371143495867.0,323298213994.0,222656662.0,2026-09-08 10:51:55
1813,2026-08-10,Amazon.com Inc.,AMZN,Consumer,Provider_A,USD,67.03,1659166326156.0,127295005419.0,139449212.0,2026-09-08 04:22:54
1814,2026-08-10,Amazon.com Inc.,AMZN,Consumer,Provider_B,USD,67.03,1659189052314.0,127296749021.0,139451122.0,2026-09-08 22:28:33
1815,2026-08-10,Amazon.com Inc.,AMZN,Consumer,Provider_C,USD,67.08,1660312492024.0,127382941865.0,139545544.0,2026-09-08 02:27:21
1816,2026-08-10,Amazon.com Inc.,AMZN,Consumer,Provider_D,USD,67.1,1660977914348.0,127433994576.0,139601472.0,2026-09-08 17:18:47
1801,2026-08-10,Apple Inc.,AAPL,Technology,Provider_A,USD,685.01,1864766776809.0,50091064075.0,193694502.0,2026-09-08 11:48:52
1802,2026-08-10,Apple Inc.,AAPL,Technology,Provider_B,USD,685.57,1866281454601.0,50131751106.0,193851832.0,2026-09-08 07:18:41
1803,2026-08-10,Apple Inc.,AAPL,Technology,Provider_C,USD,686.24,1868102453334.0,50180666480.0,194040981.0,2026-09-08 04:01:23
1804,2026-08-10,Apple Inc.,AAPL,Technology,Provider_D,USD,684.29,1862789111530.0,50037940350.0,193489080.0,2026-09-08 08:49:55
1929,2026-08-10,Bank of America,BAC,Financials,Provider_A,USD,65.49,358445434933.0,173699912309.0,23586056.0,2026-09-08 17:53:18
1930,2026-08-10,Bank of America,BAC,Financials,Provider_B,USD,65.37,357797378375.0,173385869065.0,23543414.0,2026-09-08 02:52:43
1931,2026-08-10,Bank of America,BAC,Financials,Provider_C,USD,65.4,357956293008.0,173462877879.0,23553870.0,2026-09-08 03:18:28
1932,2026-08-10,Bank of America,BAC,Financials,Provider_D,USD,65.44,358160153421.0,173561667073.0,23567285.0,2026-09-08 21:09:16
1937,2026-08-10,Berkshire Hathaway,BRK.B,Financials,Provider_A,EUR,502.97,1787573417673.0,41342643493.0,223895737.0,2026-09-08 18:19:47
1938,2026-08-10,Berkshire Hathaway,BRK.B,Financials,Provider_B,USD,502.16,1784685799841.0,41275859241.0,223534059.0,2026-09-08 22:25:57
1939,2026-08-10,Berkshire Hathaway,BRK.B,Financials,Provider_C,USD,502.28,1785140826660.0,41286383011.0,223591052.0,2026-09-08 18:01:42
1940,2026-08-10,Berkshire Hathaway,BRK.B,Financials,Provider_D,USD,501.79,1783366656096.0,41245350346.0,223368835.0,2026-09-08 00:01:44
1957,2026-08-10,Boeing Co.,BA,Industrials,Provider_A,USD,595.24,722912159038.0,269005282543.0,26044306.0,2026-09-08 18:52:46
1958,2026-08-10,Boeing Co.,BA,Industrials,Provider_B,USD,595.24,722906072528.0,269003017671.0,26044087.0,2026-09-08 22:14:13
1959,2026-08-10,Boeing Co.,BA,Industrials,Provider_C,USD,595.24,722915137696.0,269006390941.0,26044413.0,2026-09-08 23:26:27
1960,2026-08-10,Boeing Co.,BA,Industrials,Provider_D,USD,595.17,722830034431.0,268974722878.0,26041347.0,2026-09-08 19:22:10
1865,2026-08-10,Broadcom Inc.,AVGO,Technology,Provider_A,USD,642.63,1320168395329.0,298409842558.0,70204386.0,2026-09-08 13:37:29
1866,2026-08-10,Broadcom Inc.,AVGO,Technology,Provider_B,USD,643.81,1322594149261.0,298958158100.0,70333384.0,2026-09-08 06:39:16
1867,2026-08-10,Broadcom Inc.,AVGO,Technology,Provider_C,USD,644.0,1322979351017.0,299045228807.0,70353868.0,2026-09-08 00:22:10
1868,2026-08-10,Broadcom Inc.,AVGO,Technology,Provider_D,USD,642.67,1320256597308.0,298429779666.0,70209077.0,2026-09-08 13:36:58
1961,2026-08-10,Caterpillar Inc.,CAT,Industrials,Provider_A,USD,309.7,3382323856955.0,328041953710.0,235658701.0,2026-09-08 16:58:15
1962,2026-08-10,Caterpillar Inc.,CAT,Industrials,Provider_B,USD,309.53,3380540877346.0,327869027598.0,235534474.0,2026-09-08 15:16:34
1963,2026-08-10,Caterpillar Inc.,CAT,Industrials,Provider_C,EUR,310.47,3390755836882.0,328859747418.0,236246187.0,2026-09-08 13:28:27
1964,2026-08-10,Caterpillar Inc.,CAT,Industrials,Provider_D,USD,310.26,3388436791826.0,328634829846.0,236084611.0,2026-09-08 06:07:15
1853,2026-08-10,Chevron Corp.,CVX,Energy,Provider_A,USD,209.2,3984572529918.0,395151423031.0,134025697.0,2026-09-08 09:08:17
1854,2026-08-10,Chevron Corp.,CVX,Energy,Provider_B,USD,,3993462499076.0,396033044319.0,134324722.0,2026-09-08 15:06:33
1855,2026-08-10,Chevron Corp.,CVX,Energy,Provider_C,USD,104.8,3992152504856.0,395903131743.0,134280658.0,2026-09-08 01:25:47
1856,2026-08-10,Chevron Corp.,CVX,Energy,Provider_D,USD,209.18,3984111295865.0,395105682292.0,134010183.0,2026-09-08 00:14:13
1893,2026-08-10,Cisco Systems,CSCO,Technology,Provider_A,USD,71.47,885522596699.0,119974613402.0,148547129.0,2026-09-08 02:57:47
1894,2026-08-10,Cisco Systems,CSCO,Technology,Provider_B,USD,71.44,885236151189.0,119935804467.0,148499078.0,2026-09-08 22:30:04
1895,2026-08-10,Cisco Systems,CSCO,Technology,Provider_C,USD,71.32,883712611542.0,119729388413.0,148243502.0,2026-09-08 16:53:37
1896,2026-08-10,Cisco Systems,CSCO,Technology,Provider_D,USD,71.41,884836569429.0,119881667319.0,148432047.0,2026-09-08 06:32:49
1841,2026-08-10,Coca-Cola,KO,Consumer,Provider_A,USD,441.77,2814867448932.0,215195226386.0,200964361.0,2026-09-08 02:42:27
1842,2026-08-10,Coca-Cola,KO,Consumer,Provider_B,USD,442.11,2816988205232.0,215357357158.0,201115770.0,2026-09-08 21:58:24
1843,2026-08-10,Coca-Cola,KO,Consumer,Provider_C,USD,441.91,2815766231560.0,215263937874.0,201028529.0,2026-09-08 23:30:00
1844,2026-08-10,Coca-Cola,KO,Consumer,Provider_D,USD,441.82,2815159572471.0,215217559086.0,200985217.0,2026-09-08 20:44:35
1989,2026-08-10,Comcast,CMCSA,Communication,Provider_A,USD,624.84,366883732565.0,173839454229.0,13408548.0,2026-09-08 05:05:17
1990,2026-08-10,Comcast,CMCSA,Communication,Provider_B,USD,625.79,367443052766.0,174104475297.0,13428990.0,2026-09-08 01:38:13
1991,2026-08-10,Comcast,CMCSA,Communication,Provider_C,USD,625.9,367507300991.0,174134917847.0,13431338.0,2026-09-08 09:46:50
1992,2026-08-10,Comcast,CMCSA,Communication,Provider_D,USD,624.62,366755117369.0,173778512864.0,13403848.0,2026-09-08 00:05:01
1949,2026-08-10,ConocoPhillips,COP,Energy,Provider_A,USD,292.41,207030343595.0,447348185741.0,16668277.0,2026-09-08 19:32:22
1950,2026-08-10,ConocoPhillips,COP,Energy,Provider_B,USD,292.12,206827587507.0,446910073306.0,16651953.0,2026-09-08 14:47:35
1951,2026-08-10,ConocoPhillips,COP,Energy,Provider_C,USD,292.75,207272272722.0,447870942715.0,16687755.0,2026-09-08 06:49:18
1952,2026-08-10,ConocoPhillips,COP,Energy,Provider_D,USD,292.65,207199527282.0,447713755416.0,16681898.0,2026-09-08 14:56:18
1945,2026-08-10,Duke Energy,DUK,Utilities,Provider_A,USD,686.28,299763335753.0,391048813303.0,45669902.0,2026-09-08 04:58:02
1946,2026-08-10,Duke Energy,DUK,Utilities,Provider_B,USD,685.53,299438035447.0,390624450869.0,45620342.0,2026-09-08 23:57:44
1947,2026-08-10,Duke Energy,DUK,Utilities,Provider_C,USD,684.5,298985609884.0,390034250340.0,45551413.0,2026-09-08 17:36:42
1948,2026-08-10,Duke Energy,DUK,Utilities,Provider_D,USD,684.55,299010201585.0,390066330832.0,45555160.0,2026-09-08 06:13:10
1849,2026-08-10,Exxon Mobil,XOM,Energy,Provider_A,USD,116.55,1400815546622.0,95953400362.0,250776001.0,2026-09-08 04:35:13
1850,2026-08-10,Exxon Mobil,XOM,Energy,Provider_B,USD,46.68,1402826118167.0,96091120975.0,251135937.0,2026-09-08 21:53:40
1851,2026-08-10,Exxon Mobil,XOM,Energy,Provider_C,USD,46.68,1402697572795.0,96082315843.0,251112924.0,2026-09-08 01:16:39
1852,2026-08-10,Exxon Mobil,XOM,Energy,Provider_D,USD,46.78,1405820048112.0,96296199909.0,251671914.0,2026-09-08 03:58:07
1921,2026-08-10,Goldman Sachs,GS,Financials,Provider_A,USD,691.5,3766496345382.0,100317479570.0,554025978.0,2026-09-08 15:53:14
1922,2026-08-10,Goldman Sachs,GS,Financials,Provider_B,USD,690.26,3759783006104.0,100138675394.0,553038492.0,2026-09-08 07:58:45
1923,2026-08-10,Goldman Sachs,GS,Financials,Provider_C,USD,,3765161226106.0,100281919785.0,553829591.0,2026-09-08 00:59:18
1924,2026-08-10,Goldman Sachs,GS,Financials,Provider_D,USD,690.68,3762036511532.0,100198695626.0,553369967.0,2026-09-08 03:13:48
1973,2026-08-10,Home Depot,HD,Consumer,Provider_A,USD,272.18,1343125209381.0,180201594933.0,143642708.0,2026-09-08 23:15:25
7635,2026-08-10,Home Depot,HD,Consumer,Provider_A,USD,272.18,1343125209381.0,180201594933.0,143642708.0,2026-09-08 23:15:25
1974,2026-08-10,Home Depot,HD,Consumer,Provider_B,USD,271.77,1341087874925.0,179928254134.0,143424822.0,2026-09-08 21:22:11
1975,2026-08-10,Home Depot,HD,Consumer,Provider_C,USD,272.34,1343905892993.0,180306336048.0,143726199.0,2026-09-08 21:22:15
1976,2026-08-10,Home Depot,HD,Consumer,Provider_D,USD,271.57,1340106072819.0,179796529776.0,143319821.0,2026-09-08 21:05:13
1885,2026-08-10,Intel Corp.,INTC,Technology,Provider_A,USD,189.09,3091574302983.689,207435553472.0,432337253.0,2026-09-08 16:29:57
1886,2026-08-10,Intel Corp.,INTC,Technology,Provider_B,USD,189.48,2195691848993.0,207870530932.0,433243834.0,2026-09-08 18:19:49
1887,2026-08-10,Intel Corp.,INTC,Technology,Provider_C,USD,189.46,2195422367452.0,207845018577.0,433190661.0,2026-09-08 03:09:43
1888,2026-08-10,Intel Corp.,INTC,Technology,Provider_D,USD,190.11,2202964670231.0,208559063439.0,434678873.0,2026-09-08 00:45:23
1829,2026-08-10,JPMorgan Chase,JPM,Financials,Provider_A,USD,725.77,2167755058838.0,165595035427.0,351837369.0,2026-09-08 16:03:10
1830,2026-08-10,JPMorgan Chase,JPM,Financials,Provider_B,USD,725.26,2166224444230.0,165478111617.0,351588943.0,2026-09-08 23:32:54
1831,2026-08-10,JPMorgan Chase,JPM,Financials,Provider_C,USD,725.73,-2167622585745.0,165584915794.0,351815868.0,2026-09-08 12:59:49
1832,2026-08-10,JPMorgan Chase,JPM,Financials,Provider_D,USD,725.83,2167933116060.0,165608637237.0,351866269.0,2026-09-08 15:46:33
1845,2026-08-10,Johnson & Johnson,JNJ,Healthcare,Provider_A,USD,567.83,1396905959902.0,292206266634.0,253218870.0,2026-09-08 04:29:09
1846,2026-08-10,Johnson & Johnson,JNJ,Healthcare,Provider_B,USD,568.9,1399548137098.0,292758960055.0,253697821.0,2026-09-08 11:11:05
1847,2026-08-10,Johnson & Johnson,JNJ,Healthcare,Provider_C,USD,570.44,1403341010587.0,293552357344.0,254385360.0,2026-09-08 00:42:36
1848,2026-08-10,Johnson & Johnson,JNJ,Healthcare,Provider_D,USD,569.19,1400249462356.0,292905664014.0,253824951.0,2026-09-08 06:22:50
1953,2026-08-10,Lockheed Martin,LMT,Industrials,Provider_A,USD,471.48,3911680184854.0,140879642711.0,589661517.0,2026-09-08 22:48:46
1954,2026-08-10,Lockheed Martin,LMT,Industrials,Provider_B,USD,472.07,3916530787656.0,141054337767.0,590392715.0,2026-09-08 09:48:23
1955,2026-08-10,Lockheed Martin,LMT,Industrials,Provider_C,USD,472.13,3917050008268.0,141073037561.0,590470985.0,2026-09-08 01:29:40
1956,2026-08-10,Lockheed Martin,LMT,Industrials,Provider_D,USD,471.48,3911623424853.0,140877598493.0,589652961.0,2026-09-08 10:59:47
1977,2026-08-10,Lowe's,LOW,Consumer,Provider_A,USD,394.59,1025249163777.0,329893529130.0,241922092.0,2026-09-08 01:27:45
1978,2026-08-10,Lowe's,LOW,Consumer,Provider_B,USD,393.59,1022653481450.0,329058318692.0,241309604.0,2026-09-08 21:31:12
1979,2026-08-10,Lowe's,LOW,Consumer,Provider_C,USD,392.57,1020016623943.0,328209859352.0,240687400.0,2026-09-08 23:16:26
1980,2026-08-10,Lowe's,LOW,Consumer,Provider_D,USD,392.81,1020619329090.0,328403791261.0,240829617.0,2026-09-08 18:02:15
1861,2026-08-10,Mastercard Inc.,MA,Financials,Provider_A,USD,630.17,2006780496448.0,421579379052.0,174580554.0,2026-09-08 04:45:50
1862,2026-08-10,Mastercard Inc.,MA,Financials,Provider_B,USD,629.62,2005045973289.0,421214994806.0,174429659.0,2026-09-08 21:29:31
1863,2026-08-10,Mastercard Inc.,MA,Financials,Provider_C,USD,629.82,2005682211371.0,421348654096.0,174485008.0,2026-09-08 09:56:34
1864,2026-08-10,Mastercard Inc.,MA,Financials,Provider_D,USD,629.53,2004735883430.0,421149851912.0,174402682.0,2026-09-08 06:20:40
1901,2026-08-10,McDonald's,MCD,Consumer,Provider_A,USD,649.5,1230131462156.0,444574151399.0,210862379.0,2026-09-08 00:03:09
1902,2026-08-10,McDonald's,MCD,Consumer,Provider_B,USD,648.1,1227487407888.0,443618580211.0,210409150.0,2026-09-08 19:09:20
1903,2026-08-10,McDonald's,MCD,Consumer,Provider_C,USD,647.27,1225913658469.0,443049821233.0,210139386.0,2026-09-08 06:51:01
1904,2026-08-10,McDonald's,MCD,Consumer,Provider_D,USD,649.03,1229255360031.0,444257524785.0,210712202.0,2026-09-08 01:27:54
1913,2026-08-10,Merck & Co.,MRK,Healthcare,Provider_A,USD,160.11,1993266094340.0,58357950970.0,340649997.0,2026-09-08 08:57:10
1914,2026-08-10,Merck & Co.,MRK,Healthcare,Provider_B,USD,160.11,1993219837722.0,58356596689.0,340642092.0,2026-09-08 13:47:24
1915,2026-08-10,Merck & Co.,MRK,Healthcare,Provider_C,USD,160.6,1999317931142.0,58535133934.0,341684258.0,2026-09-08 10:51:30
1916,2026-08-10,Merck & Co.,MRK,Healthcare,Provider_D,USD,160.65,1999979700662.0,58554508926.0,341797355.0,2026-09-08 04:27:50
1821,2026-08-10,Meta Platforms,META,Communication,Provider_A,USD,330.64,1724138294249.0,292815503680.0,223945199.0,2026-09-08 01:20:10
1822,2026-08-10,Meta Platforms,META,Communication,Provider_B,USD,330.99,1993095984325.6255,293122438353.0,224179943.0,2026-09-08 02:28:32
1823,2026-08-10,Meta Platforms,META,Communication,Provider_C,USD,331.42,1728188346302.0,-293503335994.0,224471253.0,2026-09-08 18:14:54
1824,2026-08-10,Meta Platforms,META,Communication,Provider_D,USD,115.696,1723717868752.0,292744101575.0,223890591.0,2026-09-08 15:04:36
1805,2026-08-10,Microsoft Corp.,MSFT,Technology,Provider_A,USD,228.99,3050343392421.0,65159306010.0,206716527.0,2026-09-08 17:41:29
1806,2026-08-10,Microsoft Corp.,MSFT,Technology,Provider_B,USD,228.61,3045266789165.0,65050863156.0,206372494.0,2026-09-08 02:57:31
1807,2026-08-10,Microsoft Corp.,MSFT,Technology,Provider_C,USD,228.52,3044159921264.0,65027219016.0,206297484.0,2026-09-08 10:08:14
1808,2026-08-10,Microsoft Corp.,MSFT,Technology,Provider_D,USD,228.83,3048284229436.0,65115319608.0,206576981.0,2026-09-08 01:59:29
1925,2026-08-10,Morgan Stanley,MS,Financials,Provider_A,USD,72.0,1925434309670.0,230056401869.0,147331628.0,2026-09-08 15:55:27
1926,2026-08-10,Morgan Stanley,MS,Financials,Provider_B,USD,72.04,1926356913455.0,230166637210.0,147402224.0,2026-09-08 17:28:36
1927,2026-08-10,Morgan Stanley,MS,Financials,Provider_C,USD,71.95,1924163350367.0,229904544015.0,147234375.0,2026-09-08 21:28:52
1928,2026-08-10,Morgan Stanley,MS,Financials,Provider_D,USD,72.22,1931256310117.0,230752031145.0,147777119.0,2026-09-08 12:19:38
1809,2026-08-10,NVIDIA Corp.,NVDA,Technology,Provider_A,USD,210.42,211555745718.0,257418880157.0,46261531.0,2026-09-08 04:58:50
1810,2026-08-10,NVIDIA Corp.,NVDA,Technology,Provider_B,USD,210.31,211437698410.0,257275241393.0,46235717.0,2026-09-08 17:03:15
1811,2026-08-10,NVIDIA Corp.,NVDA,Technology,Provider_C,USD,210.08,211212583782.0,257001324203.0,46186491.0,2026-09-08 21:02:35
1812,2026-08-10,NVIDIA Corp.,NVDA,Technology,Provider_D,USD,210.12,211250795401.0,257047819712.0,46194847.0,2026-09-08 13:00:10
1873,2026-08-10,Netflix Inc.,NFLX,Communication,Provider_A,USD,263.59,1711473046808.0,140131549488.0,130878418.0,2026-09-08 03:43:07
1874,2026-08-10,Netflix Inc.,NFLX,Communication,Provider_B,USD,263.9,1713484752541.0,140296263412.0,131032256.0,2026-09-08 13:20:36
1875,2026-08-10,Netflix Inc.,NFLX,Communication,Provider_C,USD,263.97,1713931892723.0,140332874241.0,131066449.0,2026-09-08 07:10:11
1876,2026-08-10,Netflix Inc.,NFLX,Communication,Provider_D,USD,264.17,1715244072717.0,140440312577.0,131166793.0,2026-09-08 00:28:29
1941,2026-08-10,NextEra Energy,NEE,Utilities,Provider_A,USD,49.36,2646443148555.0,416018974974.0,398796772.0,2026-09-08 19:29:02
1942,2026-08-10,NextEra Energy,NEE,Utilities,Provider_B,USD,49.37,2646952169095.0,416098992640.0,398873477.0,2026-09-08 01:51:06
1943,2026-08-10,NextEra Energy,NEE,Utilities,Provider_C,USD,49.26,2641162662885.0,415188886394.0,398001047.0,2026-09-08 16:29:43
1944,2026-08-10,NextEra Energy,NEE,Utilities,Provider_D,USD,49.34,2645410157395.0,415856589501.0,398641109.0,2026-09-08 07:45:40
1905,2026-08-10,Nike Inc.,NKE,Consumer,Provider_A,USD,408.56,1102263129449.0,358258041568.0,235726099.0,2026-09-08 00:11:46
1906,2026-08-10,Nike Inc.,NKE,Consumer,Provider_B,USD,408.81,1102950901659.0,358481581591.0,235873183.0,2026-09-08 07:26:55
1907,2026-08-10,Nike Inc.,NKE,Consumer,Provider_C,USD,408.76,1102812328245.0,358436542400.0,235843549.0,2026-09-08 03:10:00
1908,2026-08-10,Nike Inc.,NKE,Consumer,Provider_D,USD,409.78,1105571028319.0,359333176297.0,236433514.0,2026-09-08 14:07:54
1869,2026-08-10,Oracle Corp.,ORCL,Technology,Provider_A,USD,549.48,1527048220273.0,366601598788.0,233548619.0,2026-09-08 13:16:46
1870,2026-08-10,Oracle Corp.,ORCL,Technology,Provider_B,USD,551.25,1531982017633.0,367786065641.0,234303200.0,2026-09-08 19:23:06
1871,2026-08-10,Oracle Corp.,ORCL,Technology,Provider_C,USD,552.16,1534497815769.0,368390038460.0,234687970.0,2026-09-08 07:09:35
1872,2026-08-10,Oracle Corp.,ORCL,Technology,Provider_D,USD,552.14,1534457134483.0,368380272021.0,234681748.0,2026-09-08 01:26:12
1897,2026-08-10,PepsiCo,PEP,Consumer,Provider_A,USD,241.35,3344284858852.0,409388350423.0,169051241.0,2026-09-08 01:45:10
1898,2026-08-10,PepsiCo,PEP,Consumer,Provider_B,USD,240.95,3338675174782.0,408701644773.0,168767675.0,2026-09-08 15:50:19
1899,2026-08-10,PepsiCo,PEP,Consumer,Provider_C,USD,241.24,3342753149160.0,409200847226.0,168973814.0,INVALID_TIMESTAMP
1900,2026-08-10,PepsiCo,PEP,Consumer,Provider_D,USD,241.53,3346685411155.0,409682212396.0,169172587.0,2026-09-08 14:01:24
1909,2026-08-10,Pfizer Inc.,PFE,Healthcare,Provider_A,USD,227.11,3740491126992.0,199867990820.0,512624864.0,2026-09-08 16:40:53
1910,2026-08-10,Pfizer Inc.,PFE,Healthcare,Provider_B,USD,226.96,3738045427982.0,199737308263.0,512289687.0,2026-09-08 23:12:20
1911,2026-08-10,Pfizer Inc.,PFE,Healthcare,Provider_C,USD,226.61,3732197255332.0,199424819213.0,511488209.0,2026-09-08 16:06:47
1912,2026-08-10,Pfizer Inc.,PFE,Healthcare,Provider_D,USD,227.36,3744598743555.0,200087475653.0,513187802.0,2026-09-08 17:01:48
1857,2026-08-10,Procter & Gamble,PG,Consumer,Provider_A,USD,688.19,3126601474752.0,65470685661.0,724604530.0,2026-09-08 19:13:38
1858,2026-08-10,Procter & Gamble,PG,Consumer,Provider_B,USD,688.92,3129918863792.0,65540151416.0,725373350.0,2026-09-08 01:16:47
1859,2026-08-10,Procter & Gamble,PG,Consumer,Provider_C,USD,690.48,3127555472459.0,65490662266.0,724825623.0,2026-09-08 23:08:54
1860,2026-08-10,Procter & Gamble,PG,Consumer,Provider_D,USD,688.49,3127949945346.0,65498922484.0,724917044.0,2026-09-08 12:36:20
1993,2026-08-10,Qualcomm,QCOM,Technology,Provider_A,USD,468.55,2449610051010.0,60218994545.0,316828756.0,2026-09-08 16:21:02
1994,2026-08-10,Qualcomm,QCOM,Technology,Provider_B,USD,468.3,2448291069657.0,60186569902.0,316658161.0,2026-09-08 23:50:47
1995,2026-08-10,Qualcomm,QCOM,Technology,Provider_C,USD,467.18,2442437137233.0,60042662130.0,315901023.0,2026-09-08 23:42:24
1996,2026-08-10,Qualcomm,QCOM,Technology,Provider_D,USD,468.88,3461806047067.705,60260565445.0,317047472.0,2026-09-08 01:36:56
1881,2026-08-10,Salesforce Inc.,CRM,Technology,Provider_A,USD,568.56,3261317832531.0,55543918541.0,233849734.0,2026-09-08 05:19:12
1882,2026-08-10,Salesforce Inc.,CRM,Technology,Provider_B,USD,569.03,3264019323123.0,55589927971.0,234043442.0,2026-09-08 12:38:33
1883,2026-08-10,Salesforce Inc.,CRM,Technology,Provider_C,USD,568.22,3259347868286.0,55510367830.0,233708479.0,2026-09-08 00:18:27
1884,2026-08-10,Salesforce Inc.,CRM,Technology,Provider_D,USD,568.31,3259886257207.0,,233747084.0,2026-09-08 03:43:34
1825,2026-08-10,Tesla Inc.,TSLA,Automotive,Provider_A,USD,779.724,3209080696457.0,185203495777.0,424487388.0,2026-09-08 04:25:10
1826,2026-08-10,Tesla Inc.,TSLA,Automotive,Provider_B,USD,434.18,3216452964280.0,185628966465.0,425462569.0,2026-09-08 14:04:49
1827,2026-08-10,Tesla Inc.,TSLA,Automotive,Provider_C,USD,433.9,3214363077174.0,185508354229.0,425186125.0,2026-09-08 19:27:58
7604,2026-08-10,Tesla Inc.,TSLA,Automotive,Provider_C,USD,433.9,3214363077174.0,185508354229.0,425186125.0,2026-09-08 19:27:58
1828,2026-08-10,Tesla Inc.,TSLA,Automotive,Provider_D,USD,434.32,3217460645459.0,185687122085.0,425595862.0,2026-09-08 23:18:33
1997,2026-08-10,Texas Instruments,TXN,Technology,Provider_A,USD,152.75,3661822141068.0,311388839950.0,705964763.0,2026-09-08 13:29:15
1998,2026-08-10,Texas Instruments,TXN,Technology,Provider_B,USD,153.05,3668974157904.0,311997023018.0,707343604.0,2026-09-08 03:30:46
1999,2026-08-10,Texas Instruments,TXN,Technology,Provider_C,USD,153.26,3674096673803.0,312432624263.0,708331177.0,2026-09-08 09:48:05
2000,2026-08-10,Texas Instruments,TXN,Technology,Provider_D,USD,152.99,3667454837433.0,311867825198.0,707050693.0,2026-09-08 04:04:35
1969,2026-08-10,UPS,UPS,Industrials,Provider_A,USD,133.56,2103622214391.0,96091288741.0,412108071.0,2026-09-08 06:31:01
1970,2026-08-10,UPS,UPS,Industrials,Provider_B,USD,133.4,2101158160882.0,95978733323.0,411625353.0,2026-09-08 00:29:16
1971,2026-08-10,UPS,UPS,Industrials,Provider_C,USD,133.57,2103792974307.0,96099088877.0,412141524.0,2026-09-08 07:46:24
1972,2026-08-10,UPS,UPS,Industrials,Provider_D,USD,133.64,2104877841739.0,96148644500.0,412354054.0,2026-09-08 23:34:22
1965,2026-08-10,Union Pacific,UNP,Industrials,Provider_A,USD,121.59,3534921084113.0,378136174243.0,615017000.0,2026-09-08 09:36:09
1966,2026-08-10,Union Pacific,UNP,Industrials,Provider_B,USD,122.07,3548956550627.0,379637570593.0,617458935.0,2026-09-08 17:15:35
1967,2026-08-10,Union Pacific,UNP,Industrials,Provider_C,USD,121.46,3531333657177.0,377752421434.0,614392847.0,2026-09-08 08:51:37
1968,2026-08-10,Union Pacific,UNP,Industrials,Provider_D,USD,121.84,3542364343044.0,378932391581.0,616312002.0,2026-09-08 07:57:55
1985,2026-08-10,Verizon,VZ,Communication,Provider_A,USD,610.39,3875257524667.0,30258176485.0,746158825.0,2026-09-08 00:54:43
1986,2026-08-10,Verizon,VZ,Communication,Provider_B,USD,1101.42,3884836752094.0,30332971502.0,748003250.0,2026-09-08 19:33:37
1987,2026-08-10,Verizon,VZ,Communication,Provider_C,USD,611.68,3883427705545.0,30321969606.0,747731947.0,2026-09-08 02:23:28
1988,2026-08-10,Verizon,VZ,Communication,Provider_D,USD,609.1,3867048964002.0,30194083692.0,744578313.0,2026-09-08 20:49:18
1833,2026-08-10,Visa Inc.,V,Financials,Provider_A,USD,129.55,1525399124958.5334,76369458586.0,66488536.0,2026-09-08 05:00:42
1834,2026-08-10,Visa Inc.,V,Financials,Provider_B,USD,129.36,1088275980858.0,76256327607.0,66390042.0,2026-09-08 11:21:19
1835,2026-08-10,Visa Inc.,V,Financials,Provider_C,USD,129.73,1091327691052.0,76470163267.0,66576211.0,2026-09-08 18:24:59
1836,2026-08-10,Visa Inc.,V,Financials,Provider_D,USD,129.25,1087358236412.0,76192020554.0,66334055.0,2026-09-08 01:08:48
1837,2026-08-10,Walmart Inc.,WMT,Consumer,Provider_A,USD,692.4,1302746771952.0,45476073657.0,231459049.0,2026-09-08 20:08:19
1838,2026-08-10,Walmart Inc.,WMT,Consumer,Provider_B,USD,694.53,1306760881404.0,45616197541.0,232172236.0,2026-09-08 08:13:32
1839,2026-08-10,Walmart Inc.,WMT,Consumer,Provider_C,USD,692.79,1303483736206.0,45501799486.0,231589985.0,2026-09-08 11:21:32
1840,2026-08-10,Walmart Inc.,WMT,Consumer,Provider_D,USD,694.47,1306644178042.0,45612123678.0,232151501.0,2026-09-08 10:35:07
1933,2026-08-10,Wells Fargo,WFC,Financials,Provider_A,USD,658.49,627915097028.0,11662438530.0,110840940.0,2026-09-08 23:44:48
1934,2026-08-10,Wells Fargo,WFC,Financials,Provider_B,USD,660.93,627606769695.0,11656711883.0,110786514.0,2026-09-08 18:32:45
1935,2026-08-10,Wells Fargo,WFC,Financials,Provider_C,USD,659.29,628676381492.0,11676578075.0,110975324.0,2026-09-08 07:04:56
1936,2026-08-10,Wells Fargo,WFC,Financials,Provider_D,USD,658.35,627786870831.0,11660056950.0,110818306.0,2026-09-08 06:29:20
2089,2026-08-11,AMD,AMD,Technology,Provider_A,USD,104.21,1470319071452.0,403916044171.0,93971255.0,2026-09-08 10:22:23
2090,2026-08-11,AMD,AMD,Technology,Provider_B,USD,104.07,1468450282484.0,403402663190.0,93851816.0,2026-09-08 02:14:48
2091,2026-08-11,AMD,AMD,Technology,Provider_C,USD,104.21,1470394618281.0,403936797881.0,93976083.0,2026-09-08 08:30:33
2092,2026-08-11,AMD,AMD,Technology,Provider_D,USD,104.08,1468569906345.0,403435525443.0,93859462.0,2026-09-08 12:46:05
2181,2026-08-11,AT&T,T,Communication,Provider_A,USD,287.89,919250428977.0,383169390860.0,162666829.0,2026-09-08 05:39:19
2182,2026-08-11,AT&T,T,Communication,Provider_B,USD,288.89,922420812169.0,384490895597.0,163227847.0,2026-09-08 06:27:19
2183,2026-08-11,AT&T,T,Communication,Provider_C,USD,287.45,917835268801.0,382579512361.0,162416408.0,2026-09-08 15:51:36
2184,2026-08-11,AT&T,T,Communication,Provider_D,USD,287.93,1199857098044.5312,383209676663.0,162683932.0,2026-09-08 01:03:42
2117,2026-08-11,AbbVie Inc.,ABBV,Healthcare,Provider_A,USD,656.14,3902300219837.0,380236275107.0,194900460.0,2026-09-08 13:30:04
2118,2026-08-11,AbbVie Inc.,ABBV,Healthcare,Provider_B,USD,655.35,3897647675845.0,379782935821.0,194668089.0,2026-09-08 05:52:37
2119,2026-08-11,AbbVie Inc.,ABBV,Healthcare,Provider_C,USD,656.76,3906030357430.0,380599736026.0,195086762.0,2026-09-08 08:10:40
2120,2026-08-11,AbbVie Inc.,ABBV,Healthcare,Provider_D,USD,655.41,3897949942420.0,379812388377.0,194683185.0,2026-09-08 17:38:13
2077,2026-08-11,Adobe Inc.,ADBE,Technology,Provider_A,USD,35.25,2376039503309.0,437199168226.0,395456844.0,2026-09-08 06:28:14
2078,2026-08-11,Adobe Inc.,ADBE,Technology,Provider_B,USD,35.26,2376710903995.0,437322708184.0,395568588.0,2026-09-08 01:45:28
2079,2026-08-11,Adobe Inc.,ADBE,Technology,Provider_C,USD,35.17,2370253650420.0,436134552058.0,394493873.0,2026-09-08 03:41:32
2080,2026-08-11,Adobe Inc.,ADBE,Technology,Provider_D,USD,35.26,2376537258769.0,437290756885.0,395539688.0,2026-09-08 13:31:06
2017,2026-08-11,Alphabet Inc.,GOOGL,Communication,Provider_A,USD,476.7,2366224046437.0,322146953627.0,249606733.0,2026-09-08 08:17:33
7672,2026-08-11,Alphabet Inc.,GOOGL,Communication,Provider_A,USD,476.7,2366224046437.0,322146953627.0,249606733.0,2026-09-08 08:17:33
2018,2026-08-11,Alphabet Inc.,GOOGL,Communication,Provider_B,USD,476.32,2364316016927.0,321887187061.0,249405460.0,2026-09-08 23:47:35
2019,2026-08-11,Alphabet Inc.,GOOGL,Communication,Provider_C,USD,476.45,2364979120917.0,321977464620.0,249475409.0,2026-09-08 22:11:17
2020,2026-08-11,Alphabet Inc.,GOOGL,Communication,Provider_D,USD,477.26,2368983676352.0,322522660387.0,249897839.0,2026-09-08 12:18:59
2013,2026-08-11,Amazon.com Inc.,AMZN,Consumer,Provider_A,USD,67.42,1662465243110.0,127232201300.0,234895922.0,2026-09-08 11:54:44
2014,2026-08-11,Amazon.com Inc.,AMZN,Consumer,Provider_B,USD,67.55,1665652193201.0,127476105753.0,235346218.0,2026-09-08 11:28:55
2015,2026-08-11,Amazon.com Inc.,AMZN,Consumer,Provider_C,USD,67.53,1665331172908.0,127451537348.0,235300859.0,2026-09-08 19:10:15
2016,2026-08-11,Amazon.com Inc.,AMZN,Consumer,Provider_D,USD,67.63,1667649113364.0,127628934541.0,235628370.0,2026-09-08 01:47:56
2001,2026-08-11,Apple Inc.,AAPL,Technology,Provider_A,USD,680.0,1869072404377.0,50120580723.0,327852893.0,2026-09-08 11:19:25
2002,2026-08-11,Apple Inc.,AAPL,Technology,Provider_B,USD,679.89,1868765525265.0,50112351529.0,327799064.0,2026-09-08 04:03:26
2003,2026-08-11,Apple Inc.,AAPL,Technology,Provider_C,USD,679.74,1868365458360.0,50101623435.0,327728888.0,INVALID_TIMESTAMP
2004,2026-08-11,Apple Inc.,AAPL,Technology,Provider_D,USD,680.44,1870288886854.0,50153201615.0,328066276.0,2026-09-08 11:05:05
2129,2026-08-11,Bank of America,BAC,Financials,Provider_A,USD,65.87,358457634575.0,173721725943.0,37573003.0,2026-09-08 09:45:07
2130,2026-08-11,Bank of America,BAC,Financials,Provider_B,USD,65.8,358086107388.0,173541670232.0,37534060.0,2026-09-08 09:20:39
2131,2026-08-11,Bank of America,BAC,Financials,Provider_C,USD,65.84,358279525396.0,173635407698.0,37554334.0,2026-09-08 10:32:34
2132,2026-08-11,Bank of America,BAC,Financials,Provider_D,USD,65.92,358730934896.0,173854177309.0,37601650.0,2026-09-08 02:41:15
2137,2026-08-11,Berkshire Hathaway,BRK.B,Financials,Provider_A,USD,503.41,1789782019645.0,41449157214.0,164631446.0,2026-09-08 09:28:18
2138,2026-08-11,Berkshire Hathaway,BRK.B,Financials,Provider_B,USD,501.95,1784598362298.0,41329110065.0,164154632.0,2026-09-08 02:22:21
2139,2026-08-11,Berkshire Hathaway,BRK.B,Financials,Provider_C,USD,501.96,1784616201196.0,41329523192.0,164156273.0,2026-09-08 08:31:59
2140,2026-08-11,Berkshire Hathaway,BRK.B,Financials,Provider_D,USD,500.74,1780293114126.0,41229405796.0,,2026-09-08 17:23:46
2157,2026-08-11,Boeing Co.,BA,Industrials,Provider_A,USD,593.57,721184522032.0,268735469202.0,122168191.0,2026-09-08 15:46:12
2158,2026-08-11,Boeing Co.,BA,Industrials,Provider_B,USD,595.13,723075273877.0,269440021322.0,122488483.0,2026-09-08 21:36:38
2159,2026-08-11,Boeing Co.,BA,Industrials,Provider_C,USD,594.74,722600815392.0,269263223541.0,122408110.0,2026-09-08 15:17:34
2160,2026-08-11,Boeing Co.,BA,Industrials,Provider_D,USD,592.72,720145717999.0,268348378963.0,121992219.0,2026-09-08 12:23:08
2065,2026-08-11,Broadcom Inc.,AVGO,Technology,Provider_A,USD,632.14,1318642685056.0,298257555512.0,161390281.0,2026-09-08 20:33:56
2066,2026-08-11,Broadcom Inc.,AVGO,Technology,Provider_B,USD,633.27,1320995869433.0,298789811163.0,161678290.0,2026-09-08 18:28:42
2067,2026-08-11,Broadcom Inc.,AVGO,Technology,Provider_C,USD,632.41,1319208704665.0,298385580812.0,161459557.0,2026-09-08 13:00:55
2068,2026-08-11,Broadcom Inc.,AVGO,Technology,Provider_D,USD,632.98,1320394787768.0,298653855342.0,161604723.0,2026-09-08 12:56:08
2161,2026-08-11,Caterpillar Inc.,CAT,Industrials,Provider_A,USD,312.61,3376069685661.0,327300561446.0,596502130.0,2026-09-08 22:27:02
2162,2026-08-11,Caterpillar Inc.,CAT,Industrials,Provider_B,USD,313.66,3387487916927.0,328407527194.0,598519564.0,2026-09-08 09:33:54
2163,2026-08-11,Caterpillar Inc.,CAT,Industrials,Provider_C,USD,312.64,3376435610531.0,327336036844.0,596566784.0,2026-09-08 23:32:58
2164,2026-08-11,Caterpillar Inc.,CAT,Industrials,Provider_D,USD,313.86,3389607043352.0,328612970604.0,598893983.0,2026-09-08 15:56:30
2053,2026-08-11,Chevron Corp.,CVX,Energy,Provider_A,USD,212.31,3975868979889.0,395091462972.0,848415990.0,2026-09-08 04:34:13
2054,2026-08-11,Chevron Corp.,CVX,Energy,Provider_B,USD,212.61,3981534464442.0,395654455513.0,849624956.0,2026-09-08 19:02:23
2055,2026-08-11,Chevron Corp.,CVX,Energy,Provider_C,USD,,3976097955317.0,395114216799.0,848464852.0,2026-09-08 04:59:50
2056,2026-08-11,Chevron Corp.,CVX,Energy,Provider_D,USD,212.54,3980107046520.0,395512609633.0,849320357.0,2026-09-08 05:40:16
2093,2026-08-11,Cisco Systems,CSCO,Technology,Provider_A,USD,71.35,883827505920.0,119730634432.0,191900906.0,2026-09-08 01:41:38
2094,2026-08-11,Cisco Systems,CSCO,Technology,Provider_B,USD,71.56,886437106330.0,120084152636.0,192467515.0,2026-09-08 07:22:16
2095,2026-08-11,Cisco Systems,CSCO,Technology,Provider_C,USD,71.29,883065217995.0,119627368561.0,191735395.0,2026-09-08 15:06:03
2096,2026-08-11,Cisco Systems,CSCO,Technology,Provider_D,USD,71.41,884555664946.0,119829276918.0,192059008.0,2026-09-08 01:23:08
2041,2026-08-11,Coca-Cola,KO,Consumer,Provider_A,USD,449.33,2806294214696.0,215006232878.0,519817342.0,2026-09-08 21:23:18
2042,2026-08-11,Coca-Cola,KO,Consumer,Provider_B,USD,449.05,2804512936207.0,214869758956.0,519487391.0,2026-09-08 12:29:21
2043,2026-08-11,Coca-Cola,KO,Consumer,Provider_C,USD,450.13,2811300124935.0,215389764261.0,520744601.0,2026-09-08 22:13:19
2044,2026-08-11,Coca-Cola,KO,Consumer,Provider_D,USD,449.84,2809457166548.0,215248564690.0,520403224.0,2026-09-08 02:25:58
2189,2026-08-11,Comcast,CMCSA,Communication,Provider_A,USD,626.95,368067829622.0,174018079340.0,,2026-09-08 00:36:50
2190,2026-08-11,Comcast,CMCSA,Communication,Provider_B,USD,625.84,367415267574.0,173709555788.0,74947422.0,2026-09-08 01:40:01
2191,2026-08-11,Comcast,CMCSA,Communication,Provider_C,USD,625.1,366979783306.0,173503664021.0,74858589.0,2026-09-08 17:59:29
2192,2026-08-11,Comcast,CMCSA,Communication,Provider_D,USD,624.52,366639354173.0,173342713187.0,74789147.0,2026-09-08 16:22:53
2149,2026-08-11,ConocoPhillips,COP,Energy,Provider_A,USD,294.92,206754920688.0,446853162111.0,8721351.0,2026-09-08 17:16:22
2150,2026-08-11,ConocoPhillips,COP,Energy,Provider_B,USD,295.09,206875656903.0,447114105642.0,8726444.0,2026-09-08 18:19:42
2151,2026-08-11,ConocoPhillips,COP,Energy,Provider_C,USD,295.83,207391638742.0,448229281599.0,8748209.0,2026-09-08 09:46:32
2152,2026-08-11,ConocoPhillips,COP,Energy,Provider_D,USD,295.44,207122636041.0,447647894190.0,8736862.0,2026-09-08 00:30:29
2145,2026-08-11,Duke Energy,DUK,Utilities,Provider_A,USD,686.28,299223550522.0,390545702302.0,57845194.0,2026-09-08 07:54:43
2146,2026-08-11,Duke Energy,DUK,Utilities,Provider_B,USD,677.45,299233613772.0,390558836827.0,57847140.0,2026-09-08 15:14:42
2147,2026-08-11,Duke Energy,DUK,Utilities,Provider_C,USD,677.26,299152048716.0,390452378355.0,57831372.0,2026-09-08 02:29:23
2148,2026-08-11,Duke Energy,DUK,Utilities,Provider_D,USD,,298516309656.0,389622613594.0,57708472.0,2026-09-08 02:31:30
2049,2026-08-11,Exxon Mobil,XOM,Energy,Provider_A,USD,46.38,1401762357559.0,96120239815.0,167440718.0,2026-09-08 08:34:09
2050,2026-08-11,Exxon Mobil,XOM,Energy,Provider_B,USD,46.49,1405314402456.0,96363807068.0,167865011.0,2026-09-08 06:02:59
2051,2026-08-11,Exxon Mobil,XOM,Energy,Provider_C,USD,46.46,1404204731697.0,96287715840.0,167732460.0,2026-09-08 03:26:05
2052,2026-08-11,Exxon Mobil,XOM,Energy,Provider_D,USD,46.31,1399756082683.0,95982667550.0,167201068.0,2026-09-08 10:02:11
2121,2026-08-11,Goldman Sachs,GS,Financials,Provider_A,USD,677.14,3769682166480.0,100364548299.0,441938199.0,2026-09-08 05:30:00
2122,2026-08-11,Goldman Sachs,GS,Financials,Provider_B,USD,675.44,3760248606570.0,100113387873.0,,2026-09-08 20:32:13
2123,2026-08-11,Goldman Sachs,GS,Financials,Provider_C,USD,677.09,3769403614654.0,100357132096.0,441905543.0,2026-09-08 01:12:36
2124,2026-08-11,Goldman Sachs,GS,Financials,Provider_D,USD,676.32,,100243384889.0,441404676.0,2026-09-08 18:18:37
2173,2026-08-11,Home Depot,HD,Consumer,Provider_A,USD,268.37,1340176809162.0,179870596151.0,234838060.0,2026-09-08 20:54:14
2174,2026-08-11,Home Depot,HD,Consumer,Provider_B,USD,267.93,1560850011666.3013,179580884680.0,234459815.0,2026-09-08 18:16:29
2175,2026-08-11,Home Depot,HD,Consumer,Provider_C,USD,269.09,1343800847483.0,180356993117.0,235473097.0,2026-09-08 07:46:54
2176,2026-08-11,Home Depot,HD,Consumer,Provider_D,USD,268.61,1341393862748.0,180033941878.0,235051323.0,2026-09-08 14:43:22
2085,2026-08-11,Intel Corp.,INTC,Technology,Provider_A,USD,194.69,2201549971117.0,208156901977.0,466227182.0,2026-09-08 23:25:02
2086,2026-08-11,Intel Corp.,INTC,Technology,Provider_B,USD,194.55,2199973257013.0,208007823407.0,465893278.0,2026-09-08 15:54:55
2087,2026-08-11,Intel Corp.,INTC,Technology,Provider_C,USD,194.79,2202718008218.0,208267340072.0,466474540.0,2026-09-08 22:43:44
2088,2026-08-11,Intel Corp.,INTC,Technology,Provider_D,USD,194.91,2204081447057.0,208396253433.0,466763278.0,2026-09-08 06:38:55
2029,2026-08-11,JPMorgan Chase,JPM,Financials,Provider_A,USD,719.34,2170453065880.0,165581864436.0,272029548.0,2026-09-08 02:26:22
2030,2026-08-11,JPMorgan Chase,JPM,Financials,Provider_B,USD,717.7,2165497597392.0,165203816312.0,271408464.0,2026-09-08 09:03:32
2031,2026-08-11,JPMorgan Chase,JPM,Financials,Provider_C,USD,718.05,2166547324580.0,165283899031.0,271540030.0,2026-09-08 20:25:16
2032,2026-08-11,JPMorgan Chase,JPM,Financials,Provider_D,USD,719.01,2169469250441.0,165506810063.0,271906244.0,2026-09-08 02:22:59
2045,2026-08-11,Johnson & Johnson,JNJ,Healthcare,Provider_A,USD,565.8,1400353127869.0,292835628976.0,205139774.0,2026-09-08 17:40:13
2046,2026-08-11,Johnson & Johnson,JNJ,Healthcare,Provider_B,USD,567.46,1404468858921.0,293696292382.0,205742694.0,2026-09-08 21:16:48
2047,2026-08-11,Johnson & Johnson,JNJ,Healthcare,Provider_C,USD,566.51,1402115192364.0,293204104081.0,205397902.0,2026-09-08 18:27:19
2048,2026-08-11,Johnson & Johnson,JNJ,Healthcare,Provider_D,USD,565.82,1400393105354.0,292843988891.0,205145631.0,2026-09-08 03:48:49
2153,2026-08-11,Lockheed Martin,LMT,Industrials,Provider_A,USD,477.14,3918941578490.0,141169439514.0,851073652.0,2026-09-08 09:35:08
2154,2026-08-11,Lockheed Martin,LMT,Industrials,Provider_B,USD,477.48,3921687573034.0,141268356658.0,851669998.0,2026-09-08 02:13:11
2155,2026-08-11,Lockheed Martin,LMT,Industrials,Provider_C,USD,476.24,3911479198065.0,140900627121.0,849453052.0,2026-09-08 17:18:05
2156,2026-08-11,Lockheed Martin,LMT,Industrials,Provider_D,USD,475.78,3907741888720.0,140766000499.0,848641424.0,2026-09-08 08:41:19
2177,2026-08-11,Lowe's,LOW,Consumer,Provider_A,USD,395.21,1024507255453.0,329675702238.0,125354013.0,2026-09-08 06:38:08
2178,2026-08-11,Lowe's,LOW,Consumer,Provider_B,USD,394.77,1023388563323.0,329315718830.0,125217135.0,2026-09-08 11:17:25
2179,2026-08-11,Lowe's,LOW,Consumer,Provider_C,USD,395.04,1024084260478.0,329539586886.0,125302257.0,2026-09-08 22:48:36
2180,2026-08-11,Lowe's,LOW,Consumer,Provider_D,USD,394.38,1022357874185.0,328984053862.0,125091024.0,2026-09-08 10:17:44
2061,2026-08-11,Mastercard Inc.,MA,Financials,Provider_A,USD,633.24,2005144454149.0,421587248067.0,232057509.0,2026-09-08 15:52:14
2062,2026-08-11,Mastercard Inc.,MA,Financials,Provider_B,USD,633.1,2004711988360.0,421496320921.0,232007459.0,2026-09-08 06:54:28
2063,2026-08-11,Mastercard Inc.,MA,Financials,Provider_C,USD,633.32,2005409825286.0,421643043093.0,232088221.0,2026-09-08 04:24:02
2064,2026-08-11,Mastercard Inc.,MA,Financials,Provider_D,USD,632.41,2002515588903.0,421034521772.0,231753268.0,2026-09-08 21:57:27
2101,2026-08-11,McDonald's,MCD,Consumer,Provider_A,USD,648.78,1225153244077.0,443268263178.0,275652881.0,2026-09-08 00:36:02
2102,2026-08-11,McDonald's,MCD,Consumer,Provider_B,USD,648.35,1224351058094.0,442978027169.0,275472393.0,2026-09-08 00:58:31
2103,2026-08-11,McDonald's,MCD,Consumer,Provider_C,USD,649.27,1226085267750.0,443605475291.0,275862581.0,2026-09-08 02:28:17
2104,2026-08-11,McDonald's,MCD,Consumer,Provider_D,USD,649.18,1225915707145.0,443544127182.0,275824431.0,2026-09-08 19:52:36
2113,2026-08-11,Merck & Co.,MRK,Healthcare,Provider_A,USD,162.07,1992040617946.0,58397907838.0,86509192.0,2026-09-08 00:57:12
2114,2026-08-11,Merck & Co.,MRK,Healthcare,Provider_B,USD,161.86,1989517848603.0,58323951288.0,86399635.0,2026-09-08 07:49:20
2115,2026-08-11,Merck & Co.,MRK,Healthcare,Provider_C,USD,162.19,1993516248742.0,58441166871.0,86573275.0,2026-09-08 21:25:29
2116,2026-08-11,Merck & Co.,MRK,Healthcare,Provider_D,USD,486.12,1991787644322.0,58390491759.0,86498206.0,2026-09-08 09:21:40
2021,2026-08-11,Meta Platforms,META,Communication,Provider_A,USD,337.5,1725868664943.0,292768787667.0,361549949.0,2026-09-08 16:31:27
2022,2026-08-11,Meta Platforms,META,Communication,Provider_B,USD,337.62,1726485623300.0,292873445776.0,361679195.0,2026-09-08 19:32:54
2023,2026-08-11,Meta Platforms,META,Communication,Provider_C,USD,337.3,1724859853435.0,292597657310.0,361338615.0,2026-09-08 14:17:28
2024,2026-08-11,Meta Platforms,META,Communication,Provider_D,USD,338.07,1728784222457.0,293263370052.0,362160726.0,2026-09-08 01:55:34
2005,2026-08-11,Microsoft Corp.,MSFT,Technology,Provider_A,USD,230.45,3041398625116.0,64948834100.0,557759865.0,2026-09-08 05:49:35
2006,2026-08-11,Microsoft Corp.,MSFT,Technology,Provider_B,USD,230.34,3039935344827.0,64917585862.0,557491515.0,2026-09-08 08:00:09
2007,2026-08-11,Microsoft Corp.,MSFT,Technology,Provider_C,USD,230.14,3037319979618.0,64861734939.0,557011885.0,2026-09-08 21:52:09
2008,2026-08-11,Microsoft Corp.,MSFT,Technology,Provider_D,USD,230.76,,65035736567.0,558506156.0,2026-09-08 15:07:32
2125,2026-08-11,Morgan Stanley,MS,Financials,Provider_A,USD,73.31,1925206215748.0,230356010147.0,308624217.0,2026-09-08 11:51:03
7614,2026-08-11,Morgan Stanley,MS,Financials,Provider_A,USD,73.31,1925206215748.0,230356010147.0,308624217.0,2026-09-08 11:51:03
2126,2026-08-11,Morgan Stanley,MS,Financials,Provider_B,USD,73.25,1923687467565.0,230174287915.0,308380751.0,2026-09-08 02:32:23
2127,2026-08-11,Morgan Stanley,MS,Financials,Provider_C,USD,73.37,1926759855830.0,230541907288.0,308873277.0,2026-09-08 04:55:30
2128,2026-08-11,Morgan Stanley,MS,Financials,Provider_D,USD,73.28,1924597432511.0,230283167625.0,308526625.0,2026-09-08 12:19:53
2009,2026-08-11,NVIDIA Corp.,NVDA,Technology,Provider_A,USD,207.56,210694946488.0,256719912435.0,24542007.0,2026-09-08 02:13:13
2010,2026-08-11,NVIDIA Corp.,NVDA,Technology,Provider_B,USD,207.67,210807918927.0,256857562983.0,24555167.0,2026-09-08 20:20:11
7712,2026-08-11,NVIDIA Corp.,NVDA,Technology,Provider_B,USD,207.67,210807918927.0,256857562983.0,24555167.0,2026-09-08 20:20:11
2011,2026-08-11,NVIDIA Corp.,NVDA,Technology,Provider_C,USD,207.33,210457354046.0,256430419442.0,24514332.0,2026-09-08 21:47:00
2012,2026-08-11,NVIDIA Corp.,NVDA,Technology,Provider_D,USD,207.75,210882196171.0,256948065616.0,24563819.0,2026-09-08 17:54:02
2073,2026-08-11,Netflix Inc.,NFLX,Communication,Provider_A,USD,265.76,1712725331357.0,140453200306.0,226389128.0,2026-09-08 16:04:10
2074,2026-08-11,Netflix Inc.,NFLX,Communication,Provider_B,USD,265.67,1712135937641.0,140404866675.0,226311222.0,2026-09-08 06:11:56
7702,2026-08-11,Netflix Inc.,NFLX,Communication,Provider_B,USD,265.67,1712135937641.0,140404866675.0,226311222.0,2026-09-08 06:11:56
2075,2026-08-11,Netflix Inc.,NFLX,Communication,Provider_C,USD,265.17,1708947860582.0,140143426258.0,225889819.0,2026-09-08 08:28:20
2076,2026-08-11,Netflix Inc.,NFLX,Communication,Provider_D,USD,266.04,1714526012745.0,140600866402.0,226627143.0,2026-09-08 11:14:59
2141,2026-08-11,NextEra Energy,NEE,Utilities,Provider_A,USD,49.31,2640023904150.0,415549423510.0,561923903.0,2026-09-08 22:22:05
2142,2026-08-11,NextEra Energy,NEE,Utilities,Provider_B,INR,49.3,2639172005343.0,415415331520.0,561742578.0,2026-09-08 22:58:59
2143,2026-08-11,NextEra Energy,NEE,Utilities,Provider_C,USD,49.29,2639029036392.0,415392827684.0,561712147.0,2026-09-08 01:04:37
2144,2026-08-11,NextEra Energy,NEE,Utilities,Provider_D,USD,49.41,2645391134413.0,416394245194.0,563066307.0,2026-09-08 14:10:00
2105,2026-08-11,Nike Inc.,NKE,Consumer,Provider_A,USD,404.0,1104028108617.0,359144499604.0,82399146.0,2026-09-08 21:24:23
2106,2026-08-11,Nike Inc.,NKE,Consumer,Provider_B,USD,402.64,1100332049681.0,357942157719.0,82123291.0,2026-09-08 16:09:07
2107,2026-08-11,Nike Inc.,NKE,Consumer,Provider_C,USD,402.78,1100709009796.0,358064784264.0,82151425.0,2026-09-08 19:51:50
2108,2026-08-11,Nike Inc.,NKE,Consumer,Provider_D,USD,403.54,1102780549189.0,358738663826.0,82306034.0,2026-09-08 08:30:50
2069,2026-08-11,Oracle Corp.,ORCL,Technology,Provider_A,USD,552.27,1533419105656.0,368082640060.0,55495246.0,2026-09-08 23:32:31
2070,2026-08-11,Oracle Corp.,ORCL,Technology,Provider_B,USD,553.33,1536364059245.0,368789548099.0,55601825.0,2026-09-08 19:51:03
2071,2026-08-11,Oracle Corp.,ORCL,Technology,Provider_C,USD,552.67,1534533405030.0,368350117004.0,55535573.0,2026-09-08 13:24:15
2072,2026-08-11,Oracle Corp.,ORCL,Technology,Provider_D,USD,553.03,1535532136250.0,368589852913.0,55571717.0,2026-09-08 02:14:06
2097,2026-08-11,PepsiCo,PEP,Consumer,Provider_A,USD,241.63,3336861442180.0,409262969210.0,821238653.0,2026-09-08 16:01:13
2098,2026-08-11,PepsiCo,PEP,Consumer,Provider_B,USD,241.2,3330853209180.0,408526064991.0,819759960.0,2026-09-08 00:10:23
2099,2026-08-11,PepsiCo,PEP,Consumer,Provider_C,USD,241.37,3333186761041.0,408812272968.0,820334273.0,2026-09-08 14:37:33
2100,2026-08-11,PepsiCo,PEP,Consumer,Provider_D,USD,241.29,3332079956696.0,408676524439.0,820061877.0,2026-09-08 04:49:17
2109,2026-08-11,Pfizer Inc.,PFE,Healthcare,Provider_A,USD,228.84,3731301195120.0,199760665471.0,787317814.0,2026-09-08 03:47:54
2110,2026-08-11,Pfizer Inc.,PFE,Healthcare,Provider_B,USD,228.48,3725471230509.0,199448549790.0,786087671.0,2026-09-08 15:09:27
2111,2026-08-11,Pfizer Inc.,PFE,Healthcare,Provider_C,USD,228.49,3725674588720.0,199459436870.0,786130580.0,2026-09-08 10:28:05
2112,2026-08-11,Pfizer Inc.,PFE,Healthcare,Provider_D,USD,228.36,3723496676934.0,199342839178.0,785671033.0,2026-09-08 23:53:57
2057,2026-08-11,Procter & Gamble,PG,Consumer,Provider_A,USD,686.0,3126229185520.0,65370934215.0,653410533.0,2026-09-08 23:59:50
2058,2026-08-11,Procter & Gamble,PG,Consumer,Provider_B,USD,687.48,3133001900768.0,65512554901.0,654826093.0,2026-09-08 09:31:24
2059,2026-08-11,Procter & Gamble,PG,Consumer,Provider_C,USD,687.24,3131880008464.0,65489095601.0,654591607.0,2026-09-08 11:19:40
2060,2026-08-11,Procter & Gamble,PG,Consumer,Provider_D,GBP,685.47,3123845001600.0,65321079799.0,652912217.0,2026-09-08 05:13:16
2193,2026-08-11,Qualcomm,QCOM,Technology,Provider_A,USD,459.02,2445685790190.0,60232935282.0,427305262.0,2026-09-08 15:53:21
2194,2026-08-11,Qualcomm,QCOM,Technology,Provider_B,USD,458.57,2443279592361.0,60173674865.0,426884856.0,2026-09-08 20:23:58
2195,2026-08-11,Qualcomm,QCOM,Technology,Provider_C,USD,459.54,2448464607364.0,60301372656.0,427790771.0,2026-09-08 05:01:14
2196,2026-08-11,Qualcomm,QCOM,Technology,Provider_D,USD,459.48,2448157696855.0,60293813991.0,427737148.0,2026-09-08 10:19:03
2081,2026-08-11,Salesforce Inc.,CRM,Technology,Provider_A,USD,571.51,3265319940213.0,55571341002.0,714669921.0,2026-09-08 20:48:35
2082,2026-08-11,Salesforce Inc.,CRM,Technology,Provider_B,USD,571.96,3267881029894.0,55614927294.0,715230458.0,2026-09-08 00:14:37
2083,2026-08-11,Salesforce Inc.,CRM,Technology,Provider_C,USD,571.97,3267976309996.0,55616548833.0,715251312.0,2026-09-08 06:28:24
2084,2026-08-11,Salesforce Inc.,CRM,Technology,Provider_D,USD,571.85,3267258761488.0,55604337125.0,715094264.0,2026-09-08 02:27:07
2025,2026-08-11,Tesla Inc.,TSLA,Automotive,Provider_A,USD,432.97,3220241066191.0,185395685218.0,513273387.0,2026-09-08 10:31:36
2026,2026-08-11,Tesla Inc.,TSLA,Automotive,Provider_B,USD,432.98,3220279279030.0,185397885207.0,513279478.0,2026-09-08 14:25:57
2027,2026-08-11,Tesla Inc.,TSLA,Automotive,Provider_C,USD,433.16,3221614569789.0,185474760553.0,513492310.0,2026-09-08 06:52:38
2028,2026-08-11,Tesla Inc.,TSLA,Automotive,Provider_D,USD,432.68,3218093281969.0,185272033007.0,512931052.0,2026-09-08 09:04:48
2197,2026-08-11,Texas Instruments,TXN,Technology,Provider_A,USD,152.44,3680335965143.0,312690730922.0,758805318.0,2026-09-08 01:10:26
2198,2026-08-11,Texas Instruments,TXN,Technology,Provider_B,USD,151.9,3667237654539.0,311577865044.0,756104730.0,2026-09-08 16:56:45
2199,2026-08-11,Texas Instruments,TXN,Technology,Provider_C,USD,152.31,3677150359033.0,312420073702.0,758148515.0,2026-09-08 21:45:49
2200,2026-08-11,Texas Instruments,TXN,Technology,Provider_D,USD,152.46,3680814003289.0,312731346262.0,758903879.0,2026-09-08 19:49:20
2169,2026-08-11,UPS,UPS,Industrials,Provider_A,INR,131.86,2103611246684.0,96040250035.0,81145718.0,2026-09-08 23:17:24
2170,2026-08-11,UPS,UPS,Industrials,Provider_B,INR,132.2,2109130318753.0,96292222952.0,81358613.0,2026-09-08 23:37:13
2171,2026-08-11,UPS,UPS,Industrials,Provider_C,USD,395.49,2103150612542.0,96019219810.0,81127949.0,2026-09-08 12:21:21
2172,2026-08-11,UPS,UPS,Industrials,Provider_D,USD,131.74,2101724806739.0,95954124728.0,81072950.0,2026-09-08 03:49:08
2165,2026-08-11,Union Pacific,UNP,Industrials,Provider_A,USD,125.44,3545397960281.0,378953615079.0,457629783.0,2026-09-08 21:56:03
2166,2026-08-11,Union Pacific,UNP,Industrials,Provider_B,USD,125.3,3541466337963.0,378533379465.0,457122300.0,2026-09-08 14:24:27
2167,2026-08-11,Union Pacific,UNP,Industrials,Provider_C,USD,125.51,3547171983144.0,379143233391.0,457858769.0,2026-09-08 04:12:00
2168,2026-08-11,Union Pacific,UNP,Industrials,Provider_D,USD,125.56,3548743096762.0,379311163534.0,458061564.0,2026-09-08 07:57:29
2185,2026-08-11,Verizon,VZ,Communication,Provider_A,USD,609.01,3874650525760.0,-30259811061.0,569183046.0,2026-09-08 13:34:25
2186,2026-08-11,Verizon,VZ,Communication,Provider_B,USD,609.75,3879331035822.0,30296364383.0,569870609.0,2026-09-08 20:02:16
2187,2026-08-11,Verizon,VZ,Communication,Provider_C,USD,609.36,3876843359092.0,30276936405.0,569505171.0,2026-09-08 10:06:46
2188,2026-08-11,Verizon,VZ,Communication,Provider_D,USD,609.5,3877732867960.0,30283883191.0,569635839.0,2026-09-08 13:05:23
2033,2026-08-11,Visa Inc.,V,Financials,Provider_A,USD,129.37,1084333973319.0,75951175041.0,120545112.0,2026-09-08 14:12:22
2034,2026-08-11,Visa Inc.,V,Financials,Provider_B,USD,129.73,1087359103859.0,76163067525.0,120881415.0,2026-09-08 09:15:30
2035,2026-08-11,Visa Inc.,V,Financials,Provider_C,USD,129.7,1087124485649.0,76146633908.0,120855332.0,2026-09-08 04:34:55
7646,2026-08-11,Visa Inc.,V,Financials,Provider_C,USD,129.7,1087124485649.0,76146633908.0,120855332.0,2026-09-08 04:34:55
2036,2026-08-11,Visa Inc.,V,Financials,Provider_D,USD,45.373999999999995,1086600758813.0,76109949944.0,120797110.0,2026-09-08 08:14:54
2037,2026-08-11,Walmart Inc.,WMT,Consumer,Provider_A,USD,696.43,1305362634975.0,45613905591.0,245797561.0,2026-09-08 16:24:40
2038,2026-08-11,Walmart Inc.,WMT,Consumer,Provider_B,USD,696.1,1304744724326.0,45592313646.0,245681209.0,2026-09-08 03:47:39
2039,2026-08-11,Walmart Inc.,WMT,Consumer,Provider_C,USD,694.05,1300898920118.0,45457927886.0,244957051.0,2026-09-08 01:57:00
2040,2026-08-11,Walmart Inc.,WMT,Consumer,Provider_D,USD,694.92,1302532770652.0,45515020300.0,245264702.0,2026-09-08 20:15:03
2133,2026-08-11,Wells Fargo,WFC,Financials,Provider_A,USD,649.12,628483425075.0,11680175178.0,133270013.0,2026-09-08 20:11:18
2134,2026-08-11,Wells Fargo,WFC,Financials,Provider_B,USD,649.1,628464554775.0,11679824479.0,133266012.0,2026-09-08 19:05:38
2135,2026-08-11,Wells Fargo,WFC,Financials,Provider_C,USD,649.62,628973833166.0,11689289265.0,133374004.0,2026-09-08 23:47:28
2136,2026-08-11,Wells Fargo,WFC,Financials,Provider_D,USD,649.37,628730169655.0,11684760852.0,133322335.0,2026-09-08 13:21:58
2289,2026-08-12,AMD,AMD,Technology,Provider_A,USD,105.8,1467371512752.0,403138697695.0,257152465.0,2026-09-08 04:59:55
2290,2026-08-12,AMD,AMD,Technology,Provider_B,USD,106.03,-1470597517869.0,404024995057.0,257717813.0,2026-09-08 03:30:05
2291,2026-08-12,AMD,AMD,Technology,Provider_C,USD,105.72,1466311491811.0,402847472563.0,256966699.0,2026-09-08 16:06:39
2292,2026-08-12,AMD,AMD,Technology,Provider_D,USD,105.89,1468668667500.0,403495071845.0,257379787.0,2026-09-08 17:53:02
2381,2026-08-12,AT&T,T,Communication,Provider_A,USD,294.06,921735389611.0,384020854868.0,44692842.0,2026-09-08 01:19:53
2382,2026-08-12,AT&T,T,Communication,Provider_B,USD,293.59,920275290419.0,383412536530.0,44622045.0,2026-09-08 19:06:23
2383,2026-08-12,AT&T,T,Communication,Provider_C,USD,294.07,921759686750.0,384030977738.0,44694020.0,2026-09-08 06:56:10
2384,2026-08-12,AT&T,T,Communication,Provider_D,USD,293.76,920808446305.0,383634664248.0,44647896.0,2026-09-08 19:11:13
2317,2026-08-12,AbbVie Inc.,ABBV,Healthcare,Provider_A,USD,657.6,3909920236943.0,379377587572.0,893834261.0,2026-09-08 18:53:52
2318,2026-08-12,AbbVie Inc.,ABBV,Healthcare,Provider_B,USD,659.38,3920515946147.0,380405683889.0,896256512.0,2026-09-08 00:53:29
2319,2026-08-12,AbbVie Inc.,ABBV,Healthcare,Provider_C,USD,658.94,3917907483437.0,380152586069.0,895660200.0,2026-09-08 12:43:36
2320,2026-08-12,AbbVie Inc.,ABBV,Healthcare,Provider_D,USD,660.81,3929024371067.0,381231252066.0,898201596.0,2026-09-08 17:39:45
2277,2026-08-12,Adobe Inc.,ADBE,Technology,Provider_A,USD,36.03,2384607658096.0,438138980000.0,492747033.0,2026-09-08 19:33:13
2278,2026-08-12,Adobe Inc.,ADBE,Technology,Provider_B,USD,35.91,2376894438378.0,436721781574.0,491153200.0,2026-09-08 07:07:48
2279,2026-08-12,Adobe Inc.,ADBE,Technology,Provider_C,USD,35.96,2380411075862.0,437367915522.0,491879866.0,2026-09-08 22:16:27
2280,2026-08-12,Adobe Inc.,ADBE,Technology,Provider_D,USD,36.0,2382586651517.0,437767647735.0,492329419.0,2026-09-08 16:09:02
2217,2026-08-12,Alphabet Inc.,GOOGL,Communication,Provider_A,USD,480.65,2360080150566.0,321998850496.0,139543188.0,2026-09-08 15:04:19
2218,2026-08-12,Alphabet Inc.,GOOGL,Communication,Provider_B,USD,480.63,2359991147707.0,321986707341.0,139537926.0,2026-09-08 22:52:50
2219,2026-08-12,Alphabet Inc.,GOOGL,Communication,Provider_C,USD,479.72,2355515199241.0,321376028818.0,139273279.0,2026-09-08 10:29:26
2220,2026-08-12,Alphabet Inc.,GOOGL,Communication,Provider_D,USD,481.22,2362859652072.0,322378073332.0,139707530.0,2026-09-08 10:46:38
2213,2026-08-12,Amazon.com Inc.,AMZN,Consumer,Provider_A,USD,23.386999999999997,1658030004460.0,127179969392.0,343651381.0,2026-09-08 00:58:41
2214,2026-08-12,Amazon.com Inc.,AMZN,Consumer,Provider_B,USD,66.95,1661284781011.0,127429628554.0,344325982.0,2026-09-08 12:10:42
2215,2026-08-12,Amazon.com Inc.,AMZN,Consumer,Provider_C,USD,67.05,1663689707059.0,127614099535.0,344824439.0,2026-09-08 16:31:29
2216,2026-08-12,Amazon.com Inc.,AMZN,Consumer,Provider_D,USD,66.96,1661536096084.0,127448905795.0,344378071.0,2026-09-08 17:42:15
2201,2026-08-12,Apple Inc.,AAPL,Technology,Provider_A,USD,685.05,1864618527015.0,50155993288.0,441217301.0,2026-09-08 15:47:03
2202,2026-08-12,Apple Inc.,AAPL,Technology,Provider_B,USD,683.12,1859364179174.0,50014657658.0,439973986.0,2026-09-08 11:28:54
2203,2026-08-12,Apple Inc.,AAPL,Technology,Provider_C,USD,684.2,1862309530365.0,50093884058.0,440670933.0,2026-09-08 19:16:16
2204,2026-08-12,Apple Inc.,AAPL,Technology,Provider_D,USD,684.72,1863719830778.0,50131819441.0,441004646.0,2026-09-08 05:08:08
2329,2026-08-12,Bank of America,BAC,Financials,Provider_A,USD,64.97,358240874430.0,173285371761.0,83308001.0,2026-09-08 05:02:13
2330,2026-08-12,Bank of America,BAC,Financials,Provider_B,USD,64.95,358145600141.0,173239286454.0,83285845.0,2026-09-08 04:00:53
2331,2026-08-12,Bank of America,BAC,Financials,Provider_C,USD,65.03,358598684959.0,173458448969.0,83391209.0,2026-09-08 21:39:33
2332,2026-08-12,Bank of America,BAC,Financials,Provider_D,USD,65.11,359017557263.0,173661062485.0,83488617.0,2026-09-08 02:47:40
2337,2026-08-12,Berkshire Hathaway,BRK.B,Financials,Provider_A,USD,509.73,1792404962268.0,41450673674.0,404657397.0,2026-09-08 05:11:45
2338,2026-08-12,Berkshire Hathaway,BRK.B,Financials,Provider_B,USD,508.89,1789444025269.0,41382199843.0,403988929.0,2026-09-08 11:59:21
2339,2026-08-12,Berkshire Hathaway,BRK.B,Financials,Provider_C,USD,507.88,1785900860508.0,,403189016.0,2026-09-08 10:24:14
2340,2026-08-12,Berkshire Hathaway,BRK.B,Financials,Provider_D,USD,507.0,1782802687087.0,41228614048.0,402489566.0,2026-09-08 00:48:14
2357,2026-08-12,Boeing Co.,BA,Industrials,Provider_A,USD,587.25,722493944777.0,268814317303.0,41033599.0,2026-09-08 02:54:11
2358,2026-08-12,Boeing Co.,BA,Industrials,Provider_B,USD,586.85,722003021664.0,268631662262.0,41005717.0,2026-09-08 14:59:27
2359,2026-08-12,Boeing Co.,BA,Industrials,Provider_C,USD,586.01,720969625825.0,268247172400.0,40947026.0,2026-09-08 10:48:09
2360,2026-08-12,Boeing Co.,BA,Industrials,Provider_D,USD,586.56,721637618273.0,268495708648.0,40984964.0,2026-09-08 15:37:59
2265,2026-08-12,Broadcom Inc.,AVGO,Technology,Provider_A,USD,643.47,1318580129588.0,298513241695.0,285993965.0,2026-09-08 20:00:56
2266,2026-08-12,Broadcom Inc.,AVGO,Technology,Provider_B,USD,643.28,1318190498009.0,298425033036.0,285909456.0,2026-09-08 13:16:33
2267,2026-08-12,Broadcom Inc.,AVGO,Technology,Provider_C,USD,644.47,1320633780236.0,298978167488.0,286439392.0,2026-09-08 09:24:50
2268,2026-08-12,Broadcom Inc.,AVGO,Technology,Provider_D,USD,644.16,1320000235213.0,298834739285.0,286301979.0,2026-09-08 19:37:38
7667,2026-08-12,Broadcom Inc.,AVGO,Technology,Provider_D,USD,644.16,1320000235213.0,298834739285.0,286301979.0,2026-09-08 19:37:38
2361,2026-08-12,Caterpillar Inc.,CAT,Industrials,Provider_A,USD,315.76,3366190645862.0,327137747725.0,209708216.0,2026-09-08 09:27:05
2362,2026-08-12,Caterpillar Inc.,CAT,Industrials,Provider_B,USD,316.71,3376273708372.0,328117653709.0,210336375.0,2026-09-08 18:00:32
2363,2026-08-12,Caterpillar Inc.,CAT,Industrials,Provider_C,USD,316.38,3372776062550.0,327777740705.0,210118477.0,2026-09-08 02:00:39
2364,2026-08-12,Caterpillar Inc.,CAT,Industrials,Provider_D,USD,317.11,3380548742130.0,328533115893.0,210602702.0,2026-09-08 15:06:20
2253,2026-08-12,Chevron Corp.,CVX,Energy,Provider_A,USD,215.94,3966598066075.0,394408882784.0,524268667.0,2026-09-08 15:21:49
2254,2026-08-12,Chevron Corp.,CVX,Energy,Provider_B,USD,216.51,3977118918827.0,395454997795.0,525659218.0,2026-09-08 07:01:55
2255,2026-08-12,Chevron Corp.,CVX,Energy,Provider_C,USD,216.31,3973464355492.0,395091615315.0,525176191.0,2026-09-08 11:40:29
2256,2026-08-12,Chevron Corp.,CVX,Energy,Provider_D,USD,216.85,3983319650853.0,396071552271.0,526478774.0,2026-09-08 22:12:18
2293,2026-08-12,Cisco Systems,CSCO,Technology,Provider_A,USD,71.83,882449287650.0,119831743548.0,164359312.0,2026-09-08 04:52:18
2294,2026-08-12,Cisco Systems,CSCO,Technology,Provider_B,USD,71.65,880197884866.0,119526015474.0,163939980.0,2026-09-08 06:23:31
2295,2026-08-12,Cisco Systems,CSCO,Technology,Provider_C,USD,215.31,881687109549.0,119728243968.0,164217354.0,2026-09-08 22:27:16
2296,2026-08-12,Cisco Systems,CSCO,Technology,Provider_D,USD,71.83,,119830098701.0,164357056.0,2026-09-08 10:30:33
2241,2026-08-12,Coca-Cola,KO,Consumer,Provider_A,USD,440.74,2815444377819.0,214978779340.0,668570001.0,2026-09-08 21:53:29
2242,2026-08-12,Coca-Cola,KO,Consumer,Provider_B,USD,441.63,2821164597078.0,215415557905.0,669928354.0,2026-09-08 01:31:18
2243,2026-08-12,Coca-Cola,KO,Consumer,Provider_C,USD,440.99,2817065990993.0,215102600796.0,668955077.0,2026-09-08 02:20:26
2244,2026-08-12,Coca-Cola,KO,Consumer,Provider_D,USD,441.79,2822186930587.0,215493620186.0,670171122.0,2026-09-08 01:12:13
2389,2026-08-12,Comcast,CMCSA,Communication,Provider_A,USD,624.3,367655826941.0,173771658927.0,87130173.0,2026-09-08 13:04:01
2390,2026-08-12,Comcast,CMCSA,Communication,Provider_B,USD,626.78,369115263011.0,174461457941.0,87476042.0,2026-09-08 10:33:27
2391,2026-08-12,Comcast,CMCSA,Communication,Provider_C,USD,624.23,367612248326.0,173751061597.0,87119845.0,2026-09-08 12:50:17
2392,2026-08-12,Comcast,CMCSA,Communication,Provider_D,USD,625.81,368545049270.0,174191947762.0,87340908.0,2026-09-08 08:10:52
2349,2026-08-12,ConocoPhillips,COP,Energy,Provider_A,USD,293.44,207691989420.0,448142125434.0,8980227.0,2026-09-08 06:56:39
2350,2026-08-12,ConocoPhillips,COP,Energy,Provider_B,USD,293.03,207402730381.0,447517984075.0,8967720.0,2026-09-08 20:16:22
2351,2026-08-12,ConocoPhillips,COP,Energy,Provider_C,USD,292.81,207250641315.0,-447189817748.0,8961144.0,2026-09-08 04:18:23
2352,2026-08-12,ConocoPhillips,COP,Energy,Provider_D,USD,293.15,207489172067.0,447704501432.0,8971458.0,2026-09-08 00:19:39
2345,2026-08-12,Duke Energy,DUK,Utilities,Provider_A,USD,676.98,299142614933.0,390945274602.0,42017826.0,2026-09-08 20:58:28
2346,2026-08-12,Duke Energy,DUK,Utilities,Provider_B,USD,675.71,298579590817.0,390209466307.0,41938743.0,2026-09-08 04:09:38
2347,2026-08-12,Duke Energy,DUK,Utilities,Provider_C,USD,677.45,299351805904.0,391218663340.0,42047209.0,2026-09-08 02:47:40
2348,2026-08-12,Duke Energy,DUK,Utilities,Provider_D,USD,674.77,298166000952.0,389668951532.0,41880650.0,2026-09-08 01:32:29
2249,2026-08-12,Exxon Mobil,XOM,Energy,Provider_A,USD,83.394,1399746780372.0,96029888912.0,325982304.0,2026-09-08 16:55:40
2250,2026-08-12,Exxon Mobil,XOM,Energy,Provider_B,USD,138.99,1399774034349.0,96031758677.0,325988652.0,2026-09-08 04:54:03
2251,2026-08-12,Exxon Mobil,XOM,Energy,Provider_C,USD,46.4,1401877705352.0,96176081418.0,326478568.0,2026-09-08 02:19:13
2252,2026-08-12,Exxon Mobil,XOM,Energy,Provider_D,USD,46.38,1401045710870.0,96119002281.0,326284808.0,2026-09-08 18:26:47
2321,2026-08-12,Goldman Sachs,GS,Financials,Provider_A,USD,687.1,3764099388098.0,100199524873.0,295752331.0,2026-09-08 22:19:53
2322,2026-08-12,Goldman Sachs,GS,Financials,Provider_B,USD,686.97,5255800591874.385,100180705843.0,295696784.0,2026-09-08 10:20:18
2323,2026-08-12,Goldman Sachs,GS,Financials,Provider_C,USD,688.71,3772899839779.0,100433791024.0,296443799.0,2026-09-08 05:54:47
2324,2026-08-12,Goldman Sachs,GS,Financials,Provider_D,USD,686.57,3761159203679.0,100121257789.0,295521315.0,2026-09-08 00:28:47
2373,2026-08-12,Home Depot,HD,Consumer,Provider_A,USD,269.38,1338242509486.0,180034505688.0,314495192.0,2026-09-08 07:26:07
2374,2026-08-12,Home Depot,HD,Consumer,Provider_B,USD,268.53,1334018827354.0,179466291392.0,313502601.0,2026-09-08 07:21:30
2375,2026-08-12,Home Depot,HD,Consumer,Provider_C,USD,269.58,1339252193231.0,180170339001.0,314732474.0,2026-09-08 03:58:11
2376,2026-08-12,Home Depot,HD,Consumer,Provider_D,USD,268.83,1335512838535.0,179667281543.0,313853703.0,2026-09-08 20:43:17
2285,2026-08-12,Intel Corp.,INTC,Technology,Provider_A,USD,189.27,2199025817359.0,207937755810.0,498500927.0,2026-09-08 22:04:41
2286,2026-08-12,Intel Corp.,INTC,Technology,Provider_B,USD,189.16,2197699523931.0,207812342785.0,498200267.0,2026-09-08 13:01:51
2287,2026-08-12,Intel Corp.,INTC,Technology,Provider_C,USD,189.43,3103025832184.1567,208109041268.0,498911559.0,2026-09-08 12:42:10
2288,2026-08-12,Intel Corp.,INTC,Technology,Provider_D,USD,189.5,2201586391796.0,208179881254.0,499081388.0,2026-09-08 10:51:13
2229,2026-08-12,JPMorgan Chase,JPM,Financials,Provider_A,USD,711.14,2173315176192.0,165731466727.0,260808353.0,2026-09-08 20:06:14
2230,2026-08-12,JPMorgan Chase,JPM,Financials,Provider_B,USD,710.62,2171714862718.0,165609430907.0,260616308.0,2026-09-08 22:20:16
2231,2026-08-12,JPMorgan Chase,JPM,Financials,Provider_C,USD,709.9,2169525700167.0,165442490960.0,260353598.0,2026-09-08 21:32:45
2232,2026-08-12,JPMorgan Chase,JPM,Financials,Provider_D,USD,707.33,2161678004908.0,164844045756.0,259411836.0,2026-09-08 10:38:13
2245,2026-08-12,Johnson & Johnson,JNJ,Healthcare,Provider_A,USD,559.64,1398262566033.0,292572466961.0,229536774.0,2026-09-08 22:50:48
2246,2026-08-12,Johnson & Johnson,JNJ,Healthcare,Provider_B,USD,561.42,1402729370014.0,293507101051.0,230270038.0,2026-09-08 08:53:10
7607,2026-08-12,Johnson & Johnson,JNJ,Healthcare,Provider_B,USD,561.42,1402729370014.0,293507101051.0,230270038.0,2026-09-08 08:53:10
2247,2026-08-12,Johnson & Johnson,JNJ,Healthcare,Provider_C,USD,560.71,1400956876606.0,293136224521.0,229979068.0,2026-09-08 06:45:15
2248,2026-08-12,Johnson & Johnson,JNJ,Healthcare,Provider_D,USD,561.09,1401905327179.0,293334678324.0,230134765.0,2026-09-08 13:06:49
2353,2026-08-12,Lockheed Martin,LMT,Industrials,Provider_A,USD,482.62,3911806445311.0,141051108969.0,644371172.0,2026-09-08 10:39:08
2354,2026-08-12,Lockheed Martin,LMT,Industrials,Provider_B,USD,482.64,3911959684193.0,141056634425.0,644396414.0,2026-09-08 21:22:20
2355,2026-08-12,Lockheed Martin,LMT,Industrials,Provider_C,USD,481.76,3904851896726.0,140800343293.0,643225586.0,2026-09-08 15:34:27
2356,2026-08-12,Lockheed Martin,LMT,Industrials,Provider_D,USD,483.25,3916890192102.0,141234417661.0,645208590.0,2026-09-08 13:06:35
2377,2026-08-12,Lowe's,LOW,Consumer,Provider_A,USD,399.96,1023877239125.0,329446902851.0,173553632.0,2026-09-08 13:45:20
2378,2026-08-12,Lowe's,LOW,Consumer,Provider_B,USD,400.47,1025181968011.0,329866717722.0,173774791.0,2026-09-08 13:08:11
2379,2026-08-12,Lowe's,LOW,Consumer,Provider_C,USD,398.67,1020577754608.0,328385247300.0,172994348.0,2026-09-08 05:32:35
2380,2026-08-12,Lowe's,LOW,Consumer,Provider_D,USD,399.84,1023573448543.0,-329349153958.0,173502137.0,2026-09-08 08:17:15
2261,2026-08-12,Mastercard Inc.,MA,Financials,Provider_A,USD,634.24,2003085954563.0,421173883707.0,442334567.0,2026-09-08 09:20:24
2262,2026-08-12,Mastercard Inc.,MA,Financials,Provider_B,USD,635.23,2006209665551.0,421830683024.0,443024365.0,2026-09-08 03:37:24
2263,2026-08-12,Mastercard Inc.,MA,Financials,Provider_C,USD,634.8,2004841549012.0,421543019405.0,442722249.0,2026-09-08 00:12:17
2264,2026-08-12,Mastercard Inc.,MA,Financials,Provider_D,USD,634.03,2002403757955.0,421030443334.0,442183920.0,2026-09-08 21:36:16
2301,2026-08-12,McDonald's,MCD,Consumer,Provider_A,USD,643.25,1226208455887.0,443975445667.0,63170870.0,2026-09-08 16:07:28
2302,2026-08-12,McDonald's,MCD,Consumer,Provider_B,USD,643.16,1226038720548.0,443913989295.0,63162126.0,2026-09-08 21:45:45
2303,2026-08-12,McDonald's,MCD,Consumer,Provider_C,USD,642.39,1224563312779.0,443379785817.0,63086117.0,2026-09-08 16:07:36
2304,2026-08-12,McDonald's,MCD,Consumer,Provider_D,USD,642.6,1224968566062.0,443526516584.0,63106994.0,2026-09-08 22:46:37
2313,2026-08-12,Merck & Co.,MRK,Healthcare,Provider_A,USD,161.53,1995003761988.0,58489875694.0,450516350.0,2026-09-08 16:28:09
2314,2026-08-12,Merck & Co.,MRK,Healthcare,Provider_B,USD,161.03,1988887110520.0,58310546616.0,449135073.0,2026-09-08 02:33:15
2315,2026-08-12,Merck & Co.,MRK,Healthcare,Provider_C,USD,161.23,1991311816662.0,58381634583.0,449682626.0,2026-09-08 23:26:36
2316,2026-08-12,Merck & Co.,MRK,Healthcare,Provider_D,USD,161.34,1992651934467.0,58420924396.0,449985255.0,2026-09-08 15:31:11
2221,2026-08-12,Meta Platforms,META,Communication,Provider_A,USD,335.2,1723204856118.0,292816043106.0,422845761.0,2026-09-08 01:03:01
2222,2026-08-12,Meta Platforms,META,Communication,Provider_B,USD,335.17,1723058635494.0,292791196527.0,422809881.0,2026-09-08 20:30:04
2223,2026-08-12,Meta Platforms,META,Communication,Provider_C,USD,334.76,2450017522452.544,292426707481.0,422283535.0,2026-09-08 12:46:06
2224,2026-08-12,Meta Platforms,META,Communication,Provider_D,USD,335.29,1723665926987.0,292894390696.0,422958900.0,2026-09-08 09:58:44
2205,2026-08-12,Microsoft Corp.,MSFT,Technology,Provider_A,USD,226.28,3048406321500.0,65019116663.0,637665142.0,2026-09-08 17:07:34
2206,2026-08-12,Microsoft Corp.,MSFT,Technology,Provider_B,USD,226.52,3051689194180.0,65089136686.0,638351853.0,2026-09-08 11:16:01
2207,2026-08-12,Microsoft Corp.,MSFT,Technology,Provider_C,USD,226.67,3053702955559.0,65132087977.0,638773091.0,2026-09-08 15:20:42
2208,2026-08-12,Microsoft Corp.,MSFT,Technology,Provider_D,USD,226.64,3053277729429.0,65123018377.0,638684143.0,2026-09-08 10:58:14
2325,2026-08-12,Morgan Stanley,MS,Financials,Provider_A,USD,72.93,1928869182865.0,230094889942.0,258481891.0,2026-09-08 03:16:35
2326,2026-08-12,Morgan Stanley,MS,Financials,Provider_B,USD,72.98,1930221001315.0,230256148425.0,258663044.0,2026-09-08 01:03:52
2327,2026-08-12,Morgan Stanley,MS,Financials,Provider_C,USD,72.94,1929082800425.0,230120372390.0,258510517.0,2026-09-08 17:47:33
2328,2026-08-12,Morgan Stanley,MS,Financials,Provider_D,USD,72.87,1927209130928.0,229896862273.0,258259432.0,2026-09-08 21:15:18
2209,2026-08-12,NVIDIA Corp.,NVDA,Technology,Provider_A,USD,211.04,210739763873.0,256619734135.0,47364077.0,2026-09-08 18:55:59
2210,2026-08-12,NVIDIA Corp.,NVDA,Technology,Provider_B,USD,211.75,211451907325.0,257486917717.0,47524132.0,2026-09-08 12:18:17
7606,2026-08-12,NVIDIA Corp.,NVDA,Technology,Provider_B,USD,211.75,211451907325.0,257486917717.0,47524132.0,2026-09-08 12:18:17
2211,2026-08-12,NVIDIA Corp.,NVDA,Technology,Provider_C,USD,380.62800000000004,211158975008.0,257130211361.0,47458295.0,2026-09-08 19:53:31
2212,2026-08-12,NVIDIA Corp.,NVDA,Technology,Provider_D,USD,210.88,210578259354.0,256423068609.0,47327778.0,2026-09-08 02:37:05
2273,2026-08-12,Netflix Inc.,NFLX,Communication,Provider_A,USD,266.61,1709757321492.0,139987495760.0,316757536.0,2026-09-08 10:05:12
2274,2026-08-12,Netflix Inc.,NFLX,Communication,Provider_B,USD,267.05,1712562960230.0,140217209261.0,317277322.0,2026-09-08 02:40:14
2275,2026-08-12,Netflix Inc.,NFLX,Communication,Provider_C,USD,266.91,1711717254293.0,140147966536.0,317120643.0,2026-09-08 02:22:18
2276,2026-08-12,Netflix Inc.,NFLX,Communication,Provider_D,USD,266.9,1711635044499.0,140141235555.0,317105412.0,2026-09-08 00:47:58
2341,2026-08-12,NextEra Energy,NEE,Utilities,Provider_A,USD,49.84,2637861383578.0,415582396000.0,100775143.0,2026-09-08 08:23:30
2342,2026-08-12,NextEra Energy,NEE,Utilities,Provider_B,USD,49.87,2639597644720.0,415855935607.0,100841474.0,2026-09-08 15:13:51
2343,2026-08-12,NextEra Energy,NEE,Utilities,Provider_C,USD,49.81,2636189125427.0,415318939757.0,100711257.0,2026-09-08 03:17:12
2344,2026-08-12,NextEra Energy,NEE,Utilities,Provider_D,USD,49.83,2637662507913.0,415551064094.0,100767545.0,2026-09-08 06:27:21
2305,2026-08-12,Nike Inc.,NKE,Consumer,Provider_A,USD,406.17,1104727597859.0,358797932767.0,256326474.0,2026-09-08 08:03:31
2306,2026-08-12,Nike Inc.,NKE,Consumer,Provider_B,USD,406.03,1104347133074.0,358674363863.0,256238196.0,2026-09-08 06:26:28
2307,2026-08-12,Nike Inc.,NKE,Consumer,Provider_C,USD,405.43,1102718273257.0,358145336131.0,255860257.0,2026-09-08 20:00:51
2308,2026-08-12,Nike Inc.,NKE,Consumer,Provider_D,USD,406.35,1105215878942.0,358956518687.0,256439769.0,2026-09-08 00:08:22
2269,2026-08-12,Oracle Corp.,ORCL,Technology,Provider_A,USD,552.52,1531822878876.0,367696526701.0,196806504.0,2026-09-08 05:43:23
2270,2026-08-12,Oracle Corp.,ORCL,Technology,Provider_B,USD,554.16,-1536377193385.0,368789737704.0,197391636.0,2026-09-08 17:57:56
2271,2026-08-12,Oracle Corp.,ORCL,Technology,Provider_C,USD,553.72,1535157029165.0,368496851267.0,197234871.0,2026-09-08 20:23:29
2272,2026-08-12,Oracle Corp.,ORCL,Technology,Provider_D,USD,553.61,1534852753494.0,368423813379.0,197195778.0,2026-09-08 15:25:28
2297,2026-08-12,PepsiCo,PEP,Consumer,Provider_A,USD,239.26,3331070497797.0,408319972992.0,331287239.0,2026-09-08 14:01:44
2298,2026-08-12,PepsiCo,PEP,Consumer,Provider_B,USD,240.06,3342156456374.0,409678880980.0,332389778.0,2026-09-08 12:23:15
2299,2026-08-12,PepsiCo,PEP,Consumer,Provider_C,USD,239.59,,408875597481.0,331738040.0,2026-09-08 03:11:50
2300,2026-08-12,PepsiCo,PEP,Consumer,Provider_D,USD,239.0,3327364149003.0,407865651704.0,330918629.0,2026-09-08 12:09:04
2309,2026-08-12,Pfizer Inc.,PFE,Healthcare,Provider_A,USD,227.44,3739616601039.0,200208617265.0,,2026-09-08 16:31:15
2310,2026-08-12,Pfizer Inc.,PFE,Healthcare,Provider_B,USD,227.11,3734165263008.0,199916767869.0,235109321.0,2026-09-08 19:54:06
2311,2026-08-12,Pfizer Inc.,PFE,Healthcare,Provider_C,USD,226.54,3724795903063.0,199415158533.0,234519411.0,2026-09-08 10:21:38
2312,2026-08-12,Pfizer Inc.,PFE,Healthcare,Provider_D,USD,226.54,3724833913586.0,199417193510.0,234521804.0,2026-09-08 03:06:22
2257,2026-08-12,Procter & Gamble,PG,Consumer,Provider_A,USD,695.07,3139634390118.0,65529127164.0,160456962.0,2026-09-08 23:44:55
2258,2026-08-12,Procter & Gamble,PG,Consumer,Provider_B,USD,-695.79,3142882374174.0,65596917720.0,160622956.0,2026-09-08 17:31:18
2259,2026-08-12,Procter & Gamble,PG,Consumer,Provider_C,USD,696.11,3144339622729.0,65627332798.0,160697432.0,2026-09-08 08:11:46
2260,2026-08-12,Procter & Gamble,PG,Consumer,Provider_D,USD,695.58,3141929096058.0,65577021300.0,160574237.0,2026-09-08 05:54:12
2393,2026-08-12,Qualcomm,QCOM,Technology,Provider_A,USD,451.32,2442556366578.0,60166342368.0,473326371.0,2026-09-08 03:29:46
2394,2026-08-12,Qualcomm,QCOM,Technology,Provider_B,USD,452.45,2448657264913.0,60316622928.0,474508622.0,2026-09-08 15:00:01
2395,2026-08-12,Qualcomm,QCOM,Technology,Provider_C,USD,450.94,2440470478274.0,60114961662.0,472922161.0,2026-09-08 12:44:35
2396,2026-08-12,Qualcomm,QCOM,Technology,Provider_D,USD,452.43,2448512158539.0,60313048590.0,474480503.0,2026-09-08 18:40:12
2281,2026-08-12,Salesforce Inc.,CRM,Technology,Provider_A,USD,572.77,3263127607932.0,55612190424.0,458441747.0,2026-09-08 14:35:52
2282,2026-08-12,Salesforce Inc.,CRM,Technology,Provider_B,USD,571.7,3257037678781.0,55508402175.0,457586163.0,2026-09-08 09:25:43
2283,2026-08-12,Salesforce Inc.,CRM,Technology,Provider_C,USD,,3263869181246.0,55624828764.0,458545931.0,2026-09-08 08:18:33
2284,2026-08-12,Salesforce Inc.,CRM,Technology,Provider_D,USD,571.74,3762072411462.3623,55512414274.0,457619237.0,2026-09-08 14:02:56
2225,2026-08-12,Tesla Inc.,TSLA,Automotive,Provider_A,USD,431.1,3211263100103.0,185052778063.0,438443034.0,2026-09-08 02:25:18
2226,2026-08-12,Tesla Inc.,TSLA,Automotive,Provider_B,USD,431.82,3216658615963.0,185363700951.0,439179699.0,2026-09-08 00:49:15
2227,2026-08-12,Tesla Inc.,TSLA,Automotive,Provider_C,USD,431.16,3211742522485.0,185080405336.0,438508491.0,2026-09-08 19:53:31
2228,2026-08-12,Tesla Inc.,TSLA,Automotive,Provider_D,USD,432.52,3221836397455.0,185662076643.0,439886637.0,2026-09-08 00:15:17
2397,2026-08-12,Texas Instruments,TXN,Technology,Provider_A,USD,151.17,3669501207957.0,312150615882.0,872823124.0,2026-09-08 08:04:48
2398,2026-08-12,Texas Instruments,TXN,Technology,Provider_B,USD,151.28,3672115429313.0,312372997824.0,873444940.0,2026-09-08 01:06:11
2399,2026-08-12,Texas Instruments,TXN,Technology,Provider_C,USD,151.66,3681467464478.0,,875669404.0,2026-09-08 08:50:17
2400,2026-08-12,Texas Instruments,TXN,Technology,Provider_D,USD,151.06,3666894453515.0,311928869122.0,872203085.0,2026-09-08 23:11:25
2369,2026-08-12,UPS,UPS,Industrials,Provider_A,USD,131.17,2099789615687.0,95908928069.0,349540717.0,2026-09-08 00:16:59
2370,2026-08-12,UPS,UPS,Industrials,Provider_B,USD,131.21,2100385963023.0,95936166528.0,349639988.0,2026-09-08 13:07:40
2371,2026-08-12,UPS,UPS,Industrials,Provider_C,USD,131.33,2102443005305.0,96030122950.0,349982412.0,2026-09-08 17:57:45
2372,2026-08-12,UPS,UPS,Industrials,Provider_D,USD,131.59,2106536612780.0,96217100494.0,350663853.0,2026-09-08 01:54:02
2365,2026-08-12,Union Pacific,UNP,Industrials,Provider_A,USD,125.61,3546942891882.0,378530662547.0,820370593.0,2026-09-08 05:50:54
2366,2026-08-12,Union Pacific,UNP,Industrials,Provider_B,USD,125.83,3553130786846.0,379191036297.0,821801788.0,2026-09-08 01:01:07
2367,2026-08-12,Union Pacific,UNP,Industrials,Provider_C,USD,125.78,3551744980539.0,379043142690.0,821481265.0,2026-09-08 19:46:22
2368,2026-08-12,Union Pacific,UNP,Industrials,Provider_D,USD,125.78,4584060077476.078,379049912610.0,821495937.0,2026-09-08 00:11:10
2385,2026-08-12,Verizon,VZ,Communication,Provider_A,USD,604.08,3872580465931.0,30231865197.0,844865721.0,2026-09-08 19:41:22
2386,2026-08-12,Verizon,VZ,Communication,Provider_B,USD,605.72,3883135801878.0,30314266970.0,847168537.0,2026-09-08 00:53:42
2387,2026-08-12,Verizon,VZ,Communication,Provider_C,USD,604.11,3872797654827.0,30233560714.0,,2026-09-08 12:17:28
2388,2026-08-12,Verizon,VZ,Communication,Provider_D,USD,-604.51,3875342918114.0,30253430684.0,845468394.0,2026-09-08 12:49:50
2233,2026-08-12,Visa Inc.,V,Financials,Provider_A,USD,129.1,1090591733539.0,76292616670.0,159515258.0,2026-09-08 01:54:52
2234,2026-08-12,Visa Inc.,V,Financials,Provider_B,USD,128.49,1085407280282.0,75929936949.0,158756955.0,2026-09-08 09:36:09
2235,2026-08-12,Visa Inc.,V,Financials,Provider_C,USD,129.03,1089993605881.0,76250774500.0,159427773.0,2026-09-08 22:44:29
2236,2026-08-12,Visa Inc.,V,Financials,Provider_D,USD,128.49,1085375654591.0,75927724566.0,158752329.0,2026-09-08 03:34:50
2237,2026-08-12,Walmart Inc.,WMT,Consumer,Provider_A,USD,697.65,1300632866804.0,45522399861.0,193125149.0,2026-09-08 23:36:30
2238,2026-08-12,Walmart Inc.,WMT,Consumer,Provider_B,USD,698.84,1302840850687.0,45599679720.0,193453003.0,2026-09-08 04:46:12
2239,2026-08-12,Walmart Inc.,WMT,Consumer,Provider_C,USD,695.63,1296853973711.0,45390137878.0,192564038.0,2026-09-08 16:18:10
2240,2026-08-12,Walmart Inc.,WMT,Consumer,Provider_D,USD,696.83,,45468845970.0,192897951.0,2026-09-08 23:27:26
2333,2026-08-12,Wells Fargo,WFC,Financials,Provider_A,USD,648.93,626879379057.0,11636695848.0,140493792.0,2026-09-08 13:37:24
2334,2026-08-12,Wells Fargo,WFC,Financials,Provider_B,USD,650.59,628474897832.0,11666313295.0,140851373.0,2026-09-08 08:51:18
2335,2026-08-12,Wells Fargo,WFC,Financials,Provider_C,USD,651.01,628881312407.0,,140942457.0,2026-09-08 00:57:33
2336,2026-08-12,Wells Fargo,WFC,Financials,Provider_D,USD,651.81,629654224711.0,11688205015.0,141115679.0,2026-09-08 20:47:36
2489,2026-08-13,AMD,AMD,Technology,Provider_A,USD,107.12,1466109448294.0,402631510034.0,123251643.0,2026-09-08 19:59:05
2490,2026-08-13,AMD,AMD,Technology,Provider_B,USD,107.44,1470573333379.0,403857408138.0,123626910.0,2026-09-08 17:28:53
2491,2026-08-13,AMD,AMD,Technology,Provider_C,USD,107.41,1470144414565.0,403739615956.0,123590852.0,2026-09-08 06:35:41
2492,2026-08-13,AMD,AMD,Technology,Provider_D,USD,107.22,1467563574052.0,403030850513.0,123373888.0,2026-09-08 11:35:59
2581,2026-08-13,AT&T,T,Communication,Provider_A,USD,288.74,921029026773.0,383645050473.0,112469791.0,2026-09-08 04:00:33
2582,2026-08-13,AT&T,T,Communication,Provider_B,USD,288.26,919485433638.0,383002082826.0,112281298.0,2026-09-08 02:39:17
2583,2026-08-13,AT&T,T,Communication,Provider_C,USD,289.13,922251385905.0,384154211441.0,112619057.0,2026-09-08 19:22:02
2584,2026-08-13,AT&T,T,Communication,Provider_D,USD,289.0,921862273132.0,383992130568.0,112571541.0,2026-09-08 11:57:39
2517,2026-08-13,AbbVie Inc.,ABBV,Healthcare,Provider_A,USD,664.61,3915978470402.0,380982200841.0,865966366.0,2026-09-08 18:59:40
2518,2026-08-13,AbbVie Inc.,ABBV,Healthcare,Provider_B,USD,660.69,3892860002867.0,378733024880.0,860854026.0,2026-09-08 03:51:40
2519,2026-08-13,AbbVie Inc.,ABBV,Healthcare,Provider_C,USD,662.56,3903896859947.0,379806791279.0,863294680.0,2026-09-08 05:42:08
2520,2026-08-13,AbbVie Inc.,ABBV,Healthcare,Provider_D,USD,661.67,3898615297450.0,379292952574.0,862126732.0,2026-09-08 01:57:58
2477,2026-08-13,Adobe Inc.,ADBE,Technology,Provider_A,USD,36.91,2383350350787.0,437632202742.0,218486046.0,2026-09-08 12:36:14
2478,2026-08-13,Adobe Inc.,ADBE,Technology,Provider_B,USD,36.87,2380634846710.0,437133580275.0,218237111.0,2026-09-08 14:57:30
2479,2026-08-13,Adobe Inc.,ADBE,Technology,Provider_C,USD,36.88,2380937502390.0,437189154090.0,218264856.0,2026-09-08 19:13:13
2480,2026-08-13,Adobe Inc.,ADBE,Technology,Provider_D,USD,36.89,2381795014694.0,,218343465.0,2026-09-08 20:37:04
2417,2026-08-13,Alphabet Inc.,GOOGL,Communication,Provider_A,USD,480.42,2362371332912.0,322369753868.0,585830454.0,2026-09-08 04:18:20
2418,2026-08-13,Alphabet Inc.,GOOGL,Communication,Provider_B,USD,480.22,2361365989318.0,322232564442.0,585581145.0,2026-09-08 21:39:00
2419,2026-08-13,Alphabet Inc.,GOOGL,Communication,Provider_C,USD,480.11,2360806217153.0,322156177800.0,585442330.0,2026-09-08 17:40:03
2420,2026-08-13,Alphabet Inc.,GOOGL,Communication,Provider_D,USD,479.09,2355792565198.0,321472013662.0,584199024.0,2026-09-08 11:07:56
2413,2026-08-13,Amazon.com Inc.,AMZN,Consumer,Provider_A,USD,67.41,1661244962223.0,127488137318.0,293284303.0,2026-09-08 03:40:46
2414,2026-08-13,Amazon.com Inc.,AMZN,Consumer,Provider_B,USD,67.22,1656488147120.0,127123087303.0,292444511.0,2026-09-08 11:19:52
2415,2026-08-13,Amazon.com Inc.,AMZN,Consumer,Provider_C,USD,67.36,1660142398596.0,127403523798.0,293089651.0,2026-09-08 07:44:41
2416,2026-08-13,Amazon.com Inc.,AMZN,Consumer,Provider_D,USD,67.36,1660015890507.0,127393815248.0,293067316.0,2026-09-08 10:00:26
2401,2026-08-13,Apple Inc.,AAPL,Technology,Provider_A,USD,690.86,1866567113182.0,50179736359.0,424657994.0,2026-09-08 19:31:37
2402,2026-08-13,Apple Inc.,AAPL,Technology,Provider_B,USD,690.22,2176817445916.0625,50133581763.0,424267399.0,2026-09-08 08:05:35
2403,2026-08-13,Apple Inc.,AAPL,Technology,Provider_C,USD,690.44,1865447959854.0,50149649673.0,424403378.0,2026-09-08 09:26:05
2404,2026-08-13,Apple Inc.,AAPL,Technology,Provider_D,USD,689.65,1863315550027.0,50092323171.0,423918239.0,2026-09-08 21:36:40
2529,2026-08-13,Bank of America,BAC,Financials,Provider_A,USD,65.65,357573232105.0,173069076185.0,80163410.0,2026-09-08 02:48:26
2530,2026-08-13,Bank of America,BAC,Financials,Provider_B,USD,65.95,359224549433.0,173868330545.0,80533615.0,2026-09-08 06:06:05
2531,2026-08-13,Bank of America,BAC,Financials,Provider_C,USD,65.83,358569347927.0,173551206361.0,80386727.0,2026-09-08 18:03:51
2532,2026-08-13,Bank of America,BAC,Financials,Provider_D,USD,65.88,358863410209.0,173693535492.0,80452652.0,2026-09-08 15:47:05
2537,2026-08-13,Berkshire Hathaway,BRK.B,Financials,Provider_A,USD,516.72,1786512304961.0,41317418260.0,82420489.0,2026-09-08 05:03:12
2538,2026-08-13,Berkshire Hathaway,BRK.B,Financials,Provider_B,USD,516.04,1784153032403.0,41262854376.0,82311644.0,2026-09-08 22:17:30
2539,2026-08-13,Berkshire Hathaway,BRK.B,Financials,Provider_C,USD,516.48,1785686702871.0,41298324215.0,82382400.0,2026-09-08 02:00:20
2540,2026-08-13,Berkshire Hathaway,BRK.B,Financials,Provider_D,USD,516.7,1786451732128.0,41316017367.0,82417695.0,2026-09-08 16:51:43
2557,2026-08-13,Boeing Co.,BA,Industrials,Provider_A,USD,589.02,720581859628.0,268439164395.0,176380906.0,2026-09-08 13:06:56
2558,2026-08-13,Boeing Co.,BA,Industrials,Provider_B,USD,591.49,723613660720.0,269568604639.0,177123017.0,2026-09-08 19:09:38
2559,2026-08-13,Boeing Co.,BA,Industrials,Provider_C,USD,591.67,723827853160.0,269648397988.0,177175447.0,2026-09-08 15:33:06
2560,2026-08-13,Boeing Co.,BA,Industrials,Provider_D,USD,590.61,722532519945.0,269165846059.0,176858380.0,2026-09-08 05:45:15
2465,2026-08-13,Broadcom Inc.,AVGO,Technology,Provider_A,USD,641.44,1318128623650.0,298451547660.0,221638741.0,2026-09-08 07:09:14
2466,2026-08-13,Broadcom Inc.,AVGO,Technology,Provider_B,USD,641.52,1318289386237.0,298487947630.0,221665773.0,2026-09-08 14:37:01
2467,2026-08-13,Broadcom Inc.,AVGO,Technology,Provider_C,USD,643.43,1322211800336.0,299376063204.0,222325313.0,2026-09-08 23:22:51
2468,2026-08-13,Broadcom Inc.,AVGO,Technology,Provider_D,USD,642.44,1320165994435.0,298912850490.0,221981318.0,2026-09-08 06:55:47
2561,2026-08-13,Caterpillar Inc.,CAT,Industrials,Provider_A,USD,319.35,3380537495952.0,327995247917.0,135538731.0,2026-09-08 13:21:04
2562,2026-08-13,Caterpillar Inc.,CAT,Industrials,Provider_B,USD,319.68,3384096308650.0,328340540242.0,135681418.0,2026-09-08 00:58:27
2563,2026-08-13,Caterpillar Inc.,CAT,Industrials,Provider_C,USD,318.8,3374721100276.0,327430914540.0,135305530.0,2026-09-08 20:35:08
2564,2026-08-13,Caterpillar Inc.,CAT,Industrials,Provider_D,USD,318.64,3373062170724.0,327269957588.0,135239017.0,2026-09-08 17:49:34
2453,2026-08-13,Chevron Corp.,CVX,Energy,Provider_A,USD,217.2,3969944276448.0,394703692205.0,305171040.0,2026-09-08 13:04:19
2454,2026-08-13,Chevron Corp.,CVX,Energy,Provider_B,USD,217.37,3973106222569.0,395018062313.0,305414100.0,2026-09-08 13:30:25
2455,2026-08-13,Chevron Corp.,CVX,Energy,Provider_C,USD,217.27,3971292875074.0,394837773900.0,305274707.0,2026-09-08 13:32:32
2456,2026-08-13,Chevron Corp.,CVX,Energy,Provider_D,USD,217.21,3970138377749.0,394722990335.0,305185960.0,2026-09-08 07:33:01
2493,2026-08-13,Cisco Systems,CSCO,Technology,Provider_A,USD,72.32,885419088745.0,120004397528.0,205907742.0,2026-09-08 19:16:05
2494,2026-08-13,Cisco Systems,CSCO,Technology,Provider_B,USD,72.26,884699401407.0,119906855419.0,205740376.0,2026-09-08 14:42:37
2495,2026-08-13,Cisco Systems,CSCO,Technology,Provider_C,USD,,885803321193.0,120056474092.0,205997097.0,2026-09-08 18:04:06
2496,2026-08-13,Cisco Systems,CSCO,Technology,Provider_D,USD,72.45,887073237886.0,120228590991.0,206292421.0,2026-09-08 19:57:11
2441,2026-08-13,Coca-Cola,KO,Consumer,Provider_A,USD,442.81,2821060056346.0,215818394654.0,340100170.0,2026-09-08 14:34:49
2442,2026-08-13,Coca-Cola,KO,Consumer,Provider_B,USD,441.83,2814839569611.0,215342511322.0,339350243.0,2026-09-08 09:33:33
2443,2026-08-13,Coca-Cola,KO,Consumer,Provider_C,USD,442.73,2820575842179.0,215781351017.0,340041794.0,2026-09-08 07:29:55
2444,2026-08-13,Coca-Cola,KO,Consumer,Provider_D,USD,441.52,2812897405760.0,215193930761.0,339116101.0,2026-09-08 18:17:55
2589,2026-08-13,Comcast,CMCSA,Communication,Provider_A,USD,620.71,368192763383.0,174127549437.0,72603650.0,2026-09-08 17:16:59
2590,2026-08-13,Comcast,CMCSA,Communication,Provider_B,USD,620.93,368327606121.0,174191319934.0,72630239.0,2026-09-08 04:38:29
2591,2026-08-13,Comcast,CMCSA,Communication,Provider_C,USD,619.14,367266243806.0,173689375199.0,72420950.0,2026-09-08 08:17:10
2592,2026-08-13,Comcast,CMCSA,Communication,Provider_D,USD,619.76,367632149844.0,173862421299.0,72493103.0,2026-09-08 04:41:09
2549,2026-08-13,ConocoPhillips,COP,Energy,Provider_A,USD,296.59,207361835137.0,447769354144.0,28242595.0,2026-09-08 01:04:29
2550,2026-08-13,ConocoPhillips,COP,Energy,Provider_B,USD,297.13,207740464554.0,448586952278.0,28294164.0,2026-09-08 17:53:21
2551,2026-08-13,ConocoPhillips,COP,Energy,Provider_C,USD,297.01,207654985403.0,448402371811.0,28282522.0,2026-09-08 06:28:20
2552,2026-08-13,ConocoPhillips,COP,Energy,Provider_D,USD,296.83,207532654978.0,448138216089.0,28265860.0,2026-09-08 14:21:47
2545,2026-08-13,Duke Energy,DUK,Utilities,Provider_A,USD,672.09,299030705782.0,390269705336.0,19487765.0,2026-09-08 10:47:19
2546,2026-08-13,Duke Energy,DUK,Utilities,Provider_B,USD,672.22,299087447970.0,390343760463.0,19491462.0,2026-09-08 07:33:20
2547,2026-08-13,Duke Energy,DUK,Utilities,Provider_C,USD,672.4,,390447927323.0,19496664.0,2026-09-08 11:33:37
2548,2026-08-13,Duke Energy,DUK,Utilities,Provider_D,USD,672.67,413463021781.5399,390606293529.0,19504572.0,2026-09-08 10:29:36
2449,2026-08-13,Exxon Mobil,XOM,Energy,Provider_A,USD,46.17,1403825111112.0,96104589768.0,276166126.0,2026-09-08 07:40:25
2450,2026-08-13,Exxon Mobil,XOM,Energy,Provider_B,USD,46.27,1406661075913.0,96298737338.0,276724029.0,2026-09-08 23:14:55
2451,2026-08-13,Exxon Mobil,XOM,Energy,Provider_C,USD,46.11,1402019898227.0,95981006537.0,275810998.0,2026-09-08 06:00:38
2452,2026-08-13,Exxon Mobil,XOM,Energy,Provider_D,USD,46.25,1406144341624.0,96263362179.0,276622375.0,2026-09-08 17:43:22
2521,2026-08-13,Goldman Sachs,GS,Financials,Provider_A,USD,687.18,3771520526449.0,100304755261.0,282410520.0,2026-09-08 14:03:57
2522,2026-08-13,Goldman Sachs,GS,Financials,Provider_B,USD,240.40449999999998,3769849412950.0,100260311480.0,282285387.0,2026-09-08 09:13:23
2523,2026-08-13,Goldman Sachs,GS,Financials,Provider_C,USD,686.67,3768728095255.0,100230489689.0,282201423.0,2026-09-08 16:25:48
2524,2026-08-13,Goldman Sachs,GS,Financials,Provider_D,USD,688.99,3781475144345.0,100569501404.0,283155919.0,2026-09-08 14:11:20
2573,2026-08-13,Home Depot,HD,Consumer,Provider_A,USD,273.9,1335523347798.0,179672865827.0,80669437.0,2026-09-08 05:44:26
2574,2026-08-13,Home Depot,HD,Consumer,Provider_B,USD,274.04,1336193700147.0,179763050793.0,80709929.0,2026-09-08 04:41:26
2575,2026-08-13,Home Depot,HD,Consumer,Provider_C,USD,274.14,1336682671137.0,179828833858.0,80739464.0,2026-09-08 14:27:24
2576,2026-08-13,Home Depot,HD,Consumer,Provider_D,USD,273.63,1334218586796.0,179497331533.0,80590626.0,2026-09-08 20:27:16
2485,2026-08-13,Intel Corp.,INTC,Technology,Provider_A,USD,188.18,2205195820478.0,208407386556.0,130547541.0,2026-09-08 13:03:32
2486,2026-08-13,Intel Corp.,INTC,Technology,Provider_B,USD,187.43,2196513257207.0,207586819828.0,130033533.0,2026-09-08 12:21:34
2487,2026-08-13,Intel Corp.,INTC,Technology,Provider_C,USD,188.05,2203703162031.0,208266319244.0,130459175.0,2026-09-08 23:22:21
2488,2026-08-13,Intel Corp.,INTC,Technology,Provider_D,USD,562.8,2198505378357.0,207775090075.0,130151467.0,2026-09-08 09:49:18
2429,2026-08-13,JPMorgan Chase,JPM,Financials,Provider_A,USD,716.36,2169253642919.0,165123796039.0,154802196.0,2026-09-08 02:27:44
2430,2026-08-13,JPMorgan Chase,JPM,Financials,Provider_B,USD,718.37,2175329938922.0,165586324276.0,155235812.0,2026-09-08 09:40:37
2431,2026-08-13,JPMorgan Chase,JPM,Financials,Provider_C,USD,719.19,2177837488643.0,165777199202.0,155414756.0,2026-09-08 11:30:11
2432,2026-08-13,JPMorgan Chase,JPM,Financials,Provider_D,USD,718.89,2176904499054.0,165706179944.0,155348176.0,2026-09-08 06:07:03
2445,2026-08-13,Johnson & Johnson,JNJ,Healthcare,Provider_A,USD,555.1,1395423396427.0,291922373658.0,101841464.0,2026-09-08 19:46:45
2446,2026-08-13,Johnson & Johnson,JNJ,Healthcare,Provider_B,USD,555.96,1397578115640.0,292373140607.0,101998721.0,2026-09-08 11:43:09
2447,2026-08-13,Johnson & Johnson,JNJ,Healthcare,Provider_C,USD,557.04,1400303372991.0,292943264052.0,102197617.0,2026-09-08 16:15:37
2448,2026-08-13,Johnson & Johnson,JNJ,Healthcare,Provider_D,USD,1387.775,1395455191753.0,291929025235.0,101843784.0,2026-09-08 18:49:52
2553,2026-08-13,Lockheed Martin,LMT,Industrials,Provider_A,USD,472.9,3924358515831.0,141334649146.0,603711928.0,2026-09-08 19:36:35
2554,2026-08-13,Lockheed Martin,LMT,Industrials,Provider_B,USD,472.03,3917147284151.0,141074938700.0,602602573.0,2026-09-08 23:16:52
7663,2026-08-13,Lockheed Martin,LMT,Industrials,Provider_B,USD,472.03,3917147284151.0,141074938700.0,602602573.0,2026-09-08 23:16:52
2555,2026-08-13,Lockheed Martin,LMT,Industrials,Provider_C,USD,471.01,3908686305849.0,,601300961.0,2026-09-08 03:57:19
2556,2026-08-13,Lockheed Martin,LMT,Industrials,Provider_D,USD,472.08,3917586140929.0,141090744001.0,602670086.0,2026-09-08 00:13:17
2577,2026-08-13,Lowe's,LOW,Consumer,Provider_A,INR,406.12,1023129851040.0,328926996809.0,239919801.0,2026-09-08 07:25:04
2578,2026-08-13,Lowe's,LOW,Consumer,Provider_B,USD,406.15,1023203599717.0,328950706341.0,239937095.0,2026-09-08 01:33:29
2579,2026-08-13,Lowe's,LOW,Consumer,Provider_C,USD,407.26,1025995936433.0,329848417350.0,240591886.0,2026-09-08 23:41:54
2580,2026-08-13,Lowe's,LOW,Consumer,Provider_D,USD,406.08,1023022659109.0,328892535572.0,239894665.0,2026-09-08 00:56:44
2461,2026-08-13,Mastercard Inc.,MA,Financials,Provider_A,USD,629.39,2002047210006.0,421036100921.0,496190001.0,2026-09-08 03:44:43
2462,2026-08-13,Mastercard Inc.,MA,Financials,Provider_B,USD,629.28,2001715154459.0,420966268715.0,496107704.0,2026-09-08 23:05:02
2463,2026-08-13,Mastercard Inc.,MA,Financials,Provider_C,USD,630.03,2004095944610.0,421466955511.0,496697762.0,2026-09-08 01:24:22
2464,2026-08-13,Mastercard Inc.,MA,Financials,Provider_D,USD,629.86,2003550033959.0,421352148981.0,496562463.0,2026-09-08 10:40:04
2501,2026-08-13,McDonald's,MCD,Consumer,Provider_A,USD,629.54,1222209589721.0,442490903491.0,51514123.0,2026-09-08 03:42:16
2502,2026-08-13,McDonald's,MCD,Consumer,Provider_B,USD,630.15,1223409055674.0,442925160248.0,51564679.0,2026-09-08 20:03:17
2503,2026-08-13,McDonald's,MCD,Consumer,Provider_C,USD,631.79,1666783579192.917,444074073787.0,51698434.0,2026-09-08 22:00:23
2504,2026-08-13,McDonald's,MCD,Consumer,Provider_D,USD,630.53,1224143754823.0,443191152017.0,51595645.0,2026-09-08 20:16:50
2513,2026-08-13,Merck & Co.,MRK,Healthcare,Provider_A,USD,160.54,2001572647130.0,58614346230.0,276649477.0,2026-09-08 19:54:36
2514,2026-08-13,Merck & Co.,MRK,Healthcare,Provider_B,USD,159.84,1992909671218.0,58360658376.0,275452114.0,2026-09-08 01:48:10
2515,2026-08-13,Merck & Co.,MRK,Healthcare,Provider_C,USD,160.47,2000757582410.0,58590477756.0,276536822.0,2026-09-08 15:14:29
2516,2026-08-13,Merck & Co.,MRK,Healthcare,Provider_D,USD,161.34,1994599657327.0,58410148177.0,275685697.0,2026-09-08 04:23:59
2421,2026-08-13,Meta Platforms,META,Communication,Provider_A,USD,337.45,1722813487854.0,292448443565.0,195867277.0,2026-09-08 16:52:17
2422,2026-08-13,Meta Platforms,META,Communication,Provider_B,USD,338.17,1726470471989.0,293069218435.0,196283041.0,2026-09-08 10:56:32
2423,2026-08-13,Meta Platforms,META,Communication,Provider_C,USD,338.05,1725904375356.0,292973123251.0,196218681.0,2026-09-08 21:20:49
2424,2026-08-13,Meta Platforms,META,Communication,Provider_D,USD,337.74,1724306386363.0,292701863827.0,196037005.0,2026-09-08 07:26:11
2405,2026-08-13,Microsoft Corp.,MSFT,Technology,Provider_A,USD,225.14,3904424271089.505,65184121879.0,247042613.0,2026-09-08 01:12:31
2406,2026-08-13,Microsoft Corp.,MSFT,Technology,Provider_B,USD,224.67,3045939440905.0,65047840997.0,246526119.0,2026-09-08 21:43:29
2407,2026-08-13,Microsoft Corp.,MSFT,Technology,Provider_C,USD,224.92,3049398395171.0,65121709014.0,246806073.0,2026-09-08 14:13:58
2408,2026-08-13,Microsoft Corp.,MSFT,Technology,Provider_D,USD,673.89,3045437391403.0,65037119432.0,246485485.0,2026-09-08 17:15:43
2525,2026-08-13,Morgan Stanley,MS,Financials,Provider_A,USD,73.55,1933946888757.0,230735025048.0,263411939.0,2026-09-08 11:46:24
2526,2026-08-13,Morgan Stanley,MS,Financials,Provider_B,USD,73.18,1924041601090.0,229553246577.0,262062796.0,2026-09-08 02:17:40
2527,2026-08-13,Morgan Stanley,MS,Financials,Provider_C,USD,73.64,1936175993730.0,231000974746.0,263715553.0,2026-09-08 22:14:24
2528,2026-08-13,Morgan Stanley,MS,Financials,Provider_D,USD,73.39,1929793929421.0,230239544442.0,262846288.0,2026-09-08 00:23:46
2409,2026-08-13,NVIDIA Corp.,NVDA,Technology,Provider_A,USD,212.53,211707048817.0,257638119768.0,23361663.0,2026-09-08 05:26:43
2410,2026-08-13,NVIDIA Corp.,NVDA,Technology,Provider_B,USD,212.25,211430167321.0,257301167228.0,23331110.0,2026-09-08 14:33:36
2411,2026-08-13,NVIDIA Corp.,NVDA,Technology,Provider_C,USD,211.77,210953950090.0,256721631909.0,23278560.0,2026-09-08 15:55:20
2412,2026-08-13,NVIDIA Corp.,NVDA,Technology,Provider_D,USD,211.55,210726054225.0,256444292716.0,23253412.0,2026-09-08 17:15:04
2473,2026-08-13,Netflix Inc.,NFLX,Communication,Provider_A,USD,265.11,1713990774712.0,140429141002.0,341922272.0,2026-09-08 16:31:48
2474,2026-08-13,Netflix Inc.,NFLX,Communication,Provider_B,USD,265.04,1713565381601.0,140394288079.0,341837411.0,2026-09-08 05:41:48
2475,2026-08-13,Netflix Inc.,NFLX,Communication,Provider_C,USD,265.28,1715073581580.0,140517856555.0,342138280.0,2026-09-08 19:00:08
2476,2026-08-13,Netflix Inc.,NFLX,Communication,Provider_D,USD,265.04,1713534971310.0,140391796530.0,341831344.0,2026-09-08 12:01:01
2541,2026-08-13,NextEra Energy,NEE,Utilities,Provider_A,USD,50.45,2645767665450.0,415943784096.0,610872236.0,2026-09-08 20:53:41
2542,2026-08-13,NextEra Energy,NEE,Utilities,Provider_B,USD,50.61,2653802657538.0,-417206973249.0,612727407.0,2026-09-08 22:10:46
2543,2026-08-13,NextEra Energy,NEE,Utilities,Provider_C,USD,50.46,2646392538226.0,416042020971.0,611016510.0,2026-09-08 17:10:45
2544,2026-08-13,NextEra Energy,NEE,Utilities,Provider_D,USD,50.18,3594616606394.4463,413687854793.0,607559085.0,2026-09-08 13:38:21
2505,2026-08-13,Nike Inc.,NKE,Consumer,Provider_A,USD,404.69,1107516302511.0,359433312137.0,260171622.0,2026-09-08 02:32:06
2506,2026-08-13,Nike Inc.,NKE,Consumer,Provider_B,USD,404.7,1107544218588.0,359442372019.0,260178179.0,2026-09-08 08:34:47
2507,2026-08-13,Nike Inc.,NKE,Consumer,Provider_C,USD,403.86,1105255020566.0,358699435753.0,259640414.0,2026-09-08 06:47:39
2508,2026-08-13,Nike Inc.,NKE,Consumer,Provider_D,USD,404.55,1107131672026.0,359308484169.0,260081266.0,2026-09-08 02:36:48
2469,2026-08-13,Oracle Corp.,ORCL,Technology,Provider_A,USD,557.57,1532957513904.0,368079074785.0,85687814.0,2026-09-08 19:00:27
2470,2026-08-13,Oracle Corp.,ORCL,Technology,Provider_B,USD,559.54,1538351475508.0,369374221180.0,85989321.0,2026-09-08 16:20:59
2471,2026-08-13,Oracle Corp.,ORCL,Technology,Provider_C,USD,558.08,1534342167253.0,368411544485.0,85765212.0,2026-09-08 08:43:33
2472,2026-08-13,Oracle Corp.,ORCL,Technology,Provider_D,USD,558.67,1535958475675.0,368799636981.0,85855559.0,2026-09-08 20:42:32
2497,2026-08-13,PepsiCo,PEP,Consumer,Provider_A,USD,240.29,3337875495427.0,409296735599.0,557351534.0,2026-09-08 06:43:57
2498,2026-08-13,PepsiCo,PEP,Consumer,Provider_B,USD,432.144,3334930999536.0,408935675830.0,556859869.0,2026-09-08 12:22:52
2499,2026-08-13,PepsiCo,PEP,Consumer,Provider_C,USD,239.86,3331941754242.0,408569128803.0,556360731.0,2026-09-08 15:38:03
2500,2026-08-13,PepsiCo,PEP,Consumer,Provider_D,USD,239.72,3329973310210.0,408327754396.0,556032044.0,2026-09-08 02:04:08
2509,2026-08-13,Pfizer Inc.,PFE,Healthcare,Provider_A,USD,231.93,3734012816353.0,199621554157.0,501909919.0,2026-09-08 06:58:38
2510,2026-08-13,Pfizer Inc.,PFE,Healthcare,Provider_B,USD,232.19,3738192597518.0,199845006634.0,502471748.0,2026-09-08 02:16:24
2511,2026-08-13,Pfizer Inc.,PFE,Healthcare,Provider_C,USD,231.8,3731990695047.0,199513450887.0,501638115.0,2026-09-08 00:24:51
2512,2026-08-13,Pfizer Inc.,PFE,Healthcare,Provider_D,USD,232.38,3741295153022.0,200010870273.0,502888780.0,2026-09-08 15:35:12
2457,2026-08-13,Procter & Gamble,PG,Consumer,Provider_A,USD,697.61,3137228480899.0,65522974958.0,765761121.0,2026-09-08 18:41:59
2458,2026-08-13,Procter & Gamble,PG,Consumer,Provider_B,USD,696.67,3132977512591.0,65434190832.0,764723509.0,2026-09-08 17:05:07
2459,2026-08-13,Procter & Gamble,PG,Consumer,Provider_C,USD,698.13,3139531311721.0,65571071017.0,766323215.0,2026-09-08 22:53:07
2460,2026-08-13,Procter & Gamble,PG,Consumer,Provider_D,USD,697.2,3135373155048.0,65484225320.0,765308258.0,2026-09-08 09:13:57
2593,2026-08-13,Qualcomm,QCOM,Technology,Provider_A,USD,452.94,2452132567270.0,60337007934.0,579704971.0,2026-09-08 15:11:25
2594,2026-08-13,Qualcomm,QCOM,Technology,Provider_B,USD,453.03,2452597684859.0,-60348452586.0,579814929.0,2026-09-08 14:34:03
2595,2026-08-13,Qualcomm,QCOM,Technology,Provider_C,USD,452.46,2449513075670.0,60272552901.0,579085701.0,2026-09-08 02:20:32
2596,2026-08-13,Qualcomm,QCOM,Technology,Provider_D,USD,451.37,2443630991430.0,60127818734.0,577695127.0,2026-09-08 13:55:18
2481,2026-08-13,Salesforce Inc.,CRM,Technology,Provider_A,USD,576.72,3260377161702.0,55562868327.0,645492618.0,2026-09-08 22:33:28
2482,2026-08-13,Salesforce Inc.,CRM,Technology,Provider_B,USD,577.39,3264162461378.0,55627376848.0,646242035.0,2026-09-08 01:54:48
2483,2026-08-13,Salesforce Inc.,CRM,Technology,Provider_C,USD,576.61,4496528686839.295,55552306750.0,645369920.0,2026-09-08 16:41:20
2484,2026-08-13,Salesforce Inc.,CRM,Technology,Provider_D,USD,576.93,3261581493455.0,55583392372.0,645731052.0,2026-09-08 02:26:53
2425,2026-08-13,Tesla Inc.,TSLA,Automotive,Provider_A,USD,425.64,3219765776314.0,185645343189.0,371929369.0,2026-09-08 05:11:23
2426,2026-08-13,Tesla Inc.,TSLA,Automotive,Provider_B,USD,425.92,3221847545104.0,185765373871.0,372169843.0,2026-09-08 01:52:28
2427,2026-08-13,Tesla Inc.,TSLA,Automotive,Provider_C,USD,425.71,3220289582010.0,185675544792.0,371989876.0,2026-09-08 08:58:24
2428,2026-08-13,Tesla Inc.,TSLA,Automotive,Provider_D,USD,424.98,3214790349651.0,185358469903.0,371354635.0,2026-09-08 19:19:50
2597,2026-08-13,Texas Instruments,TXN,Technology,Provider_A,USD,145.73,3672800545810.0,312301129405.0,724047870.0,2026-09-08 07:13:28
2598,2026-08-13,Texas Instruments,TXN,Technology,Provider_B,USD,145.31,3662083873531.0,311389882302.0,721935209.0,2026-09-08 20:04:01
2599,2026-08-13,Texas Instruments,TXN,Technology,Provider_C,USD,145.34,3662932281046.0,311462023063.0,722102462.0,2026-09-08 07:43:54
2600,2026-08-13,Texas Instruments,TXN,Technology,Provider_D,USD,145.53,3667636387502.0,311862016948.0,723029819.0,2026-09-08 03:00:37
2569,2026-08-13,UPS,UPS,Industrials,Provider_A,USD,132.22,2110712232300.0,96307028504.0,256470370.0,2026-09-08 13:05:46
2570,2026-08-13,UPS,UPS,Industrials,Provider_B,USD,131.68,2102222716605.0,95919671091.0,255438818.0,2026-09-08 08:35:14
2571,2026-08-13,UPS,UPS,Industrials,Provider_C,USD,132.07,2108387317358.0,96200947890.0,256187872.0,2026-09-08 00:27:18
2572,2026-08-13,UPS,UPS,Industrials,Provider_D,USD,132.31,2112217213812.0,-96375697409.0,256653239.0,2026-09-08 07:29:37
2565,2026-08-13,Union Pacific,UNP,Industrials,Provider_A,USD,128.44,3541670030062.0,378398870916.0,682910286.0,2026-09-08 12:42:00
2566,2026-08-13,Union Pacific,UNP,Industrials,Provider_B,USD,128.25,3536385806486.0,377834294256.0,681891374.0,2026-09-08 12:12:16
2567,2026-08-13,Union Pacific,UNP,Industrials,Provider_C,USD,128.61,3546438952909.0,378908391850.0,683829837.0,2026-09-08 10:35:55
2568,2026-08-13,Union Pacific,UNP,Industrials,Provider_D,USD,128.52,3544040959410.0,378652185590.0,683367452.0,2026-09-08 19:04:28
2585,2026-08-13,Verizon,VZ,Communication,Provider_A,USD,609.64,3883784528463.0,30275103378.0,742273599.0,2026-09-08 07:07:38
2586,2026-08-13,Verizon,VZ,Communication,Provider_B,USD,610.14,3886984835638.0,30300050599.0,742885245.0,2026-09-08 09:12:53
2587,2026-08-13,Verizon,VZ,Communication,Provider_C,USD,608.61,3877210300094.0,30223855570.0,741017124.0,2026-09-08 02:38:09
2588,2026-08-13,Verizon,VZ,Communication,Provider_D,USD,610.07,3886510964731.0,30296356653.0,742794678.0,2026-09-08 07:13:24
2433,2026-08-13,Visa Inc.,V,Financials,Provider_A,USD,131.46,1083512508585.0,75941877035.0,71709798.0,2026-09-08 07:36:23
2434,2026-08-13,Visa Inc.,V,Financials,Provider_B,USD,131.75,1085896928068.0,76108997663.0,71867605.0,2026-09-08 19:27:15
2435,2026-08-13,Visa Inc.,V,Financials,Provider_C,USD,131.72,1085622491461.0,76089762785.0,71849442.0,2026-09-08 05:20:30
2436,2026-08-13,Visa Inc.,V,Financials,Provider_D,USD,131.64,1084975400068.0,76044409054.0,71806616.0,2026-09-08 00:18:45
2437,2026-08-13,Walmart Inc.,WMT,Consumer,Provider_A,USD,698.56,1301664580482.0,45534160736.0,154669967.0,2026-09-08 15:16:41
2438,2026-08-13,Walmart Inc.,WMT,Consumer,Provider_B,USD,698.52,1301603057389.0,45532008566.0,154662657.0,2026-09-08 15:56:28
2439,2026-08-13,Walmart Inc.,WMT,Consumer,Provider_C,USD,700.15,1304637557162.0,45638159876.0,155023230.0,2026-09-08 17:24:19
2440,2026-08-13,Walmart Inc.,WMT,Consumer,Provider_D,USD,-697.85,1300349425917.0,45488154675.0,154513694.0,2026-09-08 17:21:14
2533,2026-08-13,Wells Fargo,WFC,Financials,Provider_A,USD,-642.88,628241857330.0,11667091375.0,61036271.0,2026-09-08 21:08:03
2534,2026-08-13,Wells Fargo,WFC,Financials,Provider_B,USD,643.69,629033211637.0,11681787630.0,61113154.0,2026-09-08 02:38:28
2535,2026-08-13,Wells Fargo,WFC,Financials,Provider_C,USD,644.09,629424994662.0,11689063440.0,61151218.0,2026-09-08 21:08:40
2536,2026-08-13,Wells Fargo,WFC,Financials,Provider_D,USD,641.59,626988453761.0,11643814393.0,60914498.0,2026-09-08 16:23:39
2689,2026-08-14,AMD,AMD,Technology,Provider_A,USD,108.93,1468018504714.0,403041025012.0,348755010.0,2026-09-08 16:52:32
7697,2026-08-14,AMD,AMD,Technology,Provider_A,USD,108.93,1468018504714.0,403041025012.0,348755010.0,2026-09-08 16:52:32
2690,2026-08-14,AMD,AMD,Technology,Provider_B,USD,108.96,1468488499372.0,403170060939.0,348866666.0,2026-09-08 11:59:20
2691,2026-08-14,AMD,AMD,Technology,Provider_C,USD,109.26,,404285820611.0,349832142.0,2026-09-08 02:10:08
2692,2026-08-14,AMD,AMD,Technology,Provider_D,USD,109.06,1469888421857.0,403554406362.0,349199243.0,2026-09-08 14:11:23
2781,2026-08-14,AT&T,T,Communication,Provider_A,USD,292.72,921832626556.0,383728308897.0,129457601.0,2026-09-08 12:25:22
2782,2026-08-14,AT&T,T,Communication,Provider_B,USD,293.18,923273888325.0,384328258308.0,129660005.0,2026-09-08 23:24:21
2783,2026-08-14,AT&T,T,Communication,Provider_C,USD,292.21,920234588678.0,383063098799.0,129233180.0,2026-09-08 18:42:26
2784,2026-08-14,AT&T,T,Communication,Provider_D,USD,292.85,922249614673.0,383901887203.0,129516161.0,2026-09-08 01:29:43
2717,2026-08-14,AbbVie Inc.,ABBV,Healthcare,Provider_A,USD,663.35,3905200694343.0,380165938455.0,194593258.0,2026-09-08 00:01:27
2718,2026-08-14,AbbVie Inc.,ABBV,Healthcare,Provider_B,USD,665.01,3914942233477.0,381114263946.0,195078671.0,2026-09-08 01:23:47
2719,2026-08-14,AbbVie Inc.,ABBV,Healthcare,Provider_C,USD,661.58,3894765476221.0,379150084264.0,194073278.0,2026-09-08 10:53:28
2720,2026-08-14,AbbVie Inc.,ABBV,Healthcare,Provider_D,USD,661.33,5453132016915.392,379005711440.0,193999379.0,2026-09-08 00:52:39
2677,2026-08-14,Adobe Inc.,ADBE,Technology,Provider_A,USD,36.99,2378238154221.0,436803099401.0,549025944.0,2026-09-08 23:11:46
2678,2026-08-14,Adobe Inc.,ADBE,Technology,Provider_B,USD,37.07,2383614703934.0,437790592421.0,550267143.0,2026-09-08 09:07:48
2679,2026-08-14,Adobe Inc.,ADBE,Technology,Provider_C,USD,36.97,2377056556124.0,436586079204.0,548753168.0,2026-09-08 16:06:48
2680,2026-08-14,Adobe Inc.,ADBE,Technology,Provider_D,USD,36.89,2379810509377.0,437091888648.0,549388929.0,2026-09-08 10:54:08
2617,2026-08-14,Alphabet Inc.,GOOGL,Communication,Provider_A,USD,481.75,2362193339932.0,322063811170.0,277708079.0,2026-09-08 08:40:34
2618,2026-08-14,Alphabet Inc.,GOOGL,Communication,Provider_B,USD,240.745,2360962551464.0,321896004234.0,277563383.0,2026-09-08 05:00:11
2619,2026-08-14,Alphabet Inc.,GOOGL,Communication,Provider_C,USD,478.54,2346482496347.0,319921778984.0,275861055.0,2026-09-08 01:13:19
2620,2026-08-14,Alphabet Inc.,GOOGL,Communication,Provider_D,USD,480.96,2358359981617.0,321541167249.0,277257416.0,2026-09-08 20:52:02
2613,2026-08-14,Amazon.com Inc.,AMZN,Consumer,Provider_A,USD,67.42,1659858982244.0,127366202656.0,92555924.0,2026-09-08 02:04:48
2614,2026-08-14,Amazon.com Inc.,AMZN,Consumer,Provider_B,USD,67.63,1665003510631.0,127760958507.0,92842790.0,2026-09-08 20:11:15
2615,2026-08-14,Amazon.com Inc.,AMZN,Consumer,Provider_C,USD,67.43,1660052384910.0,127381043051.0,92566709.0,2026-09-08 22:01:13
2616,2026-08-14,Amazon.com Inc.,AMZN,Consumer,Provider_D,USD,67.39,1658921159349.0,-127294240554.0,92503630.0,2026-09-08 05:01:09
2601,2026-08-14,Apple Inc.,AAPL,Technology,Provider_A,USD,696.43,1858210820389.0,50054010526.0,422761057.0,2026-09-08 17:07:37
2602,2026-08-14,Apple Inc.,AAPL,Technology,Provider_B,USD,697.98,1862353217859.0,50165592917.0,423703493.0,2026-09-08 20:28:08
2603,2026-08-14,Apple Inc.,AAPL,Technology,Provider_C,USD,696.7,1858931389026.0,50073420245.0,422924993.0,2026-09-08 23:58:58
2604,2026-08-14,Apple Inc.,AAPL,Technology,Provider_D,USD,696.08,1857265158124.0,50028537534.0,422545909.0,2026-09-08 20:02:32
2729,2026-08-14,Bank of America,BAC,Financials,Provider_A,USD,64.98,358039202481.0,173413532733.0,67223315.0,2026-09-08 08:17:51
2730,2026-08-14,Bank of America,BAC,Financials,Provider_B,USD,64.93,357784682440.0,173290257910.0,67175527.0,2026-09-08 18:20:28
2731,2026-08-14,Bank of America,BAC,Financials,Provider_C,USD,65.03,358303878890.0,173541726715.0,67273009.0,2026-09-08 13:21:14
2732,2026-08-14,Bank of America,BAC,Financials,Provider_D,USD,65.0,358130966987.0,173457978165.0,67240544.0,2026-09-08 05:50:27
2737,2026-08-14,Berkshire Hathaway,BRK.B,Financials,Provider_A,USD,509.29,1783015673509.0,41180100942.0,203909590.0,2026-09-08 05:37:48
2738,2026-08-14,Berkshire Hathaway,BRK.B,Financials,Provider_B,USD,511.4,1790402258348.0,41350699728.0,204754336.0,2026-09-08 16:42:05
2739,2026-08-14,Berkshire Hathaway,BRK.B,Financials,Provider_C,USD,511.01,1789011598747.0,41318581388.0,204595297.0,2026-09-08 21:19:07
2740,2026-08-14,Berkshire Hathaway,BRK.B,Financials,Provider_D,USD,510.27,1786422997527.0,41258795678.0,204299259.0,2026-09-08 20:02:02
2757,2026-08-14,Boeing Co.,BA,Industrials,Provider_A,USD,590.72,720854109588.0,268295473247.0,51083246.0,2026-09-08 21:41:54
2758,2026-08-14,Boeing Co.,BA,Industrials,Provider_B,USD,591.86,722234255963.0,268809151424.0,51181050.0,2026-09-08 01:34:57
2759,2026-08-14,Boeing Co.,BA,Industrials,Provider_C,USD,594.0,724848678575.0,269782216212.0,51366321.0,2026-09-08 04:25:38
2760,2026-08-14,Boeing Co.,BA,Industrials,Provider_D,USD,589.78,719696932675.0,267864782316.0,51001243.0,2026-09-08 08:51:54
7710,2026-08-14,Boeing Co.,BA,Industrials,Provider_D,USD,589.78,719696932675.0,267864782316.0,51001243.0,2026-09-08 08:51:54
2665,2026-08-14,Broadcom Inc.,AVGO,Technology,Provider_A,USD,645.24,1321662052787.0,298880262391.0,191146816.0,2026-09-08 03:14:20
2666,2026-08-14,Broadcom Inc.,AVGO,Technology,Provider_B,USD,645.47,1322125927589.0,298985162901.0,191213904.0,2026-09-08 01:27:10
2667,2026-08-14,Broadcom Inc.,AVGO,Technology,Provider_C,USD,645.84,1322897373871.0,299159617533.0,191325475.0,2026-09-08 07:42:44
2668,2026-08-14,Broadcom Inc.,AVGO,Technology,Provider_D,USD,642.77,1316591105189.0,297733519814.0,190413424.0,2026-09-08 07:55:19
2761,2026-08-14,Caterpillar Inc.,CAT,Industrials,Provider_A,USD,317.17,3801836924674.943,327333618418.0,494840947.0,2026-09-08 21:53:28
2762,2026-08-14,Caterpillar Inc.,CAT,Industrials,Provider_B,USD,316.91,3364215145692.0,327067264925.0,494438291.0,2026-09-08 03:50:03
2763,2026-08-14,Caterpillar Inc.,CAT,Industrials,Provider_C,USD,317.75,3373109900927.0,327932008451.0,495745553.0,2026-09-08 07:49:54
2764,2026-08-14,Caterpillar Inc.,CAT,Industrials,Provider_D,USD,317.38,3369189769317.0,327550895273.0,495169411.0,2026-09-08 03:58:56
2653,2026-08-14,Chevron Corp.,CVX,Energy,Provider_A,USD,219.41,3976036038448.0,394810804326.0,522360814.0,2026-09-08 00:32:44
2654,2026-08-14,Chevron Corp.,CVX,Energy,Provider_B,USD,219.34,3974711748929.0,394679305566.0,522186832.0,2026-09-08 06:46:43
2655,2026-08-14,Chevron Corp.,CVX,Energy,Provider_C,USD,219.82,5194362291645.021,395540898348.0,523326777.0,2026-09-08 17:47:36
2656,2026-08-14,Chevron Corp.,CVX,Energy,Provider_D,USD,218.98,3968259930491.0,394038655531.0,521339210.0,2026-09-08 08:45:34
2693,2026-08-14,Cisco Systems,CSCO,Technology,Provider_A,USD,72.82,883453961822.0,119888668240.0,148955618.0,2026-09-08 14:34:04
2694,2026-08-14,Cisco Systems,CSCO,Technology,Provider_B,USD,72.74,882501870615.0,119759465189.0,148795090.0,2026-09-08 02:53:17
2695,2026-08-14,Cisco Systems,CSCO,Technology,Provider_C,USD,72.93,884718545291.0,120060277893.0,149168834.0,2026-09-08 07:03:05
2696,2026-08-14,Cisco Systems,CSCO,Technology,Provider_D,USD,72.68,881736883477.0,119655653001.0,148666108.0,2026-09-08 17:57:29
2641,2026-08-14,Coca-Cola,KO,Consumer,Provider_A,USD,447.96,2818451605643.0,215751628404.0,356120925.0,2026-09-08 01:27:57
2642,2026-08-14,Coca-Cola,KO,Consumer,Provider_B,USD,447.11,2813066595402.0,215339407479.0,355440511.0,2026-09-08 06:01:38
2643,2026-08-14,Coca-Cola,KO,Consumer,Provider_C,USD,446.24,2807618233134.0,214922336975.0,354752092.0,2026-09-08 20:09:36
2644,2026-08-14,Coca-Cola,KO,Consumer,Provider_D,USD,441.52,2813689919769.0,215387122773.0,355519270.0,2026-09-08 23:35:13
2789,2026-08-14,Comcast,CMCSA,Communication,Provider_A,USD,617.66,366569334943.0,173381130966.0,71211726.0,2026-09-08 14:14:56
2790,2026-08-14,Comcast,CMCSA,Communication,Provider_B,USD,619.65,367748153751.0,173938692439.0,71440730.0,2026-09-08 11:14:59
2791,2026-08-14,Comcast,CMCSA,Communication,Provider_C,USD,620.29,368128840606.0,174118750919.0,71514684.0,2026-09-08 18:41:09
2792,2026-08-14,Comcast,CMCSA,Communication,Provider_D,USD,621.18,368657365534.0,174368734322.0,71617358.0,2026-09-08 10:33:01
2749,2026-08-14,ConocoPhillips,COP,Energy,Provider_A,USD,291.74,206583004444.0,446719436208.0,41408921.0,2026-09-08 00:48:52
2750,2026-08-14,ConocoPhillips,COP,Energy,Provider_B,USD,292.62,207206342121.0,448067354718.0,41533867.0,2026-09-08 13:43:16
2751,2026-08-14,ConocoPhillips,COP,Energy,Provider_C,USD,291.73,206575381923.0,446702953107.0,41407393.0,2026-09-08 18:48:56
7642,2026-08-14,ConocoPhillips,COP,Energy,Provider_C,USD,291.73,206575381923.0,446702953107.0,41407393.0,2026-09-08 18:48:56
2752,2026-08-14,ConocoPhillips,COP,Energy,Provider_D,USD,292.14,206867279969.0,447334159586.0,41465904.0,2026-09-08 03:13:12
2745,2026-08-14,Duke Energy,DUK,Utilities,Provider_A,USD,669.48,299222668956.0,390450596108.0,14396891.0,2026-09-08 09:49:48
2746,2026-08-14,Duke Energy,DUK,Utilities,Provider_B,USD,670.35,299613386116.0,390960436316.0,14415690.0,2026-09-08 14:06:28
2747,2026-08-14,Duke Energy,DUK,Utilities,Provider_C,USD,669.95,350137221062.87085,390726342270.0,14407059.0,2026-09-08 11:52:04
2748,2026-08-14,Duke Energy,DUK,Utilities,Provider_D,USD,668.5,298786440552.0,389881369047.0,14375902.0,2026-09-08 20:20:31
2649,2026-08-14,Exxon Mobil,XOM,Energy,Provider_A,USD,45.45,1719104661137.1062,96344548716.0,293500493.0,2026-09-08 18:50:05
2650,2026-08-14,Exxon Mobil,XOM,Energy,Provider_B,USD,45.44,1402524363272.0,96313810109.0,293406852.0,2026-09-08 21:57:11
2651,2026-08-14,Exxon Mobil,XOM,Energy,Provider_C,USD,45.34,1399462025546.0,96103514002.0,292766213.0,2026-09-08 10:37:58
2652,2026-08-14,Exxon Mobil,XOM,Energy,Provider_D,USD,45.36,1400125860369.0,96149100704.0,292905087.0,2026-09-08 12:13:31
2721,2026-08-14,Goldman Sachs,GS,Financials,Provider_A,USD,703.91,3775576695474.0,100366682747.0,840621743.0,2026-09-08 01:27:00
2722,2026-08-14,Goldman Sachs,GS,Financials,Provider_B,USD,704.76,3780100376374.0,100486936389.0,841628928.0,2026-09-08 11:59:30
2723,2026-08-14,Goldman Sachs,GS,Financials,Provider_C,USD,706.58,3789885386290.0,100747052674.0,843807533.0,2026-09-08 23:13:30
2724,2026-08-14,Goldman Sachs,GS,Financials,Provider_D,USD,702.85,3769890420543.0,100215523706.0,839355709.0,2026-09-08 02:38:11
2773,2026-08-14,Home Depot,HD,Consumer,Provider_A,USD,276.69,1337778880039.0,179422005808.0,324613580.0,2026-09-08 03:37:31
7701,2026-08-14,Home Depot,HD,Consumer,Provider_A,USD,276.69,1337778880039.0,179422005808.0,324613580.0,2026-09-08 03:37:31
2774,2026-08-14,Home Depot,HD,Consumer,Provider_B,USD,277.01,1339293292810.0,179625117833.0,324981054.0,2026-09-08 01:21:38
2775,2026-08-14,Home Depot,HD,Consumer,Provider_C,USD,277.6,1342170309562.0,180010981389.0,325679165.0,2026-09-08 12:26:50
2776,2026-08-14,Home Depot,HD,Consumer,Provider_D,USD,277.69,1342582307102.0,180066238223.0,325779137.0,2026-09-08 01:42:14
2685,2026-08-14,Intel Corp.,INTC,Technology,Provider_A,USD,186.91,2203337329699.0,208095604323.0,97010508.0,2026-09-08 03:24:05
2686,2026-08-14,Intel Corp.,INTC,Technology,Provider_B,USD,186.45,2197945788143.0,207586396730.0,96773124.0,2026-09-08 18:24:28
2687,2026-08-14,Intel Corp.,INTC,Technology,Provider_C,USD,186.96,2203964656461.0,208154852601.0,97038128.0,2026-09-08 08:49:39
2688,2026-08-14,Intel Corp.,INTC,Technology,Provider_D,USD,187.19,2206639274997.0,208407458660.0,97155889.0,2026-09-08 12:15:24
2629,2026-08-14,JPMorgan Chase,JPM,Financials,Provider_A,USD,725.89,2166954305617.0,165365242407.0,270230033.0,2026-09-08 20:09:33
2630,2026-08-14,JPMorgan Chase,JPM,Financials,Provider_B,USD,724.86,2163875983172.0,165130328577.0,269846151.0,2026-09-08 17:33:16
2631,2026-08-14,JPMorgan Chase,JPM,Financials,Provider_C,USD,724.98,2164244603873.0,165158458866.0,269892120.0,2026-09-08 04:27:53
2632,2026-08-14,JPMorgan Chase,JPM,Financials,Provider_D,USD,728.13,2173641849940.0,165875584220.0,271064003.0,2026-09-08 08:54:31
2645,2026-08-14,Johnson & Johnson,JNJ,Healthcare,Provider_A,USD,566.76,1405320540044.0,293611953991.0,345715421.0,2026-09-08 23:19:15
2646,2026-08-14,Johnson & Johnson,JNJ,Healthcare,Provider_B,USD,564.04,1398573957202.0,292202398438.0,344055730.0,2026-09-08 16:24:35
2647,2026-08-14,Johnson & Johnson,JNJ,Healthcare,Provider_C,USD,564.43,1399547227523.0,292405742652.0,344295159.0,2026-09-08 15:44:33
2648,2026-08-14,Johnson & Johnson,JNJ,Healthcare,Provider_D,USD,564.1,1398734205645.0,292235878955.0,344095152.0,2026-09-08 20:20:07
2753,2026-08-14,Lockheed Martin,LMT,Industrials,Provider_A,USD,472.89,3917082801078.0,141032527075.0,520197230.0,2026-09-08 02:32:01
2754,2026-08-14,Lockheed Martin,LMT,Industrials,Provider_B,USD,1420.68,3922588580134.0,141230759784.0,520928409.0,2026-09-08 08:44:02
2755,2026-08-14,Lockheed Martin,LMT,Industrials,Provider_C,USD,472.57,3914446534610.0,140937609674.0,519847128.0,2026-09-08 03:52:04
2756,2026-08-14,Lockheed Martin,LMT,Industrials,Provider_D,USD,474.35,3929136573877.0,141466516890.0,521797997.0,2026-09-08 17:16:17
2777,2026-08-14,Lowe's,LOW,Consumer,Provider_A,USD,406.12,1022879204066.0,328952785307.0,220630976.0,2026-09-08 11:32:10
2778,2026-08-14,Lowe's,LOW,Consumer,Provider_B,USD,411.68,-1025892819102.0,329921948681.0,221281000.0,2026-09-08 13:46:14
2779,2026-08-14,Lowe's,LOW,Consumer,Provider_C,USD,410.52,1023006297058.0,328993657772.0,220658389.0,2026-09-08 06:15:21
2780,2026-08-14,Lowe's,LOW,Consumer,Provider_D,USD,411.5,1025455370488.0,329781267416.0,221186645.0,2026-09-08 03:13:23
2661,2026-08-14,Mastercard Inc.,MA,Financials,Provider_A,USD,626.89,2003316047843.0,421396091169.0,290459103.0,2026-09-08 19:53:35
2662,2026-08-14,Mastercard Inc.,MA,Financials,Provider_B,USD,626.25,2001268613018.0,420965414725.0,290162247.0,2026-09-08 20:15:16
2663,2026-08-14,Mastercard Inc.,MA,Financials,Provider_C,USD,625.91,2000173265731.0,420735009210.0,290003434.0,2026-09-08 09:53:58
2664,2026-08-14,Mastercard Inc.,MA,Financials,Provider_D,USD,628.25,2007650371046.0,422307812941.0,291087533.0,2026-09-08 22:17:25
2701,2026-08-14,McDonald's,MCD,Consumer,Provider_A,USD,621.5,1226926668787.0,443968330962.0,256407763.0,2026-09-08 23:04:43
2702,2026-08-14,McDonald's,MCD,Consumer,Provider_B,USD,621.08,1226087239765.0,443664580207.0,256232336.0,2026-09-08 04:49:27
2703,2026-08-14,McDonald's,MCD,Consumer,Provider_C,USD,620.97,1225874980086.0,443587773192.0,256187977.0,2026-09-08 08:30:08
2704,2026-08-14,McDonald's,MCD,Consumer,Provider_D,USD,621.05,1226034996105.0,443645675630.0,256221418.0,2026-09-08 03:22:37
2713,2026-08-14,Merck & Co.,MRK,Healthcare,Provider_A,USD,160.42,1996063048154.0,58418431011.0,330870055.0,2026-09-08 22:11:02
2714,2026-08-14,Merck & Co.,MRK,Healthcare,Provider_B,USD,160.38,1995631001813.0,58405786385.0,330798439.0,2026-09-08 10:10:11
2715,2026-08-14,Merck & Co.,MRK,Healthcare,Provider_C,USD,160.48,1996851991276.0,58441520872.0,331000831.0,2026-09-08 18:31:20
2716,2026-08-14,Merck & Co.,MRK,Healthcare,Provider_D,USD,160.6,1998319575439.0,58484472403.0,331244100.0,2026-09-08 18:32:32
2621,2026-08-14,Meta Platforms,META,Communication,Provider_A,USD,328.01,1719665881764.0,292488911197.0,188307664.0,2026-09-08 15:05:00
2622,2026-08-14,Meta Platforms,META,Communication,Provider_B,USD,327.47,1716832455951.0,292006988726.0,187997397.0,2026-09-08 10:08:55
2623,2026-08-14,Meta Platforms,META,Communication,Provider_C,USD,327.74,1718284718276.0,292253996375.0,188156423.0,2026-09-08 12:37:02
2624,2026-08-14,Meta Platforms,META,Communication,Provider_D,USD,328.44,1721956940432.0,292878585297.0,188558541.0,2026-09-08 09:01:26
2605,2026-08-14,Microsoft Corp.,MSFT,Technology,Provider_A,USD,224.39,3045389043436.0,65000499311.0,363827428.0,2026-09-08 22:58:59
2606,2026-08-14,Microsoft Corp.,MSFT,Technology,Provider_B,USD,224.95,3053072888918.0,65164502592.0,364745404.0,2026-09-08 09:49:29
7689,2026-08-14,Microsoft Corp.,MSFT,Technology,Provider_B,USD,224.95,3053072888918.0,65164502592.0,364745404.0,2026-09-08 09:49:29
2607,2026-08-14,Microsoft Corp.,MSFT,Technology,Provider_C,USD,224.38,3045271180820.0,64997983663.0,363813347.0,2026-09-08 14:20:38
2608,2026-08-14,Microsoft Corp.,MSFT,Technology,Provider_D,USD,225.18,3056170417713.0,65230615957.0,365115461.0,2026-09-08 06:46:21
2725,2026-08-14,Morgan Stanley,MS,Financials,Provider_A,USD,73.2,1931263384274.0,230493537341.0,108860688.0,2026-09-08 06:29:56
2726,2026-08-14,Morgan Stanley,MS,Financials,Provider_B,USD,183.07500000000002,1932174290545.0,230602252709.0,108912034.0,2026-09-08 16:45:50
2727,2026-08-14,Morgan Stanley,MS,Financials,Provider_C,USD,73.28,1933279365356.0,230734141815.0,108974324.0,2026-09-08 13:37:29
2728,2026-08-14,Morgan Stanley,MS,Financials,Provider_D,USD,73.05,1927460445677.0,230039662030.0,108646326.0,2026-09-08 06:07:14
2609,2026-08-14,NVIDIA Corp.,NVDA,Technology,Provider_A,USD,214.24,211079607983.0,256649406112.0,32431021.0,2026-09-08 02:49:03
2610,2026-08-14,NVIDIA Corp.,NVDA,Technology,Provider_B,USD,214.7,211531654158.0,257199044153.0,32500474.0,2026-09-08 11:06:25
2611,2026-08-14,NVIDIA Corp.,NVDA,Technology,Provider_C,USD,214.64,211477624761.0,257133350395.0,32492173.0,2026-09-08 08:52:06
2612,2026-08-14,NVIDIA Corp.,NVDA,Technology,Provider_D,USD,214.16,211004141165.0,256557646825.0,32419426.0,2026-09-08 06:32:44
2673,2026-08-14,Netflix Inc.,NFLX,Communication,Provider_A,USD,265.42,1711506326566.0,140162696005.0,129178227.0,2026-09-08 22:18:37
2674,2026-08-14,Netflix Inc.,NFLX,Communication,Provider_B,USD,265.77,1713781160647.0,140348992061.0,129349924.0,2026-09-08 09:17:18
2675,2026-08-14,Netflix Inc.,NFLX,Communication,Provider_C,USD,266.24,1716778590953.0,140594464663.0,129576159.0,2026-09-08 14:12:07
2676,2026-08-14,Netflix Inc.,NFLX,Communication,Provider_D,USD,265.42,1711538410845.0,140165323526.0,,2026-09-08 12:07:02
2741,2026-08-14,NextEra Energy,NEE,Utilities,Provider_A,USD,49.64,2631847857990.0,414889543477.0,207778830.0,2026-09-08 16:10:49
2742,2026-08-14,NextEra Energy,NEE,Utilities,Provider_B,USD,49.73,2636223312211.0,415579298471.0,208124263.0,2026-09-08 23:13:29
2743,2026-08-14,NextEra Energy,NEE,Utilities,Provider_C,USD,49.74,2636826148268.0,415674330703.0,208171856.0,2026-09-08 12:17:30
2744,2026-08-14,NextEra Energy,NEE,Utilities,Provider_D,USD,49.77,2638400120029.0,415922454630.0,208296117.0,2026-09-08 16:15:15
2705,2026-08-14,Nike Inc.,NKE,Consumer,Provider_A,USD,400.78,1102182325835.0,358644042543.0,199471502.0,2026-09-08 08:24:57
2706,2026-08-14,Nike Inc.,NKE,Consumer,Provider_B,USD,402.26,1106246401225.0,359966470233.0,200207013.0,2026-09-08 23:46:18
2707,2026-08-14,Nike Inc.,NKE,Consumer,Provider_C,USD,400.29,1100838173333.0,358206662741.0,199228239.0,2026-09-08 15:44:06
2708,2026-08-14,Nike Inc.,NKE,Consumer,Provider_D,USD,400.84,1102336012657.0,358694051386.0,199499316.0,2026-09-08 18:56:21
2669,2026-08-14,Oracle Corp.,ORCL,Technology,Provider_A,USD,-552.4,1537836717537.0,368635511216.0,278857118.0,2026-09-08 22:41:04
2670,2026-08-14,Oracle Corp.,ORCL,Technology,Provider_B,USD,551.34,1534886650016.0,367928349242.0,278322180.0,2026-09-08 12:14:51
2671,2026-08-14,Oracle Corp.,ORCL,Technology,Provider_C,USD,551.9,1536461875034.0,368305947119.0,278607817.0,2026-09-08 21:40:14
2672,2026-08-14,Oracle Corp.,ORCL,Technology,Provider_D,USD,552.05,1536871541631.0,368404148478.0,278682102.0,2026-09-08 04:51:37
2697,2026-08-14,PepsiCo,PEP,Consumer,Provider_A,USD,240.3,3339915348831.0,409188543581.0,509938220.0,2026-09-08 12:41:25
2698,2026-08-14,PepsiCo,PEP,Consumer,Provider_B,USD,240.13,3337582528044.0,408902738871.0,509582045.0,2026-09-08 18:17:44
2699,2026-08-14,PepsiCo,PEP,Consumer,Provider_C,USD,240.74,3346108892618.0,409947343400.0,510883850.0,2026-09-08 17:25:32
2700,2026-08-14,PepsiCo,PEP,Consumer,Provider_D,USD,239.57,3329792174768.0,407948306504.0,508392614.0,2026-09-08 20:13:21
2709,2026-08-14,Pfizer Inc.,PFE,Healthcare,Provider_A,USD,230.88,3732943873130.0,200066534718.0,770220002.0,2026-09-08 18:41:06
7688,2026-08-14,Pfizer Inc.,PFE,Healthcare,Provider_A,USD,230.88,3732943873130.0,200066534718.0,770220002.0,2026-09-08 18:41:06
2710,2026-08-14,Pfizer Inc.,PFE,Healthcare,Provider_B,USD,230.29,3723330636524.0,199551314827.0,768236499.0,2026-09-08 17:01:52
2711,2026-08-14,Pfizer Inc.,PFE,Healthcare,Provider_C,USD,230.32,3723874887208.0,199580483857.0,768348794.0,2026-09-08 13:13:41
2712,2026-08-14,Pfizer Inc.,PFE,Healthcare,Provider_D,USD,230.6,3728447330724.0,199825543241.0,769292228.0,2026-09-08 01:47:53
2657,2026-08-14,Procter & Gamble,PG,Consumer,Provider_A,USD,697.34,3142008023568.0,65611608343.0,578136271.0,2026-09-08 11:21:02
2658,2026-08-14,Procter & Gamble,PG,Consumer,Provider_B,USD,695.91,3135541410729.0,65476572129.0,576946400.0,2026-09-08 08:40:04
2659,2026-08-14,Procter & Gamble,PG,Consumer,Provider_C,USD,696.59,3138600974466.0,65540462130.0,577509366.0,2026-09-08 05:10:50
2660,2026-08-14,Procter & Gamble,PG,Consumer,Provider_D,USD,697.37,3142129191743.0,65614138585.0,578158566.0,2026-09-08 07:22:32
2793,2026-08-14,Qualcomm,QCOM,Technology,Provider_A,USD,445.62,2446630065290.0,60277451720.0,164548774.0,2026-09-08 14:56:33
2794,2026-08-14,Qualcomm,QCOM,Technology,Provider_B,USD,444.73,2441700703731.0,60156007388.0,164217248.0,2026-09-08 21:29:11
2795,2026-08-14,Qualcomm,QCOM,Technology,Provider_C,USD,803.8800000000001,2451977461756.0,60409195148.0,164908414.0,2026-09-08 03:03:09
2796,2026-08-14,Qualcomm,QCOM,Technology,Provider_D,USD,445.45,2445673566870.0,60253886536.0,164484444.0,2026-09-08 00:23:41
2681,2026-08-14,Salesforce Inc.,CRM,Technology,Provider_A,USD,574.98,3265478184398.0,55554602052.0,301588219.0,2026-09-08 20:42:15
2682,2026-08-14,Salesforce Inc.,CRM,Technology,Provider_B,USD,574.83,3264643759716.0,55540406235.0,301511154.0,2026-09-08 03:01:45
2683,2026-08-14,Salesforce Inc.,CRM,Technology,Provider_C,USD,575.6,3268997806747.0,55614480332.0,301913279.0,2026-09-08 13:19:00
2684,2026-08-14,Salesforce Inc.,CRM,Technology,Provider_D,USD,575.02,3265720638651.0,55558726853.0,301610611.0,2026-09-08 19:18:15
2625,2026-08-14,Tesla Inc.,TSLA,Automotive,Provider_A,USD,425.57,3210720719402.0,184721838344.0,206811868.0,2026-09-08 09:48:03
2626,2026-08-14,Tesla Inc.,TSLA,Automotive,Provider_B,USD,428.17,3230320222698.0,185849453168.0,208074329.0,2026-09-08 03:50:38
2627,2026-08-14,Tesla Inc.,TSLA,Automotive,Provider_C,USD,214.195,3231958263230.0,185943694270.0,208179840.0,2026-09-08 15:22:56
2628,2026-08-14,Tesla Inc.,TSLA,Automotive,Provider_D,USD,426.97,3221240720177.0,185327083724.0,207489491.0,2026-09-08 15:56:04
2797,2026-08-14,Texas Instruments,TXN,Technology,Provider_A,USD,145.74,3666368119173.0,311721583161.0,834359237.0,2026-09-08 23:18:48
2798,2026-08-14,Texas Instruments,TXN,Technology,Provider_B,USD,146.23,3678663007171.0,312766917898.0,837157197.0,2026-09-08 10:55:32
2799,2026-08-14,Texas Instruments,TXN,Technology,Provider_C,USD,146.0,3673016555615.0,312286845859.0,835872228.0,2026-09-08 21:30:57
2800,2026-08-14,Texas Instruments,TXN,Technology,Provider_D,USD,146.1,3675533097603.0,312500807040.0,836444920.0,2026-09-08 09:39:32
2769,2026-08-14,UPS,UPS,Industrials,Provider_A,USD,133.03,2100694641984.0,95860809893.0,128437265.0,2026-09-08 20:01:31
2770,2026-08-14,UPS,UPS,Industrials,Provider_B,USD,133.61,2109894603448.0,96280630908.0,128999755.0,2026-09-08 12:50:51
2771,2026-08-14,UPS,UPS,Industrials,Provider_C,USD,66.625,2104145054388.0,96018262252.0,128648225.0,2026-09-08 00:24:53
2772,2026-08-14,UPS,UPS,Industrials,Provider_D,USD,133.27,2104516553160.0,96035214823.0,128670939.0,2026-09-08 12:25:29
2765,2026-08-14,Union Pacific,UNP,Industrials,Provider_A,USD,125.49,3536984753512.0,377619617965.0,224623739.0,2026-09-08 04:01:02
2766,2026-08-14,Union Pacific,UNP,Industrials,Provider_B,USD,125.28,3531043894718.0,376985353193.0,224246452.0,2026-09-08 04:33:30
2767,2026-08-14,Union Pacific,UNP,Industrials,Provider_C,USD,44.040499999999994,3546514187419.0,378637010304.0,225228926.0,2026-09-08 07:34:44
2768,2026-08-14,Union Pacific,UNP,Industrials,Provider_D,USD,44.012499999999996,3544274379554.0,378397881371.0,225086682.0,2026-09-08 09:59:15
2785,2026-08-14,Verizon,VZ,Communication,Provider_A,USD,626.23,3890289114772.0,30338758707.0,530540759.0,2026-09-08 15:06:30
2786,2026-08-14,Verizon,VZ,Communication,Provider_B,USD,624.07,3876907319634.0,30234399611.0,528715808.0,2026-09-08 11:06:54
2787,2026-08-14,Verizon,VZ,Communication,Provider_C,USD,624.2,3877685829076.0,30240470885.0,528821978.0,2026-09-08 22:30:58
2788,2026-08-14,Verizon,VZ,Communication,Provider_D,USD,626.12,3889611974412.0,30333477969.0,530448414.0,2026-09-08 06:46:59
2633,2026-08-14,Visa Inc.,V,Financials,Provider_A,USD,132.34,1084804815842.0,76144531221.0,147062295.0,2026-09-08 14:12:43
2634,2026-08-14,Visa Inc.,V,Financials,Provider_B,USD,,1083951462206.0,76084632692.0,146946609.0,2026-09-08 17:48:53
2635,2026-08-14,Visa Inc.,V,Financials,Provider_C,USD,132.5,1086079592626.0,76234010249.0,147235111.0,2026-09-08 07:26:27
2636,2026-08-14,Visa Inc.,V,Financials,Provider_D,USD,132.0,1081988376130.0,75946839914.0,146680482.0,2026-09-08 21:05:34
2637,2026-08-14,Walmart Inc.,WMT,Consumer,Provider_A,USD,701.12,1303848342350.0,45543775872.0,154209617.0,2026-09-08 07:30:03
2638,2026-08-14,Walmart Inc.,WMT,Consumer,Provider_B,USD,701.04,1303700448905.0,45538609914.0,154192126.0,2026-09-08 11:53:34
2639,2026-08-14,Walmart Inc.,WMT,Consumer,Provider_C,USD,702.87,1307091306177.0,45657053477.0,154593171.0,2026-09-08 16:48:57
2640,2026-08-14,Walmart Inc.,WMT,Consumer,Provider_D,USD,701.89,1305282146700.0,45593859047.0,154379197.0,2026-09-08 03:37:01
2733,2026-08-14,Wells Fargo,WFC,Financials,Provider_A,USD,643.59,628209164561.0,11678307538.0,130472733.0,2026-09-08 17:01:53
2734,2026-08-14,Wells Fargo,WFC,Financials,Provider_B,USD,642.51,627156671357.0,11658741858.0,130254141.0,2026-09-08 10:18:16
2735,2026-08-14,Wells Fargo,WFC,Financials,Provider_C,USD,,626112037108.0,11639322275.0,130037181.0,2026-09-08 22:26:57
2736,2026-08-14,Wells Fargo,WFC,Financials,Provider_D,USD,641.75,626417325827.0,11644997544.0,130100586.0,2026-09-08 04:01:44
2889,2026-08-15,AMD,AMD,Technology,Provider_A,USD,109.93,1467935340528.0,403256057735.0,237143135.0,2026-09-08 15:19:18
2890,2026-08-15,AMD,AMD,Technology,Provider_B,USD,110.2,-1471512101196.0,404238628538.0,237720956.0,2026-09-08 23:32:39
2891,2026-08-15,AMD,AMD,Technology,Provider_C,USD,109.94,1468041665095.0,403285266123.0,237160311.0,2026-09-08 19:59:05
2892,2026-08-15,AMD,AMD,Technology,Provider_D,USD,110.18,1471313185778.0,404183984546.0,237688822.0,2026-09-08 21:25:15
2981,2026-08-15,AT&T,T,Communication,Provider_A,USD,296.22,922652476657.0,383934860653.0,67239625.0,2026-09-08 13:02:51
2982,2026-08-15,AT&T,T,Communication,Provider_B,USD,296.48,923446973614.0,384265467340.0,67297526.0,2026-09-08 18:53:10
2983,2026-08-15,AT&T,T,Communication,Provider_C,USD,295.73,921113796938.0,383294584060.0,67127492.0,2026-09-08 18:15:18
2984,2026-08-15,AT&T,T,Communication,Provider_D,USD,295.38,920029364999.0,382843329405.0,67048462.0,2026-09-08 14:08:07
2917,2026-08-15,AbbVie Inc.,ABBV,Healthcare,Provider_A,USD,671.97,3912030560128.0,380853386929.0,879523801.0,2026-09-08 20:23:54
2918,2026-08-15,AbbVie Inc.,ABBV,Healthcare,Provider_B,USD,671.3,3908142344802.0,380474852060.0,878649631.0,2026-09-08 23:49:27
2919,2026-08-15,AbbVie Inc.,ABBV,Healthcare,Provider_C,USD,670.0,3900560724946.0,379736748009.0,876945091.0,2026-09-08 05:56:14
2920,2026-08-15,AbbVie Inc.,ABBV,Healthcare,Provider_D,USD,669.6,3898221547864.0,379509018829.0,876419184.0,2026-09-08 23:25:42
2877,2026-08-15,Adobe Inc.,ADBE,Technology,Provider_A,USD,36.72,2380928963893.0,436805775037.0,310973176.0,2026-09-08 01:44:45
2878,2026-08-15,Adobe Inc.,ADBE,Technology,Provider_B,USD,36.84,2388674811397.0,438226830001.0,311984862.0,2026-09-08 04:57:41
2879,2026-08-15,Adobe Inc.,ADBE,Technology,Provider_C,USD,36.87,,438663689303.0,312295873.0,2026-09-08 03:09:31
2880,2026-08-15,Adobe Inc.,ADBE,Technology,Provider_D,USD,36.8,2386531852679.0,437833682302.0,311704970.0,2026-09-08 16:17:54
2817,2026-08-15,Alphabet Inc.,GOOGL,Communication,Provider_A,USD,479.24,2362833579407.0,322547545115.0,231346710.0,2026-09-08 00:26:12
7675,2026-08-15,Alphabet Inc.,GOOGL,Communication,Provider_A,USD,479.24,2362833579407.0,322547545115.0,231346710.0,2026-09-08 00:26:12
2818,2026-08-15,Alphabet Inc.,GOOGL,Communication,Provider_B,USD,479.14,2362337692970.0,322479852259.0,231298158.0,2026-09-08 10:04:21
2819,2026-08-15,Alphabet Inc.,GOOGL,Communication,Provider_C,USD,860.904,2358088373806.0,321899782855.0,230882104.0,2026-09-08 23:34:23
2820,2026-08-15,Alphabet Inc.,GOOGL,Communication,Provider_D,USD,479.65,2364837965294.0,322821161400.0,231542961.0,2026-09-08 17:55:10
2813,2026-08-15,Amazon.com Inc.,AMZN,Consumer,Provider_A,USD,67.56,1659876106686.0,127411345040.0,397558647.0,2026-09-08 13:01:49
2814,2026-08-15,Amazon.com Inc.,AMZN,Consumer,Provider_B,USD,67.63,1661478296100.0,127534328380.0,397942389.0,2026-09-08 04:26:23
2815,2026-08-15,Amazon.com Inc.,AMZN,Consumer,Provider_C,USD,67.49,2260762520729.8296,127275192534.0,397133813.0,2026-09-08 12:56:16
2816,2026-08-15,Amazon.com Inc.,AMZN,Consumer,Provider_D,USD,67.63,1661467699808.0,127533515013.0,397939851.0,2026-09-08 16:47:12
2801,2026-08-15,Apple Inc.,AAPL,Technology,Provider_A,USD,694.99,1863353373705.0,50149400493.0,359631302.0,2026-09-08 10:30:17
2802,2026-08-15,Apple Inc.,AAPL,Technology,Provider_B,USD,693.32,1858877481152.0,50028938464.0,358767445.0,2026-09-08 10:47:33
2803,2026-08-15,Apple Inc.,AAPL,Technology,Provider_C,USD,694.08,1860907822503.0,50083582099.0,359159305.0,2026-09-08 23:32:27
2804,2026-08-15,Apple Inc.,AAPL,Technology,Provider_D,USD,694.04,1860786893672.0,50080327479.0,359135966.0,2026-09-08 03:03:58
2929,2026-08-15,Bank of America,BAC,Financials,Provider_A,USD,64.78,358924298324.0,173817160244.0,57940580.0,2026-09-08 08:44:09
2930,2026-08-15,Bank of America,BAC,Financials,Provider_B,USD,64.59,357869385495.0,173306294991.0,57770288.0,2026-09-08 02:22:26
2931,2026-08-15,Bank of America,BAC,Financials,Provider_C,USD,64.72,358586459493.0,173653554195.0,57886044.0,2026-09-08 14:24:35
2932,2026-08-15,Bank of America,BAC,Financials,Provider_D,USD,64.59,357883607321.0,173313182230.0,57772583.0,2026-09-08 03:04:40
2937,2026-08-15,Berkshire Hathaway,BRK.B,Financials,Provider_A,USD,510.79,,41406577463.0,266419923.0,2026-09-08 04:22:38
2938,2026-08-15,Berkshire Hathaway,BRK.B,Financials,Provider_B,USD,510.32,1786577491757.0,41368828643.0,266177038.0,2026-09-08 22:22:23
2939,2026-08-15,Berkshire Hathaway,BRK.B,Financials,Provider_C,USD,509.95,1785286034802.0,41338924504.0,265984628.0,2026-09-08 21:59:01
2940,2026-08-15,Berkshire Hathaway,BRK.B,Financials,Provider_D,USD,508.78,1781171176175.0,41243643509.0,265371567.0,2026-09-08 22:20:41
2957,2026-08-15,Boeing Co.,BA,Industrials,Provider_A,USD,589.09,721388214620.0,268571642502.0,99381916.0,2026-09-08 19:25:27
2958,2026-08-15,Boeing Co.,BA,Industrials,Provider_B,EUR,589.52,721919248029.0,268769345365.0,99455073.0,2026-09-08 10:56:50
2959,2026-08-15,Boeing Co.,BA,Industrials,Provider_C,USD,588.95,721219933686.0,268508991788.0,99358732.0,2026-09-08 22:53:49
2960,2026-08-15,Boeing Co.,BA,Industrials,Provider_D,USD,589.8,722252761113.0,268893511736.0,99501020.0,2026-09-08 14:28:01
2865,2026-08-15,Broadcom Inc.,AVGO,Technology,Provider_A,USD,660.1,1319455314951.0,298869371188.0,123424949.0,2026-09-08 08:25:56
2866,2026-08-15,Broadcom Inc.,AVGO,Technology,Provider_B,USD,659.62,1318502416811.0,298653530557.0,123335813.0,2026-09-08 07:39:39
2867,2026-08-15,Broadcom Inc.,AVGO,Technology,Provider_C,USD,661.74,1322744294191.0,299614356749.0,123732608.0,2026-09-08 08:47:27
2868,2026-08-15,Broadcom Inc.,AVGO,Technology,Provider_D,USD,660.07,1319392860415.0,298855224633.0,123419107.0,2026-09-08 02:42:57
2961,2026-08-15,Caterpillar Inc.,CAT,Industrials,Provider_A,USD,321.08,4323910777719.1963,327639622265.0,243692271.0,2026-09-08 15:53:59
2962,2026-08-15,Caterpillar Inc.,CAT,Industrials,Provider_B,USD,,3380630832257.0,328394659435.0,244253853.0,2026-09-08 11:09:04
2963,2026-08-15,Caterpillar Inc.,CAT,Industrials,Provider_C,USD,320.81,3370024149406.0,327364325697.0,243487510.0,2026-09-08 14:36:41
2964,2026-08-15,Caterpillar Inc.,CAT,Industrials,Provider_D,USD,321.63,3378614031522.0,328198747304.0,244108138.0,2026-09-08 03:59:23
2853,2026-08-15,Chevron Corp.,CVX,Energy,Provider_A,USD,219.37,3980694754456.0,395645758755.0,625396832.0,2026-09-08 05:50:43
2854,2026-08-15,Chevron Corp.,CVX,Energy,Provider_B,USD,219.3,3979463952732.0,395523427978.0,625203463.0,2026-09-08 21:29:19
2855,2026-08-15,Chevron Corp.,CVX,Energy,Provider_C,USD,219.23,3978191222536.0,,625003508.0,2026-09-08 19:04:37
2856,2026-08-15,Chevron Corp.,CVX,Energy,Provider_D,USD,219.22,3977959740819.0,395373922653.0,624967140.0,2026-09-08 12:13:32
2893,2026-08-15,Cisco Systems,CSCO,Technology,Provider_A,USD,73.04,882446036202.0,119759893861.0,102330646.0,2026-09-08 01:15:36
2894,2026-08-15,Cisco Systems,CSCO,Technology,Provider_B,USD,73.09,883016508679.0,119837314712.0,102396800.0,2026-09-08 18:03:12
2895,2026-08-15,Cisco Systems,CSCO,Technology,Provider_C,USD,73.17,-883995971645.0,119970241119.0,102510381.0,2026-09-08 03:59:37
2896,2026-08-15,Cisco Systems,CSCO,Technology,Provider_D,USD,72.86,880267091799.0,119464181557.0,102077971.0,2026-09-08 20:33:03
2841,2026-08-15,Coca-Cola,KO,Consumer,Provider_A,USD,450.77,2821052056373.0,215541469985.0,211253918.0,2026-09-08 16:40:34
2842,2026-08-15,Coca-Cola,KO,Consumer,Provider_B,USD,451.06,2822883255651.0,215681382108.0,211391047.0,2026-09-08 14:06:40
2843,2026-08-15,Coca-Cola,KO,Consumer,Provider_C,USD,449.76,2814763809257.0,215061018720.0,210783024.0,2026-09-08 15:48:32
2844,2026-08-15,Coca-Cola,KO,Consumer,Provider_D,USD,451.19,2823700271466.0,215743805908.0,211452229.0,2026-09-08 22:06:51
2989,2026-08-15,Comcast,CMCSA,Communication,Provider_A,USD,613.48,367120095493.0,173955268122.0,30072265.0,2026-09-08 18:26:41
2990,2026-08-15,Comcast,CMCSA,Communication,Provider_B,USD,613.65,367224103059.0,174004550807.0,30080785.0,2026-09-08 18:48:15
2991,2026-08-15,Comcast,CMCSA,Communication,Provider_C,USD,214.1055,366075591652.0,173460343034.0,29986705.0,2026-09-08 17:56:16
2992,2026-08-15,Comcast,CMCSA,Communication,Provider_D,USD,621.18,365930510182.0,173391597992.0,29974821.0,2026-09-08 10:05:25
2949,2026-08-15,ConocoPhillips,COP,Energy,Provider_A,USD,288.81,207224376042.0,447532153183.0,32096765.0,2026-09-08 15:57:22
2950,2026-08-15,ConocoPhillips,COP,Energy,Provider_B,USD,288.7,207146338326.0,447363619019.0,32084678.0,2026-09-08 19:22:49
2951,2026-08-15,ConocoPhillips,COP,Energy,Provider_C,USD,288.9,207285204224.0,447663520774.0,32106187.0,2026-09-08 00:06:49
2952,2026-08-15,ConocoPhillips,COP,Energy,Provider_D,USD,288.57,207047812713.0,447150838165.0,32069417.0,2026-09-08 14:02:27
2945,2026-08-15,Duke Energy,DUK,Utilities,Provider_A,USD,665.7,299803531561.0,390657681306.0,52900094.0,2026-09-08 20:29:20
2946,2026-08-15,Duke Energy,DUK,Utilities,Provider_B,USD,666.51,300167922009.0,391132498687.0,52964391.0,2026-09-08 04:56:15
2947,2026-08-15,Duke Energy,DUK,Utilities,Provider_C,USD,665.8,299846000385.0,390713020122.0,52907588.0,2026-09-08 05:47:25
2948,2026-08-15,Duke Energy,DUK,Utilities,Provider_D,USD,665.47,299697693584.0,390519769593.0,52881419.0,2026-09-08 09:33:44
2849,2026-08-15,Exxon Mobil,XOM,Energy,Provider_A,INR,45.7,1402022121904.0,96238730263.0,205282603.0,2026-09-08 21:05:17
2850,2026-08-15,Exxon Mobil,XOM,Energy,Provider_B,USD,45.73,1402735639488.0,96287708111.0,205387076.0,2026-09-08 10:38:38
2851,2026-08-15,Exxon Mobil,XOM,Energy,Provider_C,USD,45.64,1400083437636.0,96105653538.0,204998743.0,2026-09-08 03:19:02
2852,2026-08-15,Exxon Mobil,XOM,Energy,Provider_D,USD,,1402332459929.0,96260032735.0,205328043.0,2026-09-08 01:49:42
2921,2026-08-15,Goldman Sachs,GS,Financials,Provider_A,USD,695.56,3763817975019.0,100096462492.0,535455642.0,2026-09-08 12:54:27
2922,2026-08-15,Goldman Sachs,GS,Financials,Provider_B,USD,696.35,3768070978896.0,100209568558.0,536060691.0,2026-09-08 17:16:05
2923,2026-08-15,Goldman Sachs,GS,Financials,Provider_C,USD,699.24,3783695712175.0,100625098889.0,538283528.0,2026-09-08 02:56:45
2924,2026-08-15,Goldman Sachs,GS,Financials,Provider_D,USD,696.88,3770937988792.0,100285814952.0,536468563.0,2026-09-08 06:28:11
2973,2026-08-15,Home Depot,HD,Consumer,Provider_A,USD,280.14,1335592550202.0,179642417885.0,218729609.0,2026-09-08 06:03:52
2974,2026-08-15,Home Depot,HD,Consumer,Provider_B,USD,280.84,1338941740073.0,180092897012.0,219278105.0,INVALID_TIMESTAMP
2975,2026-08-15,Home Depot,HD,Consumer,Provider_C,USD,279.56,1332867102985.0,179275834582.0,218283263.0,2026-09-08 19:22:32
2976,2026-08-15,Home Depot,HD,Consumer,Provider_D,USD,280.43,1336976199159.0,179828524077.0,218956209.0,2026-09-08 12:08:13
2885,2026-08-15,Intel Corp.,INTC,Technology,Provider_A,USD,186.38,2196901306912.0,207660363828.0,448953294.0,2026-09-08 19:26:31
2886,2026-08-15,Intel Corp.,INTC,Technology,Provider_B,USD,186.91,2203083370924.0,208244718554.0,450216645.0,2026-09-08 15:47:12
2887,2026-08-15,Intel Corp.,INTC,Technology,Provider_C,USD,187.45,2209489805328.0,208850281715.0,451525848.0,2026-09-08 13:07:20
2888,2026-08-15,Intel Corp.,INTC,Technology,Provider_D,USD,187.09,2205200240177.0,208444813951.0,450649243.0,2026-09-08 00:37:42
2829,2026-08-15,JPMorgan Chase,JPM,Financials,Provider_A,USD,732.48,2168107504844.0,165499856902.0,271779323.0,2026-09-08 02:13:11
2830,2026-08-15,JPMorgan Chase,JPM,Financials,Provider_B,USD,734.27,2173418458715.0,165905262125.0,272445068.0,2026-09-08 09:38:00
2831,2026-08-15,JPMorgan Chase,JPM,Financials,Provider_C,USD,731.97,2166607702631.0,165385371319.0,271591317.0,2026-09-08 15:30:40
2832,2026-08-15,JPMorgan Chase,JPM,Financials,Provider_D,USD,732.8,2169044431303.0,165571376047.0,271896769.0,2026-09-08 05:48:09
2845,2026-08-15,Johnson & Johnson,JNJ,Healthcare,Provider_A,USD,567.36,1398783507316.0,292784742729.0,189200082.0,2026-09-08 01:18:14
2846,2026-08-15,Johnson & Johnson,JNJ,Healthcare,Provider_B,USD,566.15,1395797240633.0,292159675792.0,188796158.0,2026-09-08 01:05:07
2847,2026-08-15,Johnson & Johnson,JNJ,Healthcare,Provider_C,USD,566.72,1397199139249.0,292453112571.0,188985779.0,2026-09-08 13:48:34
2848,2026-08-15,Johnson & Johnson,JNJ,Healthcare,Provider_D,USD,567.0,1397896063119.0,292598988380.0,189080046.0,2026-09-08 19:26:15
2953,2026-08-15,Lockheed Martin,LMT,Industrials,Provider_A,USD,471.49,3912895989907.0,140969498785.0,669289228.0,2026-09-08 23:00:46
2954,2026-08-15,Lockheed Martin,LMT,Industrials,Provider_B,USD,470.88,3907880733390.0,140788814658.0,668431383.0,2026-09-08 19:38:48
2955,2026-08-15,Lockheed Martin,LMT,Industrials,Provider_C,USD,472.39,3920372961680.0,141238870873.0,670568142.0,2026-09-08 17:21:11
2956,2026-08-15,Lockheed Martin,LMT,Industrials,Provider_D,USD,471.91,3916397536443.0,141095648640.0,669888157.0,2026-09-08 15:48:01
2977,2026-08-15,Lowe's,LOW,Consumer,Provider_A,USD,401.98,1022238068968.0,328752297577.0,59697486.0,2026-09-08 06:41:46
2978,2026-08-15,Lowe's,LOW,Consumer,Provider_B,USD,402.61,1023853697740.0,329271884635.0,59791836.0,2026-09-08 14:08:02
2979,2026-08-15,Lowe's,LOW,Consumer,Provider_C,USD,403.45,1025982206864.0,329956414282.0,59916139.0,2026-09-08 13:12:41
2980,2026-08-15,Lowe's,LOW,Consumer,Provider_D,USD,201.26,1023620280544.0,329196817543.0,59778205.0,2026-09-08 16:33:13
2861,2026-08-15,Mastercard Inc.,MA,Financials,Provider_A,USD,630.81,1998823091971.0,420524572644.0,84586963.0,2026-09-08 20:39:57
2862,2026-08-15,Mastercard Inc.,MA,Financials,Provider_B,USD,631.71,2001686011192.0,421126891022.0,84708117.0,2026-09-08 18:47:42
2863,2026-08-15,Mastercard Inc.,MA,Financials,Provider_C,USD,632.28,2003475154019.0,421503301784.0,84783830.0,2026-09-08 13:54:27
2864,2026-08-15,Mastercard Inc.,MA,Financials,Provider_D,USD,631.04,1999541658513.0,420675749049.0,84617371.0,2026-09-08 05:10:59
2901,2026-08-15,McDonald's,MCD,Consumer,Provider_A,USD,621.19,1224920716555.0,442617861330.0,212116416.0,2026-09-08 20:00:42
2902,2026-08-15,McDonald's,MCD,Consumer,Provider_B,USD,619.83,1222233122749.0,441646715193.0,211651012.0,2026-09-08 00:56:38
2903,2026-08-15,McDonald's,MCD,Consumer,Provider_C,USD,621.31,1225146400181.0,442699410775.0,212155497.0,2026-09-08 00:50:15
2904,2026-08-15,McDonald's,MCD,Consumer,Provider_D,USD,622.82,1228139354187.0,,212673780.0,2026-09-08 17:07:12
2913,2026-08-15,Merck & Co.,MRK,Healthcare,Provider_A,USD,160.42,1992640054889.0,58332176887.0,253262762.0,2026-09-08 11:28:51
2914,2026-08-15,Merck & Co.,MRK,Healthcare,Provider_B,USD,158.65,1988292123291.0,58204896340.0,252710144.0,2026-09-08 17:08:16
2915,2026-08-15,Merck & Co.,MRK,Healthcare,Provider_C,USD,158.92,1991675866365.0,58303951410.0,253140215.0,2026-09-08 19:21:22
2916,2026-08-15,Merck & Co.,MRK,Healthcare,Provider_D,USD,158.84,1990700797515.0,58275407425.0,253016284.0,2026-09-08 16:57:56
2821,2026-08-15,Meta Platforms,META,Communication,Provider_A,USD,328.89,1725024520713.0,292665421599.0,256053520.0,2026-09-08 06:06:20
2822,2026-08-15,Meta Platforms,META,Communication,Provider_B,GBP,329.79,1729737711197.0,293465055380.0,256753121.0,2026-09-08 02:13:43
2823,2026-08-15,Meta Platforms,META,Communication,Provider_C,USD,328.83,1724665365081.0,292604487721.0,256000209.0,2026-09-08 06:14:28
2824,2026-08-15,Meta Platforms,META,Communication,Provider_D,USD,329.5,1728198728562.0,293203953584.0,256524683.0,2026-09-08 00:41:43
2805,2026-08-15,Microsoft Corp.,MSFT,Technology,Provider_A,USD,223.98,3040069303082.0,64922026832.0,513879994.0,2026-09-08 03:11:50
2806,2026-08-15,Microsoft Corp.,MSFT,Technology,Provider_B,USD,223.82,3037911747451.0,64875951276.0,513515290.0,2026-09-08 22:34:17
2807,2026-08-15,Microsoft Corp.,MSFT,Technology,Provider_C,USD,78.6415,3049718436208.0,65128088345.0,515511041.0,2026-09-08 16:35:49
2808,2026-08-15,Microsoft Corp.,MSFT,Technology,Provider_D,USD,224.28,3044219702550.0,65010660452.0,514581559.0,2026-09-08 02:11:55
2925,2026-08-15,Morgan Stanley,MS,Financials,Provider_A,USD,72.79,1929727975027.0,230471131341.0,98877445.0,2026-09-08 00:16:15
2926,2026-08-15,Morgan Stanley,MS,Financials,Provider_B,USD,72.74,1928401340134.0,230312688779.0,98809469.0,2026-09-08 10:27:47
2927,2026-08-15,Morgan Stanley,MS,Financials,Provider_C,USD,72.9,1932641724445.0,230819126050.0,99026742.0,2026-09-08 04:27:25
2928,2026-08-15,Morgan Stanley,MS,Financials,Provider_D,USD,72.9,1932466282901.0,230798172728.0,99017753.0,2026-09-08 12:34:27
2809,2026-08-15,NVIDIA Corp.,NVDA,Technology,Provider_A,USD,213.83,,256390969059.0,29614289.0,2026-09-08 07:32:45
2810,2026-08-15,NVIDIA Corp.,NVDA,Technology,Provider_B,USD,214.27,211025208779.0,256920260402.0,29675424.0,2026-09-08 20:42:28
2811,2026-08-15,NVIDIA Corp.,NVDA,Technology,Provider_C,USD,214.23,210985223716.0,256871579143.0,29669801.0,2026-09-08 07:53:25
2812,2026-08-15,NVIDIA Corp.,NVDA,Technology,Provider_D,USD,213.47,210243759234.0,255968856436.0,29565533.0,2026-09-08 18:42:59
2873,2026-08-15,Netflix Inc.,NFLX,Communication,Provider_A,USD,261.5,1710790664208.0,140141728467.0,238905607.0,2026-09-08 00:38:31
2874,2026-08-15,Netflix Inc.,NFLX,Communication,Provider_B,USD,262.13,1714921978872.0,140480150689.0,239482530.0,2026-09-08 08:32:54
2875,2026-08-15,Netflix Inc.,NFLX,Communication,Provider_C,USD,261.4,-1710136404230.0,140088133877.0,238814242.0,2026-09-08 19:13:38
2876,2026-08-15,Netflix Inc.,NFLX,Communication,Provider_D,USD,261.56,1711195228204.0,140174868874.0,238962103.0,2026-09-08 07:01:06
2941,2026-08-15,NextEra Energy,NEE,Utilities,Provider_A,USD,48.85,2635446451620.0,414958591352.0,455777148.0,2026-09-08 10:57:41
2942,2026-08-15,NextEra Energy,NEE,Utilities,Provider_B,USD,48.81,2633312055858.0,414622524626.0,455408023.0,2026-09-08 19:05:43
2943,2026-08-15,NextEra Energy,NEE,Utilities,Provider_C,USD,48.89,2637341204750.0,415256925658.0,456104829.0,2026-09-08 00:38:00
2944,2026-08-15,NextEra Energy,NEE,Utilities,Provider_D,USD,48.9,2638071713116.0,415371946293.0,456231164.0,2026-09-08 08:41:07
2905,2026-08-15,Nike Inc.,NKE,Consumer,Provider_A,USD,401.85,1103280743882.0,358327073567.0,266600683.0,2026-09-08 15:09:46
2906,2026-08-15,Nike Inc.,NKE,Consumer,Provider_B,USD,402.57,1105269320782.0,358972929978.0,267081210.0,2026-09-08 09:17:38
2907,2026-08-15,Nike Inc.,NKE,Consumer,Provider_C,USD,403.97,1109108824575.0,360219936387.0,268009002.0,2026-09-08 02:39:44
2908,2026-08-15,Nike Inc.,NKE,Consumer,Provider_D,USD,404.36,1110178821886.0,360567453560.0,268267560.0,2026-09-08 06:05:05
2869,2026-08-15,Oracle Corp.,ORCL,Technology,Provider_A,USD,547.05,1535255781864.0,368267220995.0,383357619.0,2026-09-08 03:26:47
2870,2026-08-15,Oracle Corp.,ORCL,Technology,Provider_B,USD,547.81,1537396048221.0,368780614237.0,383892049.0,2026-09-08 18:02:15
2871,2026-08-15,Oracle Corp.,ORCL,Technology,Provider_C,USD,547.98,1537870202293.0,368894351247.0,384010447.0,2026-09-08 16:47:28
2872,2026-08-15,Oracle Corp.,ORCL,Technology,Provider_D,USD,546.83,1534636312091.0,368118626594.0,383202935.0,2026-09-08 02:52:06
2897,2026-08-15,PepsiCo,PEP,Consumer,Provider_A,USD,242.48,3341991705333.0,409130888643.0,598768392.0,2026-09-08 20:37:25
2898,2026-08-15,PepsiCo,PEP,Consumer,Provider_B,USD,242.79,3346170959654.0,409642518290.0,599517169.0,2026-09-08 13:09:26
2899,2026-08-15,PepsiCo,PEP,Consumer,Provider_C,USD,242.49,3342039117822.0,409136692941.0,598776887.0,2026-09-08 03:52:07
2900,2026-08-15,PepsiCo,PEP,Consumer,Provider_D,USD,242.37,3340479273304.0,408945734785.0,598497417.0,2026-09-08 17:08:30
2909,2026-08-15,Pfizer Inc.,PFE,Healthcare,Provider_A,USD,230.47,3739217740161.0,,804129325.0,2026-09-08 12:37:35
2910,2026-08-15,Pfizer Inc.,PFE,Healthcare,Provider_B,USD,230.0,3731607891827.0,199568152603.0,802492806.0,2026-09-08 01:12:11
2911,2026-08-15,Pfizer Inc.,PFE,Healthcare,Provider_C,USD,691.11,3737578725760.0,199887475622.0,803776851.0,2026-09-08 02:38:51
2912,2026-08-15,Pfizer Inc.,PFE,Healthcare,Provider_D,USD,230.53,3740139737564.0,200024439743.0,804327603.0,2026-09-08 22:18:41
2857,2026-08-15,Procter & Gamble,PG,Consumer,Provider_A,USD,697.96,3133159309849.0,65484173568.0,267054092.0,2026-09-08 00:35:56
2858,2026-08-15,Procter & Gamble,PG,Consumer,Provider_B,USD,697.62,3131612735458.0,65451849599.0,266922270.0,2026-09-08 18:14:50
2859,2026-08-15,Procter & Gamble,PG,Consumer,Provider_C,USD,1256.7420000000002,3134167508695.0,65505245292.0,267140025.0,2026-09-08 06:31:14
2860,2026-08-15,Procter & Gamble,PG,Consumer,Provider_D,USD,696.73,3127614070184.0,65368276034.0,266581444.0,2026-09-08 22:07:20
2993,2026-08-15,Qualcomm,QCOM,Technology,Provider_A,USD,456.67,2447814414827.0,60138354629.0,171245799.0,2026-09-08 04:49:27
2994,2026-08-15,Qualcomm,QCOM,Technology,Provider_B,USD,456.77,2448371137478.0,60152032294.0,171284747.0,2026-09-08 02:13:14
2995,2026-08-15,Qualcomm,QCOM,Technology,Provider_C,USD,456.55,2447184888160.0,60122888302.0,171201759.0,2026-09-08 10:16:33
2996,2026-08-15,Qualcomm,QCOM,Technology,Provider_D,USD,456.75,2448265929067.0,60149447514.0,171277387.0,2026-09-08 15:32:40
2881,2026-08-15,Salesforce Inc.,CRM,Technology,Provider_A,USD,567.71,3256621598802.0,55468544537.0,212196212.0,INVALID_TIMESTAMP
2882,2026-08-15,Salesforce Inc.,CRM,Technology,Provider_B,USD,569.11,3264651800507.0,55605319286.0,212719447.0,2026-09-08 14:10:21
2883,2026-08-15,Salesforce Inc.,CRM,Technology,Provider_C,USD,570.28,3271381283445.0,55719939488.0,213157929.0,2026-09-08 12:46:08
2884,2026-08-15,Salesforce Inc.,CRM,Technology,Provider_D,USD,-568.28,3259926452542.0,55524834598.0,212411551.0,2026-09-08 18:34:16
2825,2026-08-15,Tesla Inc.,TSLA,Automotive,Provider_A,USD,425.73,3224534981470.0,185632436636.0,297187570.0,2026-09-08 23:48:08
2826,2026-08-15,Tesla Inc.,TSLA,Automotive,Provider_B,USD,424.84,3217840310211.0,185247032804.0,296570559.0,2026-09-08 20:41:16
2827,2026-08-15,Tesla Inc.,TSLA,Automotive,Provider_C,EUR,426.07,3227097983538.0,185779985452.0,297423788.0,2026-09-08 07:25:52
2828,2026-08-15,Tesla Inc.,TSLA,Automotive,Provider_D,USD,425.56,3223249007295.0,185558404715.0,297069049.0,2026-09-08 12:22:57
2997,2026-08-15,Texas Instruments,TXN,Technology,Provider_A,USD,426.45000000000005,3672606404955.0,312265706112.0,151760786.0,2026-09-08 01:01:51
2998,2026-08-15,Texas Instruments,TXN,Technology,Provider_B,USD,142.49,3681402111956.0,313013566719.0,152124246.0,2026-09-08 18:58:04
2999,2026-08-15,Texas Instruments,TXN,Technology,Provider_C,USD,141.77,3662854506685.0,311436544731.0,151357815.0,2026-09-08 07:40:02
3000,2026-08-15,Texas Instruments,TXN,Technology,Provider_D,USD,142.02,3669306462372.0,311985126385.0,151624425.0,2026-09-08 06:47:25
2969,2026-08-15,UPS,UPS,Industrials,Provider_A,USD,132.09,2103900620204.0,96110903483.0,389844710.0,2026-09-08 17:31:02
7608,2026-08-15,UPS,UPS,Industrials,Provider_A,USD,132.09,2103900620204.0,96110903483.0,389844710.0,2026-09-08 17:31:02
2970,2026-08-15,UPS,UPS,Industrials,Provider_B,USD,132.01,2102525844506.0,96048100643.0,389589969.0,2026-09-08 14:26:10
2971,2026-08-15,UPS,UPS,Industrials,Provider_C,USD,131.55,2095220848180.0,95714392011.0,388236381.0,2026-09-08 00:41:31
2972,2026-08-15,UPS,UPS,Industrials,Provider_D,USD,132.07,2103562399966.0,96095452823.0,389782039.0,2026-09-08 09:42:04
2965,2026-08-15,Union Pacific,UNP,Industrials,Provider_A,USD,125.49,3551053421276.0,379379575573.0,829891111.0,2026-09-08 05:47:22
2966,2026-08-15,Union Pacific,UNP,Industrials,Provider_B,USD,127.71,3546343020001.0,378876336161.0,828790277.0,2026-09-08 22:44:24
2967,2026-08-15,Union Pacific,UNP,Industrials,Provider_C,USD,127.43,3538674961936.0,378057113168.0,826998231.0,2026-09-08 00:05:50
2968,2026-08-15,Union Pacific,UNP,Industrials,Provider_D,USD,127.68,3545644988044.0,378801761370.0,828627145.0,2026-09-08 19:30:22
2985,2026-08-15,Verizon,VZ,Communication,Provider_A,USD,,3877216845924.0,30257787673.0,475350234.0,2026-09-08 15:01:13
2986,2026-08-15,Verizon,VZ,Communication,Provider_B,USD,634.88,3876865929811.0,30255049125.0,475307212.0,2026-09-08 10:54:12
2987,2026-08-15,Verizon,VZ,Communication,Provider_C,USD,636.02,3883838304102.0,30309461511.0,476162031.0,2026-09-08 07:08:50
2988,2026-08-15,Verizon,VZ,Communication,Provider_D,USD,636.23,3885109661947.0,30319383183.0,476317900.0,2026-09-08 16:52:41
2833,2026-08-15,Visa Inc.,V,Financials,Provider_A,USD,133.01,1088075314713.0,76222737236.0,139234534.0,2026-09-08 18:00:20
2834,2026-08-15,Visa Inc.,V,Financials,Provider_B,USD,132.67,1085326219487.0,76030155380.0,138882749.0,2026-09-08 12:21:46
2835,2026-08-15,Visa Inc.,V,Financials,Provider_C,USD,132.9,1087201793469.0,76161544615.0,139122755.0,2026-09-08 01:49:44
2836,2026-08-15,Visa Inc.,V,Financials,Provider_D,USD,132.65,1085105328217.0,-76014681325.0,138854482.0,2026-09-08 21:42:57
2837,2026-08-15,Walmart Inc.,WMT,Consumer,Provider_A,USD,688.37,1306934386022.0,45567180400.0,106629368.0,2026-09-08 11:00:34
2838,2026-08-15,Walmart Inc.,WMT,Consumer,Provider_B,USD,687.55,1305379658990.0,45512973756.0,106502522.0,2026-09-08 04:00:40
2839,2026-08-15,Walmart Inc.,WMT,Consumer,Provider_C,USD,688.71,1307585149538.0,45589869725.0,106682462.0,2026-09-08 23:33:19
2840,2026-08-15,Walmart Inc.,WMT,Consumer,Provider_D,USD,686.99,1304307446015.0,45475590302.0,106415043.0,2026-09-08 03:02:05
2933,2026-08-15,Wells Fargo,WFC,Financials,Provider_A,USD,635.06,629600006972.0,11698159559.0,84581029.0,2026-09-08 06:57:32
2934,2026-08-15,Wells Fargo,WFC,Financials,Provider_B,USD,633.5,628050464894.0,11669368596.0,84372862.0,2026-09-08 22:22:01
2935,2026-08-15,Wells Fargo,WFC,Financials,Provider_C,USD,633.95,628498595279.0,11677694994.0,84433065.0,2026-09-08 22:55:47
2936,2026-08-15,Wells Fargo,WFC,Financials,Provider_D,USD,633.99,628535423139.0,11678379267.0,84438012.0,2026-09-08 10:59:48
3089,2026-08-16,AMD,AMD,Technology,Provider_A,USD,107.5,1470836344021.0,403448606011.0,82467240.0,2026-09-08 00:05:55
3090,2026-08-16,AMD,AMD,Technology,Provider_B,USD,107.5,1470839442251.0,403449455852.0,82467414.0,2026-09-08 16:44:15
3091,2026-08-16,AMD,AMD,Technology,Provider_C,USD,107.61,1472319085223.0,403855320105.0,82550375.0,2026-09-08 08:30:34
3092,2026-08-16,AMD,AMD,Technology,Provider_D,USD,107.48,,403349623461.0,82447008.0,2026-09-08 12:56:41
3181,2026-08-16,AT&T,T,Communication,Provider_A,USD,293.95,922690698737.0,383637238490.0,32989965.0,2026-09-08 01:28:51
3182,2026-08-16,AT&T,T,Communication,Provider_B,USD,294.03,922917651058.0,383731600947.0,32998079.0,2026-09-08 15:23:31
3183,2026-08-16,AT&T,T,Communication,Provider_C,USD,294.1,923160204240.0,383832449946.0,33006752.0,2026-09-08 06:15:38
3184,2026-08-16,AT&T,T,Communication,Provider_D,USD,293.47,921157033585.0,382999569697.0,32935130.0,2026-09-08 06:38:47
3117,2026-08-16,AbbVie Inc.,ABBV,Healthcare,Provider_A,USD,659.54,3881813028902.0,377996826889.0,335612485.0,2026-09-08 00:45:51
3118,2026-08-16,AbbVie Inc.,ABBV,Healthcare,Provider_B,USD,663.5,3905129820744.0,380267331229.0,337628401.0,2026-09-08 23:10:32
3119,2026-08-16,AbbVie Inc.,ABBV,Healthcare,Provider_C,USD,,3906497141511.0,380400475950.0,337746616.0,2026-09-08 09:23:04
3120,2026-08-16,AbbVie Inc.,ABBV,Healthcare,Provider_D,USD,662.49,5580573965900.596,379689180230.0,337115077.0,2026-09-08 10:31:07
3077,2026-08-16,Adobe Inc.,ADBE,Technology,Provider_A,USD,36.61,2384929500822.0,437069981690.0,514642794.0,2026-09-08 21:41:41
3078,2026-08-16,Adobe Inc.,ADBE,Technology,Provider_B,USD,36.64,2387114696921.0,437470447875.0,515114336.0,2026-09-08 17:26:40
3079,2026-08-16,Adobe Inc.,ADBE,Technology,Provider_C,USD,36.59,2383693483726.0,436843465154.0,514376074.0,2026-09-08 02:58:19
3080,2026-08-16,Adobe Inc.,ADBE,Technology,Provider_D,USD,36.53,2379955628140.0,436158453512.0,513569484.0,2026-09-08 20:10:41
3017,2026-08-16,Alphabet Inc.,GOOGL,Communication,Provider_A,USD,479.99,2353109207631.0,321679659764.0,154766988.0,2026-09-08 09:35:42
3018,2026-08-16,Alphabet Inc.,GOOGL,Communication,Provider_B,USD,479.51,2350745586359.0,321356543062.0,154611530.0,2026-09-08 17:08:01
3019,2026-08-16,Alphabet Inc.,GOOGL,Communication,Provider_C,USD,480.77,2356956343103.0,322205578929.0,155020019.0,2026-09-08 04:58:43
3020,2026-08-16,Alphabet Inc.,GOOGL,Communication,Provider_D,USD,479.41,2350266033522.0,321290986227.0,154579989.0,2026-09-08 10:43:07
3013,2026-08-16,Amazon.com Inc.,AMZN,Consumer,Provider_A,USD,66.71,1655900334375.0,127091703497.0,234346466.0,2026-09-08 01:41:43
3014,2026-08-16,Amazon.com Inc.,AMZN,Consumer,Provider_B,USD,66.82,1658701646283.0,127306706474.0,234742914.0,2026-09-08 10:03:05
3015,2026-08-16,Amazon.com Inc.,AMZN,Consumer,Provider_C,USD,66.9,1660622959380.0,127454168824.0,235014822.0,2026-09-08 20:58:15
3016,2026-08-16,Amazon.com Inc.,AMZN,Consumer,Provider_D,USD,66.88,1660078178780.0,127412356468.0,234937724.0,2026-09-08 07:06:58
3001,2026-08-16,Apple Inc.,AAPL,Technology,Provider_A,USD,692.63,1860533603671.0,50024177025.0,419647182.0,2026-09-08 01:25:59
3002,2026-08-16,Apple Inc.,AAPL,Technology,Provider_B,USD,694.09,1864462970813.0,50129825941.0,420533459.0,2026-09-08 01:12:17
3003,2026-08-16,Apple Inc.,AAPL,Technology,Provider_C,USD,692.88,1861198801036.0,50042062191.0,419797219.0,2026-09-08 16:35:28
3004,2026-08-16,Apple Inc.,AAPL,Technology,Provider_D,USD,693.3,1862324728927.0,50072335020.0,420051174.0,2026-09-08 10:30:38
3129,2026-08-16,Bank of America,BAC,Financials,Provider_A,USD,62.77,358836127164.0,173450441833.0,37696367.0,2026-09-08 11:43:40
3130,2026-08-16,Bank of America,BAC,Financials,Provider_B,USD,62.74,-358613889288.0,173343018820.0,37673021.0,2026-09-08 05:37:27
3131,2026-08-16,Bank of America,BAC,Financials,Provider_C,USD,62.95,359865936957.0,173948220485.0,37804550.0,2026-09-08 11:35:33
3132,2026-08-16,Bank of America,BAC,Financials,Provider_D,USD,62.96,359901700486.0,173965507484.0,37808307.0,2026-09-08 18:20:15
3137,2026-08-16,Berkshire Hathaway,BRK.B,Financials,Provider_A,USD,513.45,1783772314895.0,41244038071.0,218228727.0,2026-09-08 17:35:43
3138,2026-08-16,Berkshire Hathaway,BRK.B,Financials,Provider_B,USD,514.75,1788281540122.0,41348299504.0,218780391.0,2026-09-08 02:18:34
3139,2026-08-16,Berkshire Hathaway,BRK.B,Financials,Provider_C,USD,513.45,1783777662089.0,41244161708.0,218229381.0,2026-09-08 18:35:13
3140,2026-08-16,Berkshire Hathaway,BRK.B,Financials,Provider_D,USD,515.14,1789666975081.0,41380333263.0,218949886.0,2026-09-08 12:10:24
3157,2026-08-16,Boeing Co.,BA,Industrials,Provider_A,USD,589.3,719036338323.0,267795808645.0,79968992.0,2026-09-08 23:56:17
3158,2026-08-16,Boeing Co.,BA,Industrials,Provider_B,USD,591.85,722141061463.0,268952122728.0,80314290.0,2026-09-08 05:21:19
3159,2026-08-16,Boeing Co.,BA,Industrials,Provider_C,USD,591.26,721418702187.0,268683089334.0,80233952.0,2026-09-08 16:53:53
3160,2026-08-16,Boeing Co.,BA,Industrials,Provider_D,USD,591.25,721406597691.0,268678581171.0,80232605.0,2026-09-08 16:24:38
3065,2026-08-16,Broadcom Inc.,AVGO,Technology,Provider_A,USD,656.77,1320612262593.0,298225560673.0,130553368.0,2026-09-08 07:45:58
3066,2026-08-16,Broadcom Inc.,AVGO,Technology,Provider_B,USD,-657.7,1322467580489.0,298644535444.0,130736781.0,2026-09-08 00:55:53
3067,2026-08-16,Broadcom Inc.,AVGO,Technology,Provider_C,USD,656.44,1319940976541.0,298073968366.0,130487006.0,2026-09-08 18:55:52
3068,2026-08-16,Broadcom Inc.,AVGO,Technology,Provider_D,USD,657.41,1321901533839.0,298516708689.0,130680823.0,2026-09-08 05:55:15
3161,2026-08-16,Caterpillar Inc.,CAT,Industrials,Provider_A,USD,327.32,3379579691267.0,327890037485.0,501970545.0,2026-09-08 18:52:21
3162,2026-08-16,Caterpillar Inc.,CAT,Industrials,Provider_B,USD,326.73,3373523333944.0,327302443935.0,501070991.0,2026-09-08 17:03:14
3163,2026-08-16,Caterpillar Inc.,CAT,Industrials,Provider_C,USD,328.14,3388099656226.0,328716652593.0,503236019.0,2026-09-08 07:34:39
3164,2026-08-16,Caterpillar Inc.,CAT,Industrials,Provider_D,USD,327.66,3383147404118.0,328236180381.0,502500459.0,2026-09-08 04:34:15
3053,2026-08-16,Chevron Corp.,CVX,Energy,Provider_A,USD,222.38,3981041937592.0,395898392227.0,460954011.0,2026-09-08 19:45:13
3054,2026-08-16,Chevron Corp.,CVX,Energy,Provider_B,USD,221.25,3960762179487.0,393881652952.0,458605873.0,2026-09-08 08:13:21
3055,2026-08-16,Chevron Corp.,CVX,Energy,Provider_C,USD,222.21,3978035076060.0,395599372105.0,460605855.0,2026-09-08 01:31:32
3056,2026-08-16,Chevron Corp.,CVX,Energy,Provider_D,USD,221.35,3962618449586.0,394066251447.0,458820806.0,2026-09-08 17:17:07
3093,2026-08-16,Cisco Systems,CSCO,Technology,Provider_A,USD,73.98,883218649074.0,119817374914.0,180064778.0,2026-09-08 12:16:06
3094,2026-08-16,Cisco Systems,CSCO,Technology,Provider_B,USD,74.02,883692880134.0,119881709064.0,180161461.0,2026-09-08 07:22:48
3095,2026-08-16,Cisco Systems,CSCO,Technology,Provider_C,USD,73.8,881098367288.0,119529737648.0,179632509.0,2026-09-08 08:38:36
3096,2026-08-16,Cisco Systems,CSCO,Technology,Provider_D,USD,74.11,884796296683.0,120031398469.0,180386418.0,2026-09-08 13:33:37
3041,2026-08-16,Coca-Cola,KO,Consumer,Provider_A,USD,,2818687658618.0,215539202872.0,431638635.0,2026-09-08 21:54:27
3042,2026-08-16,Coca-Cola,KO,Consumer,Provider_B,USD,446.74,2825112545519.0,216030500657.0,432622507.0,2026-09-08 09:09:05
3043,2026-08-16,Coca-Cola,KO,Consumer,Provider_C,USD,446.12,2821226604066.0,215733350768.0,432027435.0,2026-09-08 10:37:41
3044,2026-08-16,Coca-Cola,KO,Consumer,Provider_D,USD,444.27,2809533675491.0,214839216756.0,430236843.0,2026-09-08 22:02:13
3189,2026-08-16,Comcast,CMCSA,Communication,Provider_A,USD,607.73,367787469705.0,174032528828.0,25168078.0,2026-09-08 06:32:55
3190,2026-08-16,Comcast,CMCSA,Communication,Provider_B,USD,606.33,366943033336.0,173632951874.0,25110293.0,2026-09-08 16:55:30
3191,2026-08-16,Comcast,CMCSA,Communication,Provider_C,USD,606.43,367004059609.0,173661828760.0,25114469.0,2026-09-08 14:45:25
3192,2026-08-16,Comcast,CMCSA,Communication,Provider_D,USD,607.26,367506606417.0,173899627758.0,25148859.0,2026-09-08 07:25:40
3149,2026-08-16,ConocoPhillips,COP,Energy,Provider_A,USD,291.26,206969891958.0,447553862393.0,17118810.0,2026-09-08 01:42:36
3150,2026-08-16,ConocoPhillips,COP,Energy,Provider_B,USD,290.5,206426631419.0,446379110113.0,17073876.0,2026-09-08 02:20:55
3151,2026-08-16,ConocoPhillips,COP,Energy,Provider_C,USD,291.84,207379213827.0,448438984289.0,17152666.0,2026-09-08 12:59:57
3152,2026-08-16,ConocoPhillips,COP,Energy,Provider_D,USD,291.51,207141838762.0,447925681963.0,17133032.0,2026-09-08 16:50:52
3145,2026-08-16,Duke Energy,DUK,Utilities,Provider_A,USD,663.34,299824425957.0,391015612673.0,42263370.0,2026-09-08 20:49:31
3146,2026-08-16,Duke Energy,DUK,Utilities,Provider_B,USD,662.85,299601420257.0,390724780097.0,42231935.0,2026-09-08 13:37:36
3147,2026-08-16,Duke Energy,DUK,Utilities,Provider_C,USD,661.88,299162560796.0,390152442135.0,,2026-09-08 00:13:17
3148,2026-08-16,Duke Energy,DUK,Utilities,Provider_D,USD,663.25,299785696253.0,,42257911.0,2026-09-08 14:02:01
3049,2026-08-16,Exxon Mobil,XOM,Energy,Provider_A,USD,45.21,1399095658738.0,96176089628.0,261884084.0,2026-09-08 19:07:00
3050,2026-08-16,Exxon Mobil,XOM,Energy,Provider_B,USD,45.22,1590557934404.7793,96185106960.0,261908637.0,2026-09-08 23:42:55
3051,2026-08-16,Exxon Mobil,XOM,Energy,Provider_C,USD,45.08,1394884328534.0,95886596005.0,261095803.0,2026-09-08 01:08:03
3052,2026-08-16,Exxon Mobil,XOM,Energy,Provider_D,USD,45.25,1400237975851.0,96254614346.0,262097904.0,2026-09-08 19:07:57
3121,2026-08-16,Goldman Sachs,GS,Financials,Provider_A,USD,703.58,5405130491833.494,100408642048.0,674575522.0,2026-09-08 15:58:29
3122,2026-08-16,Goldman Sachs,GS,Financials,Provider_B,USD,704.48,3778334261823.0,100537417571.0,675440675.0,2026-09-08 20:51:16
3123,2026-08-16,Goldman Sachs,GS,Financials,Provider_C,USD,701.79,3763903719945.0,100153436347.0,672860973.0,2026-09-08 11:00:37
3124,2026-08-16,Goldman Sachs,GS,Financials,Provider_D,USD,702.52,3767804246821.0,100257225179.0,673558258.0,2026-09-08 22:39:45
3173,2026-08-16,Home Depot,HD,Consumer,Provider_A,USD,276.42,1335571902558.0,179277669404.0,275788535.0,2026-09-08 10:05:29
3174,2026-08-16,Home Depot,HD,Consumer,Provider_B,USD,276.17,1334402794159.0,179120736611.0,275547121.0,2026-09-08 16:40:37
3175,2026-08-16,Home Depot,HD,Consumer,Provider_C,USD,278.01,1343259130169.0,180309548143.0,277375907.0,2026-09-08 23:35:46
3176,2026-08-16,Home Depot,HD,Consumer,Provider_D,USD,277.29,1339776405959.0,179842052025.0,276656743.0,2026-09-08 10:50:51
3085,2026-08-16,Intel Corp.,INTC,Technology,Provider_A,USD,183.67,2205145155354.0,208352841551.0,328870403.0,2026-09-08 23:53:15
3086,2026-08-16,Intel Corp.,INTC,Technology,Provider_B,USD,183.49,2202972094338.0,208147520175.0,328546317.0,2026-09-08 22:03:34
3087,2026-08-16,Intel Corp.,INTC,Technology,Provider_C,USD,183.31,2200765987424.0,207939076462.0,328217303.0,2026-09-08 17:13:42
3088,2026-08-16,Intel Corp.,INTC,Technology,Provider_D,USD,183.66,2204959098561.0,208335262000.0,328842655.0,2026-09-08 07:26:35
3029,2026-08-16,JPMorgan Chase,JPM,Financials,Provider_A,USD,730.33,2167528481903.0,165449189023.0,490116734.0,2026-09-08 16:04:54
3030,2026-08-16,JPMorgan Chase,JPM,Financials,Provider_B,USD,731.45,2170861681268.0,165703614807.0,,2026-09-08 10:52:07
3031,2026-08-16,JPMorgan Chase,JPM,Financials,Provider_C,USD,729.24,2164285726160.0,165201666874.0,489383489.0,2026-09-08 10:58:51
3032,2026-08-16,JPMorgan Chase,JPM,Financials,Provider_D,USD,731.0,2169518573910.0,165601094344.0,490566729.0,2026-09-08 05:34:53
3045,2026-08-16,Johnson & Johnson,JNJ,Healthcare,Provider_A,USD,567.45,1399324752401.0,292918416424.0,126293771.0,2026-09-08 07:35:15
3046,2026-08-16,Johnson & Johnson,JNJ,Healthcare,Provider_B,USD,566.45,1396865140816.0,292403549858.0,126071783.0,2026-09-08 05:17:45
3047,2026-08-16,Johnson & Johnson,JNJ,Healthcare,Provider_C,USD,568.61,1402174503747.0,-293514950324.0,126550971.0,2026-09-08 08:25:14
3048,2026-08-16,Johnson & Johnson,JNJ,Healthcare,Provider_D,USD,567.94,1400541264218.0,293173066901.0,126403565.0,2026-09-08 15:05:23
3153,2026-08-16,Lockheed Martin,LMT,Industrials,Provider_A,USD,478.59,3908345018030.0,140644754719.0,680474558.0,2026-09-08 04:07:37
3154,2026-08-16,Lockheed Martin,LMT,Industrials,Provider_B,USD,479.97,3919612708566.0,141050231094.0,682436355.0,2026-09-08 02:01:41
3155,2026-08-16,Lockheed Martin,LMT,Industrials,Provider_C,USD,479.01,3911776395142.0,140768235423.0,681071989.0,2026-09-08 20:02:06
3156,2026-08-16,Lockheed Martin,LMT,Industrials,Provider_D,USD,480.59,3924655087371.0,141231684914.0,683314274.0,2026-09-08 15:19:46
3177,2026-08-16,Lowe's,LOW,Consumer,Provider_A,USD,407.62,1025852107451.0,330075975991.0,155988836.0,2026-09-08 11:05:01
3178,2026-08-16,Lowe's,LOW,Consumer,Provider_B,USD,408.24,1027423200575.0,330581487549.0,156227733.0,2026-09-08 01:54:20
3179,2026-08-16,Lowe's,LOW,Consumer,Provider_C,USD,406.96,1024189979452.0,329541173248.0,155736097.0,2026-09-08 10:05:08
3180,2026-08-16,Lowe's,LOW,Consumer,Provider_D,USD,406.73,1023613478715.0,329355679606.0,155648435.0,2026-09-08 23:34:26
3061,2026-08-16,Mastercard Inc.,MA,Financials,Provider_A,USD,637.65,2008504059343.0,422364974035.0,327517768.0,2026-09-08 11:46:18
3062,2026-08-16,Mastercard Inc.,MA,Financials,Provider_B,USD,636.29,2004202658993.0,421460439719.0,326816358.0,2026-09-08 07:55:08
3063,2026-08-16,Mastercard Inc.,MA,Financials,Provider_C,USD,637.58,2008274593211.0,422316719985.0,327480350.0,2026-09-08 16:00:33
3064,2026-08-16,Mastercard Inc.,MA,Financials,Provider_D,USD,638.11,2009948404235.0,422668702918.0,327753291.0,2026-09-08 10:06:41
3101,2026-08-16,McDonald's,MCD,Consumer,Provider_A,USD,608.27,1225041532339.0,442968152940.0,76384348.0,2026-09-08 04:16:36
3102,2026-08-16,McDonald's,MCD,Consumer,Provider_B,USD,608.65,1225800778064.0,443242691940.0,76431689.0,2026-09-08 08:12:08
3103,2026-08-16,McDonald's,MCD,Consumer,Provider_C,USD,609.49,1227488902034.0,443853108107.0,76536948.0,2026-09-08 11:49:27
3104,2026-08-16,McDonald's,MCD,Consumer,Provider_D,USD,608.77,1226044498723.0,443330819964.0,76446886.0,2026-09-08 04:22:30
3113,2026-08-16,Merck & Co.,MRK,Healthcare,Provider_A,USD,162.1,1987723062811.0,58264848389.0,309740039.0,2026-09-08 18:15:06
3114,2026-08-16,Merck & Co.,MRK,Healthcare,Provider_B,USD,162.25,1989518913197.0,,310019880.0,2026-09-08 06:03:43
3115,2026-08-16,Merck & Co.,MRK,Healthcare,Provider_C,USD,162.82,,58522948453.0,311112117.0,2026-09-08 04:52:51
3116,2026-08-16,Merck & Co.,MRK,Healthcare,Provider_D,USD,162.8,1996313160948.0,58516644414.0,311078605.0,2026-09-08 11:12:08
3021,2026-08-16,Meta Platforms,META,Communication,Provider_A,USD,331.24,1724188252302.0,292617178175.0,418870739.0,2026-09-08 07:30:16
3022,2026-08-16,Meta Platforms,META,Communication,Provider_B,USD,331.18,1723879658189.0,292564805739.0,418795770.0,2026-09-08 17:00:23
3023,2026-08-16,Meta Platforms,META,Communication,Provider_C,USD,331.95,1727898177896.0,293246800815.0,419772020.0,2026-09-08 06:57:33
3024,2026-08-16,Meta Platforms,META,Communication,Provider_D,USD,331.56,1725864591394.0,292901674728.0,419277985.0,2026-09-08 16:46:23
3005,2026-08-16,Microsoft Corp.,MSFT,Technology,Provider_A,USD,669.54,3045873751114.0,65058735850.0,671354475.0,2026-09-08 20:41:09
3006,2026-08-16,Microsoft Corp.,MSFT,Technology,Provider_B,USD,223.52,3050609508179.0,65159889868.0,672398304.0,2026-09-08 23:01:43
3007,2026-08-16,Microsoft Corp.,MSFT,Technology,Provider_C,USD,223.79,3054314983676.0,65239037453.0,673215044.0,2026-09-08 00:42:34
3008,2026-08-16,Microsoft Corp.,MSFT,Technology,Provider_D,USD,223.73,3053496006443.0,65221544402.0,673034530.0,2026-09-08 12:13:51
3125,2026-08-16,Morgan Stanley,MS,Financials,Provider_A,USD,72.02,1923333863610.0,229920534050.0,124297529.0,2026-09-08 08:07:22
3126,2026-08-16,Morgan Stanley,MS,Financials,Provider_B,USD,72.1,1925561574256.0,230186840608.0,124441497.0,2026-09-08 18:50:16
3127,2026-08-16,Morgan Stanley,MS,Financials,Provider_C,USD,72.32,1931440884978.0,230889669320.0,124821454.0,2026-09-08 19:00:50
3128,2026-08-16,Morgan Stanley,MS,Financials,Provider_D,USD,72.23,1928828776233.0,230577410773.0,124652644.0,2026-09-08 01:45:42
3009,2026-08-16,NVIDIA Corp.,NVDA,Technology,Provider_A,USD,217.83,211714156947.0,257465141678.0,46814171.0,2026-09-08 02:11:59
3010,2026-08-16,NVIDIA Corp.,NVDA,Technology,Provider_B,USD,546.175,212339539495.0,258225668081.0,46952455.0,2026-09-08 18:25:17
3011,2026-08-16,NVIDIA Corp.,NVDA,Technology,Provider_C,USD,217.5,211398319360.0,257081052251.0,46744333.0,2026-09-08 07:07:20
3012,2026-08-16,NVIDIA Corp.,NVDA,Technology,Provider_D,USD,217.75,211639479727.0,257374326867.0,46797658.0,2026-09-08 17:17:22
3073,2026-08-16,Netflix Inc.,NFLX,Communication,Provider_A,USD,261.79,1710368071255.0,140064786126.0,246150631.0,2026-09-08 07:07:17
3074,2026-08-16,Netflix Inc.,NFLX,Communication,Provider_B,USD,262.36,1714073056569.0,140368193319.0,246683841.0,2026-09-08 03:14:18
3075,2026-08-16,Netflix Inc.,NFLX,Communication,Provider_C,USD,262.5,1714985987593.0,140442954705.0,246815227.0,2026-09-08 16:14:27
3076,2026-08-16,Netflix Inc.,NFLX,Communication,Provider_D,USD,262.08,1712281354017.0,140221467922.0,246425985.0,2026-09-08 11:45:26
3141,2026-08-16,NextEra Energy,NEE,Utilities,Provider_A,USD,47.48,2639694043329.0,415608072759.0,129754178.0,2026-09-08 12:59:27
3142,2026-08-16,NextEra Energy,NEE,Utilities,Provider_B,USD,47.55,2643880727722.0,416267247573.0,129959975.0,2026-09-08 01:36:47
3143,2026-08-16,NextEra Energy,NEE,Utilities,Provider_C,USD,47.51,2641340914630.0,415867365312.0,129835130.0,2026-09-08 17:40:35
3144,2026-08-16,NextEra Energy,NEE,Utilities,Provider_D,USD,47.34,2631887951522.0,414379038364.0,129370470.0,2026-09-08 02:21:00
3105,2026-08-16,Nike Inc.,NKE,Consumer,Provider_A,USD,404.05,1107459620470.0,,34244092.0,2026-09-08 09:00:15
3106,2026-08-16,Nike Inc.,NKE,Consumer,Provider_B,USD,402.81,1104066980618.0,358805566754.0,34139187.0,2026-09-08 04:59:25
3107,2026-08-16,Nike Inc.,NKE,Consumer,Provider_C,USD,401.86,1101470866171.0,-357961867656.0,34058912.0,2026-09-08 15:08:47
3108,2026-08-16,Nike Inc.,NKE,Consumer,Provider_D,USD,403.09,1104835326808.0,359055267990.0,34162945.0,2026-09-08 19:26:44
3069,2026-08-16,Oracle Corp.,ORCL,Technology,Provider_A,USD,545.18,1540773739801.0,368881149067.0,123231767.0,2026-09-08 19:08:29
3070,2026-08-16,Oracle Corp.,ORCL,Technology,Provider_B,USD,542.82,1534104732942.0,367284502623.0,122698377.0,2026-09-08 17:17:24
3071,2026-08-16,Oracle Corp.,ORCL,Technology,Provider_C,USD,544.64,1539256350970.0,368517866568.0,123110405.0,2026-09-08 02:14:41
3072,2026-08-16,Oracle Corp.,ORCL,Technology,Provider_D,USD,544.9,1539980235198.0,368691173809.0,123168302.0,2026-09-08 06:22:26
3097,2026-08-16,PepsiCo,PEP,Consumer,Provider_A,USD,239.18,3338874471800.0,409158814919.0,374122167.0,2026-09-08 02:29:37
3098,2026-08-16,PepsiCo,PEP,Consumer,Provider_B,USD,239.22,3339552175434.0,409241863388.0,374198104.0,2026-09-08 04:12:10
3099,2026-08-16,PepsiCo,PEP,Consumer,Provider_C,USD,238.61,3331037564361.0,408198449446.0,373244038.0,2026-09-08 03:59:55
3100,2026-08-16,PepsiCo,PEP,Consumer,Provider_D,USD,242.37,3337299173352.0,408965771648.0,373945654.0,2026-09-08 22:01:31
3109,2026-08-16,Pfizer Inc.,PFE,Healthcare,Provider_A,USD,229.35,3735899668790.0,200075294288.0,198182092.0,2026-09-08 02:27:04
3110,2026-08-16,Pfizer Inc.,PFE,Healthcare,Provider_B,USD,229.06,3731148314842.0,199820836561.0,197930042.0,2026-09-08 22:08:30
3111,2026-08-16,Pfizer Inc.,PFE,Healthcare,Provider_C,USD,229.03,3730607586896.0,199791877993.0,197901357.0,2026-09-08 01:31:33
3112,2026-08-16,Pfizer Inc.,PFE,Healthcare,Provider_D,USD,229.16,3732749946873.0,199906611616.0,198015005.0,2026-09-08 15:18:31
3057,2026-08-16,Procter & Gamble,PG,Consumer,Provider_A,USD,703.38,3140325378064.0,65536540753.0,680017596.0,2026-09-08 07:05:38
3058,2026-08-16,Procter & Gamble,PG,Consumer,Provider_B,USD,702.87,3138072984820.0,65489534777.0,679529854.0,2026-09-08 05:25:10
3059,2026-08-16,Procter & Gamble,PG,Consumer,Provider_C,USD,703.1,3139078787917.0,65510525231.0,679747655.0,2026-09-08 10:56:27
3060,2026-08-16,Procter & Gamble,PG,Consumer,Provider_D,USD,702.65,3137066487979.0,65468529845.0,679311904.0,2026-09-08 02:30:00
3193,2026-08-16,Qualcomm,QCOM,Technology,Provider_A,USD,459.02,2441055831658.0,60177429746.0,101942406.0,2026-09-08 08:31:19
3194,2026-08-16,Qualcomm,QCOM,Technology,Provider_B,USD,458.43,2437872063339.0,60098942809.0,101809447.0,2026-09-08 23:15:01
3195,2026-08-16,Qualcomm,QCOM,Technology,Provider_C,USD,459.73,2444805457182.0,60269866315.0,102098997.0,2026-09-08 21:56:36
3196,2026-08-16,Qualcomm,QCOM,Technology,Provider_D,USD,459.54,2443820933977.0,60245595639.0,102057882.0,2026-09-08 04:25:15
3081,2026-08-16,Salesforce Inc.,CRM,Technology,Provider_A,USD,570.79,3266013988328.0,55565387897.0,691714199.0,2026-09-08 22:59:14
3082,2026-08-16,Salesforce Inc.,CRM,Technology,Provider_B,USD,570.41,3263801148629.0,55527740386.0,691245539.0,2026-09-08 09:54:04
3083,2026-08-16,Salesforce Inc.,CRM,Technology,Provider_C,USD,570.19,3262561718314.0,55506653696.0,690983038.0,2026-09-08 19:51:17
3084,2026-08-16,Salesforce Inc.,CRM,Technology,Provider_D,USD,571.39,3269409208807.0,55623151502.0,692433278.0,2026-09-08 11:50:57
3025,2026-08-16,Tesla Inc.,TSLA,Automotive,Provider_A,USD,428.75,3227042119941.0,185801940416.0,689234910.0,2026-09-08 07:53:58
3026,2026-08-16,Tesla Inc.,TSLA,Automotive,Provider_B,USD,427.36,3216644901707.0,185203304497.0,687014261.0,2026-09-08 05:36:32
3027,2026-08-16,Tesla Inc.,TSLA,Automotive,Provider_C,USD,428.33,3223896448504.0,185620823518.0,688563054.0,2026-09-08 14:57:17
3028,2026-08-16,Tesla Inc.,TSLA,Automotive,Provider_D,USD,427.66,,185332158133.0,687492246.0,2026-09-08 00:52:57
3197,2026-08-16,Texas Instruments,TXN,Technology,Provider_A,USD,141.69,3666482487008.0,311875942713.0,737269930.0,2026-09-08 15:14:17
3198,2026-08-16,Texas Instruments,TXN,Technology,Provider_B,USD,141.66,3665572932224.0,311798574757.0,737087033.0,2026-09-08 06:15:43
3199,2026-08-16,Texas Instruments,TXN,Technology,Provider_C,USD,141.86,3670723440436.0,312236683928.0,738122717.0,2026-09-08 18:27:44
3200,2026-08-16,Texas Instruments,TXN,Technology,Provider_D,USD,141.57,3663158431809.0,311593194097.0,736601517.0,2026-09-08 07:55:53
3169,2026-08-16,UPS,UPS,Industrials,Provider_A,USD,131.33,2105924844391.0,96063592397.0,246082469.0,2026-09-08 11:08:32
3170,2026-08-16,UPS,UPS,Industrials,Provider_B,USD,131.28,2626121292361.026,96024304752.0,245981828.0,2026-09-08 14:28:10
3171,2026-08-16,UPS,UPS,Industrials,Provider_C,USD,131.08,2101896536406.0,95879837627.0,245611752.0,2026-09-08 22:05:27
3172,2026-08-16,UPS,UPS,Industrials,Provider_D,USD,131.12,2102563160277.0,95910246254.0,245689648.0,2026-09-08 11:02:49
3165,2026-08-16,Union Pacific,UNP,Industrials,Provider_A,USD,127.85,3541722191637.0,378256906722.0,784766000.0,2026-09-08 05:34:13
3166,2026-08-16,Union Pacific,UNP,Industrials,Provider_B,USD,128.2,3551374599827.0,379287786579.0,786904757.0,2026-09-08 19:30:32
3167,2026-08-16,Union Pacific,UNP,Industrials,Provider_C,USD,128.09,3548446361790.0,378975049949.0,,2026-09-08 00:23:44
3168,2026-08-16,Union Pacific,UNP,Industrials,Provider_D,USD,128.02,3546550489032.0,378772570215.0,785835842.0,2026-09-08 23:32:59
7703,2026-08-16,Union Pacific,UNP,Industrials,Provider_D,USD,128.02,3546550489032.0,378772570215.0,785835842.0,2026-09-08 23:32:59
3185,2026-08-16,Verizon,VZ,Communication,Provider_A,USD,635.85,3873423301969.0,30256703580.0,205377844.0,2026-09-08 12:02:53
3186,2026-08-16,Verizon,VZ,Communication,Provider_B,USD,635.32,3870199074371.0,30231517978.0,205206888.0,2026-09-08 01:03:25
3187,2026-08-16,Verizon,VZ,Communication,Provider_C,USD,636.73,3878789798066.0,30298623213.0,205662388.0,2026-09-08 09:48:14
3188,2026-08-16,Verizon,VZ,Communication,Provider_D,USD,635.41,3870741500772.0,30235755066.0,205235649.0,2026-09-08 07:37:03
3033,2026-08-16,Visa Inc.,V,Financials,Provider_A,USD,131.41,1087520787919.0,76383380986.0,217097148.0,2026-09-08 09:08:03
3034,2026-08-16,Visa Inc.,V,Financials,Provider_B,USD,131.25,1086236207602.0,76293156882.0,216840713.0,2026-09-08 23:32:25
3035,2026-08-16,Visa Inc.,V,Financials,Provider_C,USD,131.05,-1084512491613.0,76172089537.0,216496614.0,2026-09-08 07:06:37
3036,2026-08-16,Visa Inc.,V,Financials,Provider_D,USD,130.84,1082797625198.0,76051643752.0,216154283.0,2026-09-08 03:16:11
3037,2026-08-16,Walmart Inc.,WMT,Consumer,Provider_A,USD,685.19,-1302113030653.0,45467427537.0,74250909.0,2026-09-08 00:24:11
3038,2026-08-16,Walmart Inc.,WMT,Consumer,Provider_B,USD,686.82,1305218386708.0,45575860943.0,74427987.0,2026-09-08 18:03:47
3039,2026-08-16,Walmart Inc.,WMT,Consumer,Provider_C,USD,684.74,1301260919309.0,45437673353.0,74202318.0,2026-09-08 09:53:33
3040,2026-08-16,Walmart Inc.,WMT,Consumer,Provider_D,USD,687.89,1307255783783.0,45647003157.0,74544166.0,2026-09-08 06:10:31
3133,2026-08-16,Wells Fargo,WFC,Financials,Provider_A,EUR,633.3,629980356301.0,11681521011.0,102520960.0,2026-09-08 07:22:24
3134,2026-08-16,Wells Fargo,WFC,Financials,Provider_B,USD,631.92,628608324912.0,11656079879.0,102297680.0,2026-09-08 14:31:36
3135,2026-08-16,Wells Fargo,WFC,Financials,Provider_C,USD,632.92,629602726088.0,11674518736.0,102459506.0,2026-09-08 13:12:06
3136,2026-08-16,Wells Fargo,WFC,Financials,Provider_D,USD,1899.87,629964152816.0,11681220555.0,102518323.0,2026-09-08 18:56:01
3289,2026-08-17,AMD,AMD,Technology,Provider_A,USD,106.65,1468220304396.0,403274044975.0,207972346.0,2026-09-08 22:40:56
3290,2026-08-17,AMD,AMD,Technology,Provider_B,USD,107.5,1468583807969.0,403373888000.0,208023836.0,2026-09-08 11:26:56
3291,2026-08-17,AMD,AMD,Technology,Provider_C,USD,106.9,1471639308073.0,404213137997.0,208456646.0,2026-09-08 05:11:11
3292,2026-08-17,AMD,AMD,Technology,Provider_D,USD,106.73,1469389031418.0,403595057614.0,208137896.0,2026-09-08 20:49:28
3381,2026-08-17,AT&T,T,Communication,Provider_A,USD,285.96,916888359622.0,381908768550.0,139004411.0,2026-09-08 05:50:53
3382,2026-08-17,AT&T,T,Communication,Provider_B,USD,287.18,920790567963.0,383534143729.0,139596003.0,2026-09-08 03:18:19
3383,2026-08-17,AT&T,T,Communication,Provider_C,USD,287.61,922149529657.0,384100187983.0,139802028.0,2026-09-08 01:49:35
3384,2026-08-17,AT&T,T,Communication,Provider_D,USD,287.07,920430038942.0,383383973653.0,139541345.0,2026-09-08 03:03:56
3317,2026-08-17,AbbVie Inc.,ABBV,Healthcare,Provider_A,USD,670.12,3904227245354.0,380365986362.0,339418194.0,2026-09-08 04:09:32
3318,2026-08-17,AbbVie Inc.,ABBV,Healthcare,Provider_B,USD,670.29,3905227843060.0,380463468734.0,339505182.0,2026-09-08 23:13:57
3319,2026-08-17,AbbVie Inc.,ABBV,Healthcare,Provider_C,GBP,670.0,3903554482113.0,380300442981.0,339359706.0,2026-09-08 23:16:12
3320,2026-08-17,AbbVie Inc.,ABBV,Healthcare,Provider_D,GBP,668.92,3897228750009.0,379684163963.0,338809772.0,2026-09-08 16:09:18
3277,2026-08-17,Adobe Inc.,ADBE,Technology,Provider_A,USD,36.78,3298551774415.3516,437466885019.0,178374502.0,2026-09-08 07:58:19
3278,2026-08-17,Adobe Inc.,ADBE,Technology,Provider_B,USD,36.84,2385818410057.0,438235380659.0,178687852.0,2026-09-08 09:51:21
3279,2026-08-17,Adobe Inc.,ADBE,Technology,Provider_C,USD,36.86,2386876472095.0,438429729156.0,178767096.0,2026-09-08 01:10:43
3280,2026-08-17,Adobe Inc.,ADBE,Technology,Provider_D,USD,36.7,3421830006807.6987,436551687449.0,178001336.0,2026-09-08 15:41:53
3217,2026-08-17,Alphabet Inc.,GOOGL,Communication,Provider_A,USD,474.77,2361231674242.0,322614931133.0,262988852.0,2026-09-08 03:34:50
3218,2026-08-17,Alphabet Inc.,GOOGL,Communication,Provider_B,USD,474.44,2359619026133.0,322394595126.0,262809238.0,2026-09-08 07:06:33
3219,2026-08-17,Alphabet Inc.,GOOGL,Communication,Provider_C,USD,474.13,2358054723597.0,322180864572.0,262635010.0,2026-09-08 19:24:14
3220,2026-08-17,Alphabet Inc.,GOOGL,Communication,Provider_D,USD,474.35,2359152268112.0,322330822008.0,262757252.0,2026-09-08 21:17:50
3213,2026-08-17,Amazon.com Inc.,AMZN,Consumer,Provider_A,USD,67.9,1661440446763.0,127386674663.0,316502267.0,2026-09-08 05:32:00
3214,2026-08-17,Amazon.com Inc.,AMZN,Consumer,Provider_B,USD,67.81,1659296171767.0,127222267891.0,316093786.0,2026-09-08 18:38:55
3215,2026-08-17,Amazon.com Inc.,AMZN,Consumer,Provider_C,USD,68.09,1666260231759.0,127756219286.0,317420430.0,2026-09-08 15:47:17
3216,2026-08-17,Amazon.com Inc.,AMZN,Consumer,Provider_D,USD,67.87,1660869902371.0,127342929639.0,316393579.0,2026-09-08 20:04:50
3201,2026-08-17,Apple Inc.,AAPL,Technology,Provider_A,USD,697.18,1866566299452.0,50095907836.0,383222867.0,2026-09-08 10:26:40
3202,2026-08-17,Apple Inc.,AAPL,Technology,Provider_B,USD,698.44,1869923392374.0,50186007297.0,383912108.0,2026-09-08 09:36:03
3203,2026-08-17,Apple Inc.,AAPL,Technology,Provider_C,USD,697.84,1868321016700.0,50143001879.0,383583126.0,2026-09-08 15:46:11
3204,2026-08-17,Apple Inc.,AAPL,Technology,Provider_D,USD,697.6,1867687604885.0,50126002033.0,383453081.0,2026-09-08 09:54:35
3329,2026-08-17,Bank of America,BAC,Financials,Provider_A,USD,62.96,359086190219.0,173601305359.0,47668991.0,2026-09-08 01:21:26
3330,2026-08-17,Bank of America,BAC,Financials,Provider_B,USD,63.04,359508531682.0,173805487617.0,47725057.0,2026-09-08 20:26:59
3331,2026-08-17,Bank of America,BAC,Financials,Provider_C,USD,63.04,359532915745.0,173817276166.0,47728294.0,2026-09-08 19:52:48
3332,2026-08-17,Bank of America,BAC,Financials,Provider_D,USD,63.05,359588611612.0,173844202502.0,47735687.0,2026-09-08 17:15:39
3337,2026-08-17,Berkshire Hathaway,BRK.B,Financials,Provider_A,USD,510.58,1783782421275.0,41284029817.0,253069427.0,2026-09-08 01:03:51
3338,2026-08-17,Berkshire Hathaway,BRK.B,Financials,Provider_B,USD,510.63,1783963694303.0,41288225217.0,253095145.0,2026-09-08 02:10:55
3339,2026-08-17,Berkshire Hathaway,BRK.B,Financials,Provider_C,USD,511.43,1786762199274.0,41352994082.0,253492175.0,2026-09-08 23:26:06
3340,2026-08-17,Berkshire Hathaway,BRK.B,Financials,Provider_D,USD,510.49,1783483460235.0,41277110634.0,253027013.0,2026-09-08 08:19:24
3357,2026-08-17,Boeing Co.,BA,Industrials,Provider_A,USD,587.36,722204272951.0,268924142060.0,95993690.0,2026-09-08 13:04:29
3358,2026-08-17,Boeing Co.,BA,Industrials,Provider_B,USD,586.57,721238225623.0,268564419114.0,95865285.0,2026-09-08 02:46:56
3359,2026-08-17,Boeing Co.,BA,Industrials,Provider_C,USD,587.78,722721409631.0,269116706053.0,96062427.0,2026-09-08 23:14:57
3360,2026-08-17,Boeing Co.,BA,Industrials,Provider_D,USD,588.77,723937994562.0,269569720624.0,96224132.0,2026-09-08 00:18:26
3265,2026-08-17,Broadcom Inc.,AVGO,Technology,Provider_A,USD,655.1,1319510606629.0,298183525446.0,266651211.0,2026-09-08 09:58:36
3266,2026-08-17,Broadcom Inc.,AVGO,Technology,Provider_B,USD,655.2,1319708721639.0,298228295554.0,266691247.0,2026-09-08 10:23:53
3267,2026-08-17,Broadcom Inc.,AVGO,Technology,Provider_C,USD,656.69,1322709449770.0,298906401276.0,267297644.0,2026-09-08 17:03:29
3268,2026-08-17,Broadcom Inc.,AVGO,Technology,Provider_D,USD,656.26,1321841985574.0,298710371376.0,267122344.0,2026-09-08 18:27:05
3361,2026-08-17,Caterpillar Inc.,CAT,Industrials,Provider_A,USD,328.56,3378912965455.0,328163304146.0,614564848.0,2026-09-08 21:48:18
3362,2026-08-17,Caterpillar Inc.,CAT,Industrials,Provider_B,USD,327.7,3370054676855.0,327302978566.0,612953681.0,2026-09-08 10:01:37
3363,2026-08-17,Caterpillar Inc.,CAT,Industrials,Provider_C,USD,328.95,3382917355997.0,328552214439.0,615293176.0,2026-09-08 22:35:27
3364,2026-08-17,Caterpillar Inc.,CAT,Industrials,Provider_D,USD,326.81,3360908692026.0,326414711650.0,611290187.0,2026-09-08 14:05:04
3253,2026-08-17,Chevron Corp.,CVX,Energy,Provider_A,USD,220.79,3970828746735.0,395027504951.0,913492529.0,2026-09-08 06:44:50
3254,2026-08-17,Chevron Corp.,CVX,Energy,Provider_B,USD,220.38,3963323818078.0,394280896766.0,911766013.0,2026-09-08 13:16:35
3255,2026-08-17,Chevron Corp.,CVX,Energy,Provider_C,USD,221.25,3978966794735.0,395837097357.0,915364693.0,2026-09-08 14:08:09
3256,2026-08-17,Chevron Corp.,CVX,Energy,Provider_D,USD,220.96,3973793196951.0,395322415522.0,914174503.0,2026-09-08 02:30:43
3293,2026-08-17,Cisco Systems,CSCO,Technology,Provider_A,USD,74.32,882563258246.0,119884189429.0,72037271.0,2026-09-08 13:33:39
3294,2026-08-17,Cisco Systems,CSCO,Technology,Provider_B,USD,74.29,882208444247.0,,72008311.0,2026-09-08 14:23:20
3295,2026-08-17,Cisco Systems,CSCO,Technology,Provider_C,USD,74.31,882402736780.0,119862384775.0,72024169.0,2026-09-08 23:51:55
3296,2026-08-17,Cisco Systems,CSCO,Technology,Provider_D,USD,74.11,883555606888.0,120018986466.0,72118270.0,2026-09-08 03:19:28
3241,2026-08-17,Coca-Cola,KO,Consumer,Provider_A,USD,1130.9,2816175051256.0,215551521537.0,401746696.0,2026-09-08 15:21:30
3242,2026-08-17,Coca-Cola,KO,Consumer,Provider_B,USD,451.96,2813721637502.0,215363735956.0,401396700.0,2026-09-08 06:59:41
3243,2026-08-17,Coca-Cola,KO,Consumer,Provider_C,USD,451.39,2810176081616.0,215092357242.0,400890902.0,2026-09-08 18:59:34
3244,2026-08-17,Coca-Cola,KO,Consumer,Provider_D,USD,453.02,2820309121414.0,215867945444.0,402336450.0,2026-09-08 04:04:42
3389,2026-08-17,Comcast,CMCSA,Communication,Provider_A,USD,620.73,368426084682.0,174117551235.0,,2026-09-08 16:48:05
3390,2026-08-17,Comcast,CMCSA,Communication,Provider_B,USD,619.8,367873419291.0,173856362496.0,18409243.0,2026-09-08 06:49:28
3391,2026-08-17,Comcast,CMCSA,Communication,Provider_C,USD,606.43,368276876496.0,174047035697.0,18429433.0,2026-09-08 15:09:04
3392,2026-08-17,Comcast,CMCSA,Communication,Provider_D,USD,619.39,495177541782.64923,173741541382.0,18397085.0,2026-09-08 07:08:50
3349,2026-08-17,ConocoPhillips,COP,Energy,Provider_A,USD,293.15,207649656234.0,448482277803.0,39637868.0,2026-09-08 21:52:51
3350,2026-08-17,ConocoPhillips,COP,Energy,Provider_B,USD,292.0,206836783092.0,446726632236.0,39482700.0,2026-09-08 22:02:49
3351,2026-08-17,ConocoPhillips,COP,Energy,Provider_C,USD,293.01,207547810849.0,448262311869.0,39618427.0,2026-09-08 00:39:34
3352,2026-08-17,ConocoPhillips,COP,Energy,Provider_D,USD,292.3,207043069508.0,447172170184.0,39522077.0,2026-09-08 04:25:07
3345,2026-08-17,Duke Energy,DUK,Utilities,Provider_A,USD,657.78,299949120881.0,391772140262.0,53697170.0,2026-09-08 14:32:20
3346,2026-08-17,Duke Energy,DUK,Utilities,Provider_B,USD,653.58,298032541721.0,389268841312.0,53354062.0,2026-09-08 21:52:26
3347,2026-08-17,Duke Energy,DUK,Utilities,Provider_C,USD,655.89,299085154395.0,390643688883.0,53542502.0,2026-09-08 04:54:28
3348,2026-08-17,Duke Energy,DUK,Utilities,Provider_D,USD,653.88,298170335322.0,389448817482.0,53378730.0,2026-09-08 01:48:50
3249,2026-08-17,Exxon Mobil,XOM,Energy,Provider_A,USD,45.64,1402024361517.0,96145511730.0,332051948.0,2026-09-08 13:53:38
3250,2026-08-17,Exxon Mobil,XOM,Energy,Provider_B,USD,45.61,1401003663340.0,96075516122.0,331810208.0,2026-09-08 04:45:26
3251,2026-08-17,Exxon Mobil,XOM,Energy,Provider_C,USD,45.75,,96377434172.0,332852925.0,2026-09-08 08:58:41
3252,2026-08-17,Exxon Mobil,XOM,Energy,Provider_D,USD,45.63,1401586504830.0,96115485180.0,331948247.0,2026-09-08 16:56:41
3321,2026-08-17,Goldman Sachs,GS,Financials,Provider_A,USD,683.56,3774620530749.0,100445909438.0,556740171.0,2026-09-08 04:41:58
3322,2026-08-17,Goldman Sachs,GS,Financials,Provider_B,USD,682.19,3767087475153.0,100245448329.0,555629078.0,2026-09-08 14:34:26
3323,2026-08-17,Goldman Sachs,GS,Financials,Provider_C,USD,680.97,3760359501144.0,100066411135.0,554636731.0,2026-09-08 10:33:51
3324,2026-08-17,Goldman Sachs,GS,Financials,Provider_D,USD,683.13,3772284730816.0,100383751787.0,556395651.0,2026-09-08 22:07:20
3373,2026-08-17,Home Depot,HD,Consumer,Provider_A,USD,279.84,1338556958659.0,179973556273.0,283276990.0,2026-09-08 20:49:50
3374,2026-08-17,Home Depot,HD,Consumer,Provider_B,USD,278.85,1333803560433.0,179334445642.0,282271035.0,2026-09-08 00:08:09
3375,2026-08-17,Home Depot,HD,Consumer,Provider_C,USD,279.35,1336232153810.0,179660978318.0,282784995.0,2026-09-08 14:11:38
3376,2026-08-17,Home Depot,HD,Consumer,Provider_D,USD,279.89,1338808365177.0,180007358738.0,283330195.0,2026-09-08 05:22:04
3285,2026-08-17,Intel Corp.,INTC,Technology,Provider_A,USD,181.78,2207268941387.0,208423803682.0,207236922.0,2026-09-08 09:22:10
3286,2026-08-17,Intel Corp.,INTC,Technology,Provider_B,USD,181.69,2206164462323.0,208319512029.0,207133224.0,2026-09-08 09:27:30
3287,2026-08-17,Intel Corp.,INTC,Technology,Provider_C,USD,181.33,2201870499778.0,207914049880.0,206730071.0,2026-09-08 02:23:33
3288,2026-08-17,Intel Corp.,INTC,Technology,Provider_D,USD,181.22,2200422357794.0,207777307477.0,206594107.0,2026-09-08 07:43:51
3229,2026-08-17,JPMorgan Chase,JPM,Financials,Provider_A,USD,734.0,2165398049326.0,165119758231.0,121686946.0,2026-09-08 14:25:37
3230,2026-08-17,JPMorgan Chase,JPM,Financials,Provider_B,USD,737.19,2973952097737.263,165836058640.0,122214832.0,2026-09-08 20:04:47
3231,2026-08-17,JPMorgan Chase,JPM,Financials,Provider_C,USD,729.24,2167470973944.0,165277826542.0,121803436.0,2026-09-08 23:03:15
3232,2026-08-17,JPMorgan Chase,JPM,Financials,Provider_D,USD,736.78,2173575061982.0,165743286248.0,122146462.0,2026-09-08 20:57:48
3245,2026-08-17,Johnson & Johnson,JNJ,Healthcare,Provider_A,USD,558.84,1398935992246.0,292537199044.0,262890038.0,2026-09-08 05:02:06
3246,2026-08-17,Johnson & Johnson,JNJ,Healthcare,Provider_B,USD,560.14,1402167426892.0,293212937495.0,263497294.0,2026-09-08 07:50:46
3247,2026-08-17,Johnson & Johnson,JNJ,Healthcare,Provider_C,USD,558.85,1398937098459.0,292537430368.0,262890246.0,2026-09-08 10:02:34
3248,2026-08-17,Johnson & Johnson,JNJ,Healthcare,Provider_D,USD,558.76,1398731077374.0,292494348461.0,262851530.0,2026-09-08 18:17:10
3353,2026-08-17,Lockheed Martin,LMT,Industrials,Provider_A,USD,486.38,3919217659505.0,141158530759.0,932334755.0,2026-09-08 17:17:38
3354,2026-08-17,Lockheed Martin,LMT,Industrials,Provider_B,USD,486.1,3916903461797.0,141075180260.0,931784235.0,2026-09-08 00:38:13
3355,2026-08-17,Lockheed Martin,LMT,Industrials,Provider_C,USD,485.55,3912522504677.0,140917391251.0,930742058.0,2026-09-08 07:39:58
3356,2026-08-17,Lockheed Martin,LMT,Industrials,Provider_D,USD,485.71,3913809983471.0,140963762397.0,931048334.0,2026-09-08 11:06:37
3377,2026-08-17,Lowe's,LOW,Consumer,Provider_A,USD,400.94,1255143978977.8364,329792213540.0,193703956.0,2026-09-08 16:51:15
3378,2026-08-17,Lowe's,LOW,Consumer,Provider_B,USD,401.62,1026067788598.0,330349424251.0,194031235.0,2026-09-08 02:21:31
3379,2026-08-17,Lowe's,LOW,Consumer,Provider_C,USD,401.14,1024848457812.0,329956852505.0,193800657.0,2026-09-08 18:12:10
3380,2026-08-17,Lowe's,LOW,Consumer,Provider_D,USD,399.85,1318781603252.0298,328892535141.0,193175529.0,2026-09-08 01:51:47
3261,2026-08-17,Mastercard Inc.,MA,Financials,Provider_A,USD,630.78,2003012329714.0,420941202016.0,294626020.0,2026-09-08 16:01:27
3262,2026-08-17,Mastercard Inc.,MA,Financials,Provider_B,USD,632.75,2009252078689.0,422252510686.0,295543834.0,2026-09-08 11:21:08
3263,2026-08-17,Mastercard Inc.,MA,Financials,Provider_C,USD,630.66,2002640669701.0,,294571352.0,2026-09-08 17:25:56
3264,2026-08-17,Mastercard Inc.,MA,Financials,Provider_D,USD,631.21,2004371832512.0,421226907068.0,294825992.0,2026-09-08 01:57:16
7654,2026-08-17,Mastercard Inc.,MA,Financials,Provider_D,USD,631.21,2004371832512.0,421226907068.0,294825992.0,2026-09-08 01:57:16
3301,2026-08-17,McDonald's,MCD,Consumer,Provider_A,USD,606.75,1219844472525.0,441878138175.0,101598050.0,2026-09-08 21:22:08
3302,2026-08-17,McDonald's,MCD,Consumer,Provider_B,USD,608.97,1224312399266.0,443496606099.0,101970173.0,2026-09-08 23:45:12
3303,2026-08-17,McDonald's,MCD,Consumer,Provider_C,USD,608.92,1224208786542.0,443459073283.0,101961544.0,2026-09-08 18:26:45
3304,2026-08-17,McDonald's,MCD,Consumer,Provider_D,USD,607.22,1220793398718.0,442221878504.0,101677084.0,2026-09-08 02:11:46
3313,2026-08-17,Merck & Co.,MRK,Healthcare,Provider_A,USD,162.57,1998134152602.0,58436516513.0,489520196.0,2026-09-08 14:30:41
3314,2026-08-17,Merck & Co.,MRK,Healthcare,Provider_B,USD,162.02,1991337567620.0,58237746701.0,487855110.0,2026-09-08 17:39:58
3315,2026-08-17,Merck & Co.,MRK,Healthcare,Provider_C,USD,163.02,2003633148320.0,58597337624.0,490867387.0,2026-09-08 23:08:51
3316,2026-08-17,Merck & Co.,MRK,Healthcare,Provider_D,USD,162.85,2001628911090.0,-58538722620.0,490376372.0,2026-09-08 05:22:13
3221,2026-08-17,Meta Platforms,META,Communication,Provider_A,USD,319.84,1723520421666.0,292685805093.0,264209331.0,2026-09-08 04:54:58
3222,2026-08-17,Meta Platforms,META,Communication,Provider_B,USD,331.18,1721636580196.0,292365893794.0,263920545.0,2026-09-08 04:58:18
3223,2026-08-17,Meta Platforms,META,Communication,Provider_C,USD,319.69,1722736713111.0,292552716813.0,264089191.0,2026-09-08 21:31:29
3224,2026-08-17,Meta Platforms,META,Communication,Provider_D,USD,319.09,1719513901045.0,292005423417.0,263595146.0,2026-09-08 19:08:37
3205,2026-08-17,Microsoft Corp.,MSFT,Technology,Provider_A,USD,220.42,3048218477705.0,65132274157.0,469802066.0,2026-09-08 21:53:24
3206,2026-08-17,Microsoft Corp.,MSFT,Technology,Provider_B,USD,220.08,3043480275438.0,65031031450.0,469071798.0,2026-09-08 16:03:56
3207,2026-08-17,Microsoft Corp.,MSFT,Technology,Provider_C,USD,220.49,3049096020606.0,65151024901.0,469937316.0,2026-09-08 05:34:28
3208,2026-08-17,Microsoft Corp.,MSFT,Technology,Provider_D,USD,220.14,3044319912686.0,65048972252.0,469201205.0,2026-09-08 20:50:52
3325,2026-08-17,Morgan Stanley,MS,Financials,Provider_A,USD,71.6,1932672729936.0,230465903457.0,364909121.0,2026-09-08 21:15:54
3326,2026-08-17,Morgan Stanley,MS,Financials,Provider_B,USD,71.62,1933362854340.0,,365039424.0,2026-09-08 15:25:25
3327,2026-08-17,Morgan Stanley,MS,Financials,Provider_C,USD,71.61,1933020610680.0,230507387278.0,364974804.0,2026-09-08 20:54:57
3328,2026-08-17,Morgan Stanley,MS,Financials,Provider_D,USD,71.73,1936339503217.0,230903156078.0,365601447.0,2026-09-08 05:17:05
3209,2026-08-17,NVIDIA Corp.,NVDA,Technology,Provider_A,USD,214.75,211117288369.0,257254036936.0,15272154.0,2026-09-08 14:18:37
3210,2026-08-17,NVIDIA Corp.,NVDA,Technology,Provider_B,USD,214.86,211227142231.0,257387897833.0,15280101.0,2026-09-08 11:23:41
3211,2026-08-17,NVIDIA Corp.,NVDA,Technology,Provider_C,USD,536.7,211055045454.0,257178191698.0,15267652.0,2026-09-08 17:25:00
3212,2026-08-17,NVIDIA Corp.,NVDA,Technology,Provider_D,USD,214.17,,256568531754.0,15231458.0,2026-09-08 05:11:41
3273,2026-08-17,Netflix Inc.,NFLX,Communication,Provider_A,USD,262.54,1713137773726.0,140486065293.0,324569740.0,2026-09-08 18:14:03
3274,2026-08-17,Netflix Inc.,NFLX,Communication,Provider_B,USD,261.76,1708021576849.0,140066510965.0,323600429.0,2026-09-08 06:24:49
3275,2026-08-17,Netflix Inc.,NFLX,Communication,Provider_C,USD,261.61,1707074972884.0,139988884595.0,323421087.0,2026-09-08 15:48:45
3276,2026-08-17,Netflix Inc.,NFLX,Communication,Provider_D,USD,262.44,1712462367402.0,140430678518.0,324441778.0,2026-09-08 19:24:52
3341,2026-08-17,NextEra Energy,NEE,Utilities,Provider_A,USD,47.23,2636644169101.0,415124543818.0,178840781.0,2026-09-08 15:52:47
3342,2026-08-17,NextEra Energy,NEE,Utilities,Provider_B,USD,47.18,2633976023373.0,414704459534.0,178659803.0,2026-09-08 08:08:17
3343,2026-08-17,NextEra Energy,NEE,Utilities,Provider_C,USD,47.29,2640106941509.0,415669737528.0,179075657.0,2026-09-08 00:58:33
3344,2026-08-17,NextEra Energy,NEE,Utilities,Provider_D,USD,47.2,2635270953283.0,414908338842.0,178747637.0,2026-09-08 09:41:39
3305,2026-08-17,Nike Inc.,NKE,Consumer,Provider_A,USD,410.45,1104788241969.0,358950706452.0,253352484.0,2026-09-08 02:38:06
3306,2026-08-17,Nike Inc.,NKE,Consumer,Provider_B,USD,-409.28,1101635350994.0,357926317886.0,252629456.0,2026-09-08 17:38:10
3307,2026-08-17,Nike Inc.,NKE,Consumer,Provider_C,USD,410.42,1104683799559.0,358916772639.0,253328533.0,2026-09-08 00:15:34
3308,2026-08-17,Nike Inc.,NKE,Consumer,Provider_D,USD,411.48,1107557548995.0,359850466854.0,253987548.0,2026-09-08 21:58:05
3269,2026-08-17,Oracle Corp.,ORCL,Technology,Provider_A,USD,553.66,1533977832471.0,368038793088.0,337744999.0,2026-09-08 05:02:40
3270,2026-08-17,Oracle Corp.,ORCL,Technology,Provider_B,USD,553.87,1534556787215.0,368177698488.0,337872471.0,2026-09-08 19:14:12
3271,2026-08-17,Oracle Corp.,ORCL,Technology,Provider_C,USD,555.14,1538095205728.0,369026651616.0,338651545.0,2026-09-08 08:15:11
3272,2026-08-17,Oracle Corp.,ORCL,Technology,Provider_D,USD,553.69,2182930646136.569,368062544035.0,337766795.0,2026-09-08 08:18:38
3297,2026-08-17,PepsiCo,PEP,Consumer,Provider_A,USD,239.5,3339984390164.0,408954381334.0,297631487.0,2026-09-08 23:21:35
3298,2026-08-17,PepsiCo,PEP,Consumer,Provider_B,USD,239.95,3346233078288.0,409719483229.0,298188318.0,2026-09-08 07:51:47
3299,2026-08-17,PepsiCo,PEP,Consumer,Provider_C,USD,239.49,3339830738821.0,408935567955.0,297617795.0,2026-09-08 22:34:47
3300,2026-08-17,PepsiCo,PEP,Consumer,Provider_D,USD,239.55,3340699361885.0,409041923904.0,297695199.0,2026-09-08 22:18:31
3309,2026-08-17,Pfizer Inc.,PFE,Healthcare,Provider_A,USD,236.64,3747441550295.0,200536262733.0,211904716.0,2026-09-08 17:55:34
3310,2026-08-17,Pfizer Inc.,PFE,Healthcare,Provider_B,USD,235.61,3731126278282.0,199663186094.0,210982144.0,2026-09-08 12:33:05
3311,2026-08-17,Pfizer Inc.,PFE,Healthcare,Provider_C,USD,234.94,3720437751658.0,199091212614.0,210377746.0,2026-09-08 06:38:53
3312,2026-08-17,Pfizer Inc.,PFE,Healthcare,Provider_D,USD,235.29,3725989265045.0,199388289895.0,210691664.0,2026-09-08 19:27:10
3257,2026-08-17,Procter & Gamble,PG,Consumer,Provider_A,USD,696.0,3129596646784.0,65369495448.0,635373002.0,2026-09-08 00:13:05
3258,2026-08-17,Procter & Gamble,PG,Consumer,Provider_B,USD,697.25,3135200605556.0,65486548218.0,636510722.0,2026-09-08 22:21:27
3259,2026-08-17,Procter & Gamble,PG,Consumer,Provider_C,USD,697.35,3649115134087.279,65496341376.0,636605908.0,2026-09-08 21:49:00
3260,2026-08-17,Procter & Gamble,PG,Consumer,Provider_D,USD,698.18,3139400289848.0,65574269185.0,637363345.0,2026-09-08 22:32:50
3393,2026-08-17,Qualcomm,QCOM,Technology,Provider_A,USD,469.38,2446510907821.0,60191535462.0,294909083.0,2026-09-08 13:25:16
3394,2026-08-17,Qualcomm,QCOM,Technology,Provider_B,USD,469.41,2446669053796.0,60195426329.0,294928146.0,2026-09-08 20:11:59
3395,2026-08-17,Qualcomm,QCOM,Technology,Provider_C,USD,469.72,2448311937087.0,60235846205.0,295126184.0,2026-09-08 06:39:41
3396,2026-08-17,Qualcomm,QCOM,Technology,Provider_D,USD,470.96,2454782544815.0,60395042640.0,295906168.0,2026-09-08 04:47:09
3281,2026-08-17,Salesforce Inc.,CRM,Technology,Provider_A,USD,565.26,3272131467302.0,55583050772.0,335828329.0,2026-09-08 11:31:12
3282,2026-08-17,Salesforce Inc.,CRM,Technology,Provider_B,USD,,3277678031582.0,55677269164.0,336397589.0,2026-09-08 19:58:33
3283,2026-08-17,Salesforce Inc.,CRM,Technology,Provider_C,USD,563.95,3264498262656.0,55453387033.0,335044911.0,2026-09-08 15:34:06
3284,2026-08-17,Salesforce Inc.,CRM,Technology,Provider_D,USD,565.16,3271525859551.0,55572763433.0,335766174.0,2026-09-08 09:19:46
3225,2026-08-17,Tesla Inc.,TSLA,Automotive,Provider_A,USD,423.57,3200150527908.0,184847476346.0,618168651.0,2026-09-08 04:01:58
3226,2026-08-17,Tesla Inc.,TSLA,Automotive,Provider_B,USD,425.46,3214482748787.0,185675335798.0,620937186.0,2026-09-08 11:19:15
3227,2026-08-17,Tesla Inc.,TSLA,Automotive,Provider_C,USD,424.92,3210359090217.0,185437144540.0,620140625.0,2026-09-08 06:59:01
3228,2026-08-17,Tesla Inc.,TSLA,Automotive,Provider_D,USD,423.69,3201058686795.0,184899933528.0,618344079.0,2026-09-08 14:56:50
3397,2026-08-17,Texas Instruments,TXN,Technology,Provider_A,USD,139.94,3675930026447.0,313151342923.0,748772021.0,2026-09-08 12:45:47
3398,2026-08-17,Texas Instruments,TXN,Technology,Provider_B,USD,139.57,3666111577672.0,312314912306.0,746772043.0,2026-09-08 22:57:38
3399,2026-08-17,Texas Instruments,TXN,Technology,Provider_C,USD,139.39,3661451458447.0,311917918189.0,745822796.0,2026-09-08 12:49:43
3400,2026-08-17,Texas Instruments,TXN,Technology,Provider_D,USD,139.5,3664123275076.0,312145529422.0,746367034.0,2026-09-08 10:25:41
3369,2026-08-17,UPS,UPS,Industrials,Provider_A,USD,130.94,2102378530488.0,96008419763.0,122294503.0,2026-09-08 04:29:02
3370,2026-08-17,UPS,UPS,Industrials,Provider_B,USD,131.06,2104237163026.0,96093297139.0,122402619.0,2026-09-08 12:10:22
3371,2026-08-17,UPS,UPS,Industrials,Provider_C,USD,131.01,2103518745546.0,96060489476.0,122360829.0,2026-09-08 10:18:29
3372,2026-08-17,UPS,UPS,Industrials,Provider_D,USD,131.12,2105228946860.0,96138588506.0,122460310.0,2026-09-08 11:36:41
3365,2026-08-17,Union Pacific,UNP,Industrials,Provider_A,USD,128.43,3538926002502.0,378453893448.0,327870781.0,2026-09-08 07:41:35
3366,2026-08-17,Union Pacific,UNP,Industrials,Provider_B,USD,128.61,3543850813110.0,378980554291.0,328327050.0,2026-09-08 18:48:09
3367,2026-08-17,Union Pacific,UNP,Industrials,Provider_C,USD,128.26,3534167110368.0,377944975981.0,327429884.0,2026-09-08 03:41:32
3368,2026-08-17,Union Pacific,UNP,Industrials,Provider_D,USD,128.31,4158068263452.815,378093026350.0,327558146.0,2026-09-08 11:24:06
3385,2026-08-17,Verizon,VZ,Communication,Provider_A,USD,651.33,3875874103207.0,30265728932.0,922839704.0,2026-09-08 14:19:59
3386,2026-08-17,Verizon,VZ,Communication,Provider_B,EUR,650.45,3870648659598.0,30224924753.0,921595534.0,2026-09-08 19:44:50
3387,2026-08-17,Verizon,VZ,Communication,Provider_C,USD,651.4,3876305193830.0,30269095211.0,922942346.0,2026-09-08 20:25:49
3388,2026-08-17,Verizon,VZ,Communication,Provider_D,USD,651.75,3878369397784.0,30285214062.0,923433830.0,2026-09-08 00:54:40
3233,2026-08-17,Visa Inc.,V,Financials,Provider_A,USD,132.44,1084577499737.0,76097617461.0,161138102.0,2026-09-08 12:58:29
3234,2026-08-17,Visa Inc.,V,Financials,Provider_B,USD,132.51,1085118022584.0,76135542368.0,161218409.0,2026-09-08 21:06:15
3235,2026-08-17,Visa Inc.,V,Financials,Provider_C,USD,131.05,1084956590695.0,76124215762.0,161194425.0,2026-09-08 01:44:13
3236,2026-08-17,Visa Inc.,V,Financials,Provider_D,USD,132.63,1086150527019.0,76207986364.0,161371811.0,2026-09-08 18:43:49
3237,2026-08-17,Walmart Inc.,WMT,Consumer,Provider_A,USD,695.52,1305242582787.0,45601570627.0,193289447.0,2026-09-08 19:22:13
3238,2026-08-17,Walmart Inc.,WMT,Consumer,Provider_B,USD,693.53,1301500923727.0,45470847395.0,192735356.0,2026-09-08 16:20:12
3239,2026-08-17,Walmart Inc.,WMT,Consumer,Provider_C,USD,693.54,1301534940481.0,45472035846.0,192740393.0,2026-09-08 02:21:08
3240,2026-08-17,Walmart Inc.,WMT,Consumer,Provider_D,USD,693.79,1302001248751.0,45488327369.0,192809448.0,2026-09-08 04:39:43
3333,2026-08-17,Wells Fargo,WFC,Financials,Provider_A,USD,635.7,629492682198.0,11691110059.0,31878213.0,2026-09-08 08:41:25
3334,2026-08-17,Wells Fargo,WFC,Financials,Provider_B,USD,635.29,629086973788.0,11683575132.0,31857667.0,2026-09-08 14:37:57
3335,2026-08-17,Wells Fargo,WFC,Financials,Provider_C,USD,634.66,628460153543.0,11671933655.0,31825924.0,2026-09-08 08:41:44
3336,2026-08-17,Wells Fargo,WFC,Financials,Provider_D,USD,636.51,630293623466.0,11705985359.0,31918773.0,2026-09-08 20:30:17
3489,2026-08-18,AMD,AMD,Technology,Provider_A,USD,107.85,1465617159680.0,403066767558.0,125175412.0,2026-09-08 16:35:04
3490,2026-08-18,AMD,AMD,Technology,Provider_B,USD,108.12,1469331941943.0,,125492684.0,2026-09-08 05:37:45
3491,2026-08-18,AMD,AMD,Technology,Provider_C,USD,107.73,1463999717723.0,402621946687.0,125037270.0,2026-09-08 16:18:05
3492,2026-08-18,AMD,AMD,Technology,Provider_D,USD,108.23,1470782163421.0,404487221289.0,125616545.0,2026-09-08 04:47:27
3581,2026-08-18,AT&T,T,Communication,Provider_A,USD,287.83,919417397874.0,383520724730.0,47023231.0,2026-09-08 16:27:05
3582,2026-08-18,AT&T,T,Communication,Provider_B,USD,286.86,916322757086.0,382229843265.0,46864956.0,2026-09-08 09:03:04
3583,2026-08-18,AT&T,T,Communication,Provider_C,USD,287.76,919186489338.0,383424404811.0,47011421.0,2026-09-08 20:02:05
3584,2026-08-18,AT&T,T,Communication,Provider_D,GBP,287.86,919498611906.0,383554601905.0,47027384.0,2026-09-08 00:54:47
3517,2026-08-18,AbbVie Inc.,ABBV,Healthcare,Provider_A,USD,667.0,3912468175999.0,380404548436.0,216065507.0,2026-09-08 13:06:11
3518,2026-08-18,AbbVie Inc.,ABBV,Healthcare,Provider_B,USD,665.85,3905698972504.0,379746386968.0,215691678.0,2026-09-08 04:51:21
3519,2026-08-18,AbbVie Inc.,ABBV,Healthcare,Provider_C,USD,666.04,3906838482590.0,379857180156.0,215754608.0,2026-09-08 17:55:02
3520,2026-08-18,AbbVie Inc.,ABBV,Healthcare,Provider_D,USD,666.95,3912196376486.0,380378121698.0,216050497.0,2026-09-08 17:45:50
3477,2026-08-18,Adobe Inc.,ADBE,Technology,Provider_A,USD,36.78,2386780709612.0,438431471268.0,184509183.0,2026-09-08 17:06:07
3478,2026-08-18,Adobe Inc.,ADBE,Technology,Provider_B,USD,36.68,2381069174913.0,437382310551.0,184067655.0,2026-09-08 23:46:31
3479,2026-08-18,Adobe Inc.,ADBE,Technology,Provider_C,USD,36.76,2386161333184.0,438317697046.0,184461302.0,2026-09-08 17:41:22
3480,2026-08-18,Adobe Inc.,ADBE,Technology,Provider_D,USD,36.62,2377018053347.0,436638153712.0,183754484.0,2026-09-08 07:09:08
3417,2026-08-18,Alphabet Inc.,GOOGL,Communication,Provider_A,USD,475.14,2360758572850.0,322298301976.0,,2026-09-08 04:54:44
3418,2026-08-18,Alphabet Inc.,GOOGL,Communication,Provider_B,USD,475.15,2360797943051.0,322303676921.0,156056268.0,2026-09-08 19:49:27
7603,2026-08-18,Alphabet Inc.,GOOGL,Communication,Provider_B,USD,475.15,2360797943051.0,322303676921.0,156056268.0,2026-09-08 19:49:27
3419,2026-08-18,Alphabet Inc.,GOOGL,Communication,Provider_C,USD,474.13,2366057441284.0,323021720422.0,156403937.0,2026-09-08 20:42:16
3420,2026-08-18,Alphabet Inc.,GOOGL,Communication,Provider_D,USD,475.43,2362185959577.0,322493173372.0,156148020.0,2026-09-08 22:11:29
3413,2026-08-18,Amazon.com Inc.,AMZN,Consumer,Provider_A,USD,66.68,1656029895016.0,127089831111.0,235262402.0,2026-09-08 14:41:17
3414,2026-08-18,Amazon.com Inc.,AMZN,Consumer,Provider_B,USD,66.58,1653752420346.0,126915049320.0,234938855.0,2026-09-08 11:39:58
3415,2026-08-18,Amazon.com Inc.,AMZN,Consumer,Provider_C,USD,66.61,1654406135793.0,126965217850.0,235031725.0,2026-09-08 21:44:30
3416,2026-08-18,Amazon.com Inc.,AMZN,Consumer,Provider_D,USD,66.91,1661838028616.0,127535568667.0,236087530.0,2026-09-08 10:34:53
3401,2026-08-18,Apple Inc.,AAPL,Technology,Provider_A,USD,703.63,1865857219513.0,50205406923.0,216848545.0,2026-09-08 01:52:31
3402,2026-08-18,Apple Inc.,AAPL,Technology,Provider_B,USD,702.01,1861578127374.0,50090267586.0,216351232.0,2026-09-08 20:18:22
3403,2026-08-18,Apple Inc.,AAPL,Technology,Provider_C,USD,701.59,1860464919453.0,50060314031.0,216221856.0,2026-09-08 15:09:41
3404,2026-08-18,Apple Inc.,AAPL,Technology,Provider_D,USD,702.87,1863853452727.0,50151490725.0,216615669.0,2026-09-08 03:43:10
3529,2026-08-18,Bank of America,BAC,Financials,Provider_A,USD,62.24,358601657379.0,173668191531.0,19568119.0,2026-09-08 10:19:45
3530,2026-08-18,Bank of America,BAC,Financials,Provider_B,USD,62.33,359105673461.0,173912282878.0,19595622.0,2026-09-08 16:00:33
3531,2026-08-18,Bank of America,BAC,Financials,Provider_C,USD,62.13,357962322151.0,173358566100.0,19533232.0,2026-09-08 22:12:23
3532,2026-08-18,Bank of America,BAC,Financials,Provider_D,USD,62.41,359548051049.0,174126523147.0,19619762.0,2026-09-08 11:00:28
3537,2026-08-18,Berkshire Hathaway,BRK.B,Financials,Provider_A,USD,510.58,1789022465265.0,41333210549.0,194772521.0,2026-09-08 07:20:00
3538,2026-08-18,Berkshire Hathaway,BRK.B,Financials,Provider_B,USD,506.4,1783878312139.0,41214361083.0,194212472.0,2026-09-08 18:29:10
3539,2026-08-18,Berkshire Hathaway,BRK.B,Financials,Provider_C,USD,507.35,1787211583817.0,41291372313.0,194575368.0,2026-09-08 21:59:35
3540,2026-08-18,Berkshire Hathaway,BRK.B,Financials,Provider_D,USD,507.23,1786794390154.0,41281733555.0,194529948.0,2026-09-08 06:57:39
3557,2026-08-18,Boeing Co.,BA,Industrials,Provider_A,USD,591.17,724106023697.0,269118379407.0,142871511.0,2026-09-08 23:29:14
3558,2026-08-18,Boeing Co.,BA,Industrials,Provider_B,USD,590.87,723744592024.0,268984051141.0,142800198.0,2026-09-08 15:00:45
3559,2026-08-18,Boeing Co.,BA,Industrials,Provider_C,USD,590.51,723293235832.0,268816301885.0,142711142.0,2026-09-08 04:45:47
7683,2026-08-18,Boeing Co.,BA,Industrials,Provider_C,USD,590.51,723293235832.0,268816301885.0,142711142.0,2026-09-08 04:45:47
3560,2026-08-18,Boeing Co.,BA,Industrials,Provider_D,USD,588.77,724386251403.0,269222527727.0,142926802.0,2026-09-08 13:01:09
3465,2026-08-18,Broadcom Inc.,AVGO,Technology,Provider_A,USD,667.45,1320318301209.0,298152436273.0,91399338.0,2026-09-08 09:09:36
3466,2026-08-18,Broadcom Inc.,AVGO,Technology,Provider_B,USD,669.1,1323571513218.0,298887072069.0,91624542.0,2026-09-08 12:32:40
3467,2026-08-18,Broadcom Inc.,AVGO,Technology,Provider_C,USD,668.18,1321743000114.0,298474159792.0,91497963.0,2026-09-08 14:04:03
3468,2026-08-18,Broadcom Inc.,AVGO,Technology,Provider_D,USD,667.41,1320225231633.0,298131419432.0,91392895.0,2026-09-08 03:21:22
3561,2026-08-18,Caterpillar Inc.,CAT,Industrials,Provider_A,USD,334.9,3382008919897.0,328171909019.0,215167104.0,2026-09-08 04:20:33
3562,2026-08-18,Caterpillar Inc.,CAT,Industrials,Provider_B,USD,334.56,3378564078829.0,327837640217.0,214947939.0,2026-09-08 04:37:40
3563,2026-08-18,Caterpillar Inc.,CAT,Industrials,Provider_C,USD,334.57,3378658838109.0,327846835147.0,214953968.0,2026-09-08 00:47:32
3564,2026-08-18,Caterpillar Inc.,CAT,Industrials,Provider_D,USD,333.44,3367253992026.0,326740170381.0,214228379.0,2026-09-08 03:52:38
3453,2026-08-18,Chevron Corp.,CVX,Energy,Provider_A,USD,224.57,3983644094194.0,395182978581.0,374970872.0,2026-09-08 15:35:04
3454,2026-08-18,Chevron Corp.,CVX,Energy,Provider_B,USD,224.75,3986865653390.0,395502561688.0,375274110.0,2026-09-08 17:11:14
3455,2026-08-18,Chevron Corp.,CVX,Energy,Provider_C,USD,224.75,3986936254085.0,395509565374.0,375280756.0,2026-09-08 08:37:20
3456,2026-08-18,Chevron Corp.,CVX,Energy,Provider_D,USD,225.35,5219346197963.685,396555067186.0,376272784.0,2026-09-08 17:05:40
3493,2026-08-18,Cisco Systems,CSCO,Technology,Provider_A,USD,74.21,882324101603.0,119798454252.0,118171358.0,2026-09-08 13:59:54
3494,2026-08-18,Cisco Systems,CSCO,Technology,Provider_B,USD,74.24,882646734455.0,119842260056.0,118214569.0,2026-09-08 05:06:43
3495,2026-08-18,Cisco Systems,CSCO,Technology,Provider_C,USD,-74.31,883425287777.0,119947968927.0,118318842.0,2026-09-08 14:01:52
3496,2026-08-18,Cisco Systems,CSCO,Technology,Provider_D,USD,74.3,883291635522.0,119929822156.0,118300942.0,2026-09-08 19:26:02
3441,2026-08-18,Coca-Cola,KO,Consumer,Provider_A,USD,458.11,2821444036365.0,215565062380.0,,2026-09-08 21:28:59
3442,2026-08-18,Coca-Cola,KO,Consumer,Provider_B,INR,457.14,2815448817894.0,215107013372.0,131039620.0,2026-09-08 02:21:20
3443,2026-08-18,Coca-Cola,KO,Consumer,Provider_C,USD,458.84,2825934936615.0,215908177884.0,131527677.0,2026-09-08 05:19:28
3444,2026-08-18,Coca-Cola,KO,Consumer,Provider_D,USD,458.3,2822591181306.0,215652706993.0,131372048.0,2026-09-08 23:57:13
3589,2026-08-18,Comcast,CMCSA,Communication,Provider_A,USD,624.96,366477610276.0,173560471053.0,22574851.0,2026-09-08 13:08:27
3590,2026-08-18,Comcast,CMCSA,Communication,Provider_B,USD,626.93,442611278396.6963,174109607011.0,22646276.0,2026-09-08 03:16:20
3591,2026-08-18,Comcast,CMCSA,Communication,Provider_C,USD,625.49,366791962092.0,173709345221.0,22594215.0,2026-09-08 20:14:56
3592,2026-08-18,Comcast,CMCSA,Communication,Provider_D,USD,625.52,366808013089.0,173716946827.0,22595203.0,2026-09-08 13:35:31
3549,2026-08-18,ConocoPhillips,COP,Energy,Provider_A,USD,294.02,206762489371.0,447051336008.0,24053999.0,2026-09-08 18:11:03
3550,2026-08-18,ConocoPhillips,COP,Energy,Provider_B,USD,294.52,207115159252.0,447813860882.0,24095027.0,2026-09-08 21:49:25
3551,2026-08-18,ConocoPhillips,COP,Energy,Provider_C,USD,294.13,206842770257.0,447224915256.0,24063338.0,2026-09-08 05:35:53
3552,2026-08-18,ConocoPhillips,COP,Energy,Provider_D,USD,293.49,206388193388.0,446242052274.0,24010454.0,2026-09-08 19:29:26
3545,2026-08-18,Duke Energy,DUK,Utilities,Provider_A,USD,658.59,298430446910.0,389871534169.0,42710278.0,2026-09-08 19:50:59
3546,2026-08-18,Duke Energy,DUK,Utilities,Provider_B,USD,659.71,422384523744.1784,390529556949.0,42782364.0,2026-09-08 09:45:47
3547,2026-08-18,Duke Energy,DUK,Utilities,Provider_C,USD,658.79,298519854590.0,389988336960.0,42723073.0,2026-09-08 01:31:22
3548,2026-08-18,Duke Energy,DUK,Utilities,Provider_D,USD,661.14,299583864062.0,391378366059.0,42875351.0,2026-09-08 17:28:21
3449,2026-08-18,Exxon Mobil,XOM,Energy,Provider_A,USD,46.19,1400714135308.0,96065315645.0,99624557.0,2026-09-08 10:47:42
3450,2026-08-18,Exxon Mobil,XOM,Energy,Provider_B,USD,46.25,1402449696811.0,96184345831.0,99747997.0,2026-09-08 00:23:29
3451,2026-08-18,Exxon Mobil,XOM,Energy,Provider_C,USD,46.23,1401917713753.0,96147860785.0,99710160.0,2026-09-08 12:37:34
3452,2026-08-18,Exxon Mobil,XOM,Energy,Provider_D,USD,46.2,1401107277098.0,96092278528.0,99652519.0,2026-09-08 18:53:31
3521,2026-08-18,Goldman Sachs,GS,Financials,Provider_A,USD,672.74,3767841968318.0,100239178653.0,296092994.0,2026-09-08 07:57:21
3522,2026-08-18,Goldman Sachs,GS,Financials,Provider_B,USD,670.79,3756874655528.0,99947405688.0,295231136.0,2026-09-08 18:24:51
3523,2026-08-18,Goldman Sachs,GS,Financials,Provider_C,USD,673.31,3770982434204.0,100322727200.0,296339785.0,2026-09-08 16:43:40
3524,2026-08-18,Goldman Sachs,GS,Financials,Provider_D,USD,672.5,3766460534680.0,100202427172.0,295984435.0,2026-09-08 11:37:03
3573,2026-08-18,Home Depot,HD,Consumer,Provider_A,USD,282.7,1336592549089.0,179330493834.0,55798699.0,2026-09-08 02:04:04
3574,2026-08-18,Home Depot,HD,Consumer,Provider_B,USD,283.11,1928716721066.712,179595301988.0,55881094.0,2026-09-08 04:27:51
3575,2026-08-18,Home Depot,HD,Consumer,Provider_C,USD,283.59,1340795400629.0,179894390021.0,55974156.0,2026-09-08 14:52:37
3576,2026-08-18,Home Depot,HD,Consumer,Provider_D,USD,283.67,1341185921525.0,179946786172.0,55990459.0,2026-09-08 23:33:44
3485,2026-08-18,Intel Corp.,INTC,Technology,Provider_A,USD,180.08,2200407963383.0,208011383550.0,137730041.0,2026-09-08 04:09:20
3486,2026-08-18,Intel Corp.,INTC,Technology,Provider_B,USD,180.36,2203797814427.0,208331836674.0,137942222.0,2026-09-08 14:16:36
3487,2026-08-18,Intel Corp.,INTC,Technology,Provider_C,USD,180.16,2201288113633.0,208094586881.0,137785133.0,2026-09-08 15:10:39
3488,2026-08-18,Intel Corp.,INTC,Technology,Provider_D,USD,179.9,2198188206388.0,207801543042.0,137591100.0,2026-09-08 12:55:11
3429,2026-08-18,JPMorgan Chase,JPM,Financials,Provider_A,USD,740.86,2177358697380.0,165956230061.0,406642336.0,2026-09-08 19:24:59
3430,2026-08-18,JPMorgan Chase,JPM,Financials,Provider_B,USD,737.53,2167585156517.0,165211299978.0,404817035.0,2026-09-08 02:07:05
3431,2026-08-18,JPMorgan Chase,JPM,Financials,Provider_C,USD,740.22,2175486421692.0,165813526971.0,406292671.0,2026-09-08 14:53:56
3432,2026-08-18,JPMorgan Chase,JPM,Financials,Provider_D,USD,739.12,2172253186096.0,165567092798.0,405688834.0,2026-09-08 02:51:04
3445,2026-08-18,Johnson & Johnson,JNJ,Healthcare,Provider_A,USD,561.31,1613688319117.2988,293103241261.0,262262916.0,2026-09-08 15:52:17
3446,2026-08-18,Johnson & Johnson,JNJ,Healthcare,Provider_B,USD,560.49,1398914034199.0,292672253731.0,261877277.0,2026-09-08 13:36:05
3447,2026-08-18,Johnson & Johnson,JNJ,Healthcare,Provider_C,USD,560.62,1399250934414.0,292742737937.0,261940345.0,2026-09-08 13:03:44
3448,2026-08-18,Johnson & Johnson,JNJ,Healthcare,Provider_D,USD,560.62,1399245869813.0,292741678353.0,261939397.0,2026-09-08 08:47:28
3553,2026-08-18,Lockheed Martin,LMT,Industrials,Provider_A,USD,476.18,3917926378922.0,141068933251.0,968154919.0,2026-09-08 17:33:16
3554,2026-08-18,Lockheed Martin,LMT,Industrials,Provider_B,USD,475.34,3910992668425.0,140819277937.0,966441537.0,2026-09-08 09:55:39
3555,2026-08-18,Lockheed Martin,LMT,Industrials,Provider_C,USD,475.49,3912237092280.0,140864084686.0,966749045.0,2026-09-08 15:27:55
3556,2026-08-18,Lockheed Martin,LMT,Industrials,Provider_D,USD,475.18,3909648523865.0,140770880641.0,966109387.0,2026-09-08 11:29:46
3577,2026-08-18,Lowe's,LOW,Consumer,Provider_A,USD,402.19,-1023683535363.0,329113517172.0,149527483.0,2026-09-08 11:36:25
3578,2026-08-18,Lowe's,LOW,Consumer,Provider_B,USD,403.5,1027026969267.0,330188428757.0,150015852.0,2026-09-08 21:53:09
3579,2026-08-18,Lowe's,LOW,Consumer,Provider_C,USD,402.22,1023751991149.0,329135525658.0,149537483.0,2026-09-08 03:26:38
3580,2026-08-18,Lowe's,LOW,Consumer,Provider_D,USD,402.13,1023544215272.0,329068725864.0,149507133.0,2026-09-08 14:52:44
3461,2026-08-18,Mastercard Inc.,MA,Financials,Provider_A,USD,641.15,2005156045317.0,421474442216.0,443498803.0,2026-09-08 11:15:14
3462,2026-08-18,Mastercard Inc.,MA,Financials,Provider_B,USD,640.49,2003111515644.0,421044691621.0,443046596.0,2026-09-08 00:52:58
3463,2026-08-18,Mastercard Inc.,MA,Financials,Provider_C,USD,641.09,2004973407583.0,421436052617.0,443458408.0,2026-09-08 09:51:34
3464,2026-08-18,Mastercard Inc.,MA,Financials,Provider_D,USD,641.49,2006236733659.0,421701597862.0,443737829.0,2026-09-08 23:03:47
3501,2026-08-18,McDonald's,MCD,Consumer,Provider_A,USD,598.73,1221125052600.0,441689632719.0,146499285.0,2026-09-08 02:44:01
3502,2026-08-18,McDonald's,MCD,Consumer,Provider_B,USD,600.85,1225446924011.0,443252884404.0,147017783.0,2026-09-08 13:36:05
3503,2026-08-18,McDonald's,MCD,Consumer,Provider_C,USD,600.97,1225689783001.0,443340728231.0,147046919.0,2026-09-08 23:53:17
3504,2026-08-18,McDonald's,MCD,Consumer,Provider_D,USD,601.22,1559938199683.0776,443524335290.0,147107817.0,2026-09-08 13:45:41
3513,2026-08-18,Merck & Co.,MRK,Healthcare,Provider_A,USD,163.73,1990420366411.0,58301995156.0,210545584.0,2026-09-08 14:44:50
3514,2026-08-18,Merck & Co.,MRK,Healthcare,Provider_B,USD,164.05,1994350769875.0,58417121773.0,210961340.0,2026-09-08 08:21:11
3515,2026-08-18,Merck & Co.,MRK,Healthcare,Provider_C,USD,164.22,1996434013391.0,58478142679.0,211181705.0,2026-09-08 20:22:30
3516,2026-08-18,Merck & Co.,MRK,Healthcare,Provider_D,USD,164.35,1997940364122.0,58522265646.0,211341045.0,2026-09-08 03:27:33
3421,2026-08-18,Meta Platforms,META,Communication,Provider_A,GBP,317.88,1720257459022.0,292576639332.0,81625434.0,2026-09-08 20:53:21
3422,2026-08-18,Meta Platforms,META,Communication,Provider_B,USD,319.17,1727243253040.0,293764763892.0,81956907.0,2026-09-08 21:30:37
3423,2026-08-18,Meta Platforms,META,Communication,Provider_C,USD,317.9,1720344210723.0,292591393822.0,81629551.0,2026-09-08 11:25:58
3424,2026-08-18,Meta Platforms,META,Communication,Provider_D,USD,317.85,1720093264635.0,292548713604.0,81617643.0,2026-09-08 00:47:59
3405,2026-08-18,Microsoft Corp.,MSFT,Technology,Provider_A,USD,220.11,3044576230851.0,65019174021.0,673053127.0,2026-09-08 03:53:33
3406,2026-08-18,Microsoft Corp.,MSFT,Technology,Provider_B,USD,219.27,3032905510914.0,64769937177.0,670473125.0,2026-09-08 01:54:40
3407,2026-08-18,Microsoft Corp.,MSFT,Technology,Provider_C,USD,220.76,3053545411432.0,65210717496.0,675035911.0,2026-09-08 06:41:56
3408,2026-08-18,Microsoft Corp.,MSFT,Technology,Provider_D,USD,220.18,3045542572504.0,65039810960.0,673266753.0,2026-09-08 09:52:35
3525,2026-08-18,Morgan Stanley,MS,Financials,Provider_A,USD,71.87,1924888243417.0,229972455798.0,126781844.0,2026-09-08 01:27:53
3526,2026-08-18,Morgan Stanley,MS,Financials,Provider_B,USD,72.09,1930890958824.0,230689619097.0,127177210.0,2026-09-08 03:25:19
3527,2026-08-18,Morgan Stanley,MS,Financials,Provider_C,USD,71.86,1924790164116.0,229960737955.0,126775384.0,2026-09-08 09:52:45
3528,2026-08-18,Morgan Stanley,MS,Financials,Provider_D,USD,71.99,1928136845517.0,230360576514.0,126995811.0,2026-09-08 13:28:52
3409,2026-08-18,NVIDIA Corp.,NVDA,Technology,Provider_A,USD,214.15,211774623451.0,257757746585.0,44414741.0,2026-09-08 21:15:40
3410,2026-08-18,NVIDIA Corp.,NVDA,Technology,Provider_B,USD,214.05,211674085286.0,257635378331.0,44393655.0,2026-09-08 21:33:02
3411,2026-08-18,NVIDIA Corp.,NVDA,Technology,Provider_C,USD,213.86,211486867909.0,257407510003.0,44354391.0,2026-09-08 09:17:57
3412,2026-08-18,NVIDIA Corp.,NVDA,Technology,Provider_D,USD,213.86,211481029262.0,257400403596.0,44353166.0,2026-09-08 15:54:39
3473,2026-08-18,Netflix Inc.,NFLX,Communication,Provider_A,USD,261.77,1714766947123.0,140259690474.0,105231876.0,2026-09-08 08:33:51
3474,2026-08-18,Netflix Inc.,NFLX,Communication,Provider_B,USD,262.19,1717498335577.0,140483104916.0,105399496.0,2026-09-08 06:29:41
3475,2026-08-18,Netflix Inc.,NFLX,Communication,Provider_C,USD,261.58,1713543641233.0,140159629935.0,105156804.0,2026-09-08 23:42:32
3476,2026-08-18,Netflix Inc.,NFLX,Communication,Provider_D,USD,262.22,1717722167596.0,140501413298.0,105413232.0,2026-09-08 23:49:51
3541,2026-08-18,NextEra Energy,NEE,Utilities,Provider_A,USD,47.24,2638106803319.0,414783714862.0,437808934.0,2026-09-08 06:35:09
3542,2026-08-18,NextEra Energy,NEE,Utilities,Provider_B,USD,47.33,2643241648381.0,415591055228.0,438661091.0,2026-09-08 18:52:00
3543,2026-08-18,NextEra Energy,NEE,Utilities,Provider_C,USD,47.27,3187947703035.219,415036623612.0,438075883.0,2026-09-08 17:30:58
3544,2026-08-18,NextEra Energy,NEE,Utilities,Provider_D,USD,47.27,2639401105973.0,414987215214.0,438023731.0,2026-09-08 12:25:13
3505,2026-08-18,Nike Inc.,NKE,Consumer,Provider_A,USD,411.85,1103088088605.0,358105530216.0,245126342.0,2026-09-08 11:54:42
3506,2026-08-18,Nike Inc.,NKE,Consumer,Provider_B,USD,411.64,1102531151790.0,357924726747.0,245002581.0,2026-09-08 21:12:10
3507,2026-08-18,Nike Inc.,NKE,Consumer,Provider_C,USD,413.96,1108730319309.0,359937218945.0,,2026-09-08 15:02:18
3508,2026-08-18,Nike Inc.,NKE,Consumer,Provider_D,USD,413.24,1106802173305.0,359311267351.0,245951680.0,2026-09-08 11:53:48
3469,2026-08-18,Oracle Corp.,ORCL,Technology,Provider_A,USD,555.46,1534026403532.0,367762547306.0,378191579.0,2026-09-08 17:53:52
3470,2026-08-18,Oracle Corp.,ORCL,Technology,Provider_B,USD,554.91,1532503446671.0,367397438535.0,377816117.0,2026-09-08 12:40:26
3471,2026-08-18,Oracle Corp.,ORCL,Technology,Provider_C,USD,557.88,1540696324253.0,,379835950.0,2026-09-08 00:28:56
3472,2026-08-18,Oracle Corp.,ORCL,Technology,Provider_D,USD,555.94,1535334372519.0,368076115577.0,378514040.0,2026-09-08 17:08:15
3497,2026-08-18,PepsiCo,PEP,Consumer,Provider_A,USD,235.77,3336599628307.0,409091003709.0,589808947.0,2026-09-08 23:47:36
3498,2026-08-18,PepsiCo,PEP,Consumer,Provider_B,USD,235.59,-3333953733139.0,408766598017.0,589341233.0,2026-09-08 14:11:41
3499,2026-08-18,PepsiCo,PEP,Consumer,Provider_C,USD,235.83,3337445924140.0,409194765637.0,589958546.0,2026-09-08 04:16:13
3500,2026-08-18,PepsiCo,PEP,Consumer,Provider_D,USD,235.33,3330288755998.0,408317245579.0,588693377.0,2026-09-08 20:39:43
3509,2026-08-18,Pfizer Inc.,PFE,Healthcare,Provider_A,USD,235.3,3732429661603.0,199404627830.0,229579314.0,2026-09-08 16:20:00
3510,2026-08-18,Pfizer Inc.,PFE,Healthcare,Provider_B,USD,235.93,3742390348765.0,199936776403.0,230191990.0,2026-09-08 18:53:36
3511,2026-08-18,Pfizer Inc.,PFE,Healthcare,Provider_C,USD,235.88,3741525318346.0,199890562252.0,230138782.0,2026-09-08 13:41:37
3512,2026-08-18,Pfizer Inc.,PFE,Healthcare,Provider_D,USD,235.29,3740273994298.0,199823710407.0,230061814.0,2026-09-08 21:11:56
3457,2026-08-18,Procter & Gamble,PG,Consumer,Provider_A,USD,682.13,3131300512890.0,65424929331.0,592524965.0,2026-09-08 07:38:00
3458,2026-08-18,Procter & Gamble,PG,Consumer,Provider_B,USD,682.7,3133907037943.0,65479389679.0,593018189.0,2026-09-08 04:39:40
3459,2026-08-18,Procter & Gamble,PG,Consumer,Provider_C,USD,697.35,3138735070410.0,65580265875.0,593931780.0,2026-09-08 22:15:48
3460,2026-08-18,Procter & Gamble,PG,Consumer,Provider_D,USD,683.87,3139273488428.0,65591515501.0,594033663.0,2026-09-08 22:25:00
3593,2026-08-18,Qualcomm,QCOM,Technology,Provider_A,USD,465.22,2443395346828.0,60155237376.0,515704076.0,2026-09-08 20:34:52
3594,2026-08-18,Qualcomm,QCOM,Technology,Provider_B,USD,464.61,2440227411923.0,60077244317.0,515035450.0,2026-09-08 15:14:40
3595,2026-08-18,Qualcomm,QCOM,Technology,Provider_C,USD,465.19,2443269242013.0,60152132735.0,515677460.0,2026-09-08 09:52:12
3596,2026-08-18,Qualcomm,QCOM,Technology,Provider_D,USD,232.67,2444024521684.0,60170727363.0,515836870.0,2026-09-08 23:25:42
3481,2026-08-18,Salesforce Inc.,CRM,Technology,Provider_A,USD,566.32,3262261724136.0,55503512636.0,571886277.0,2026-09-08 14:32:43
3482,2026-08-18,Salesforce Inc.,CRM,Technology,Provider_B,USD,566.8,3265041995614.0,55550815656.0,572373669.0,2026-09-08 09:00:38
3483,2026-08-18,Salesforce Inc.,CRM,Technology,Provider_C,USD,567.96,3271695021707.0,,573539968.0,2026-09-08 22:04:36
3484,2026-08-18,Salesforce Inc.,CRM,Technology,Provider_D,USD,567.51,3269148827852.0,55620688534.0,573093611.0,2026-09-08 07:19:55
3425,2026-08-18,Tesla Inc.,TSLA,Automotive,Provider_A,USD,421.03,3213537611309.0,185221943663.0,330278721.0,2026-09-08 09:03:19
3426,2026-08-18,Tesla Inc.,TSLA,Automotive,Provider_B,USD,1052.175,3212368326569.0,185154548406.0,330158546.0,2026-09-08 16:15:22
3427,2026-08-18,Tesla Inc.,TSLA,Automotive,Provider_C,USD,421.66,3218359693612.0,185499878937.0,330774322.0,2026-09-08 00:24:38
3428,2026-08-18,Tesla Inc.,TSLA,Automotive,Provider_D,USD,-421.26,3215298072867.0,185323413180.0,330459657.0,2026-09-08 01:33:11
3597,2026-08-18,Texas Instruments,TXN,Technology,Provider_A,USD,137.68,3684391398240.0,312459144848.0,668617401.0,2026-09-08 04:45:56
3598,2026-08-18,Texas Instruments,TXN,Technology,Provider_B,USD,137.92,3690929216520.0,313013592215.0,669803838.0,2026-09-08 21:54:06
3599,2026-08-18,Texas Instruments,TXN,Technology,Provider_C,USD,137.45,3678376056163.0,311949006690.0,667525779.0,2026-09-08 14:58:03
3600,2026-08-18,Texas Instruments,TXN,Technology,Provider_D,USD,137.63,3682987228029.0,312340062543.0,668362582.0,2026-09-08 09:54:18
3569,2026-08-18,UPS,UPS,Industrials,Provider_A,USD,63.75,2104056511762.0,96089737975.0,132497431.0,2026-09-08 03:32:15
3570,2026-08-18,UPS,UPS,Industrials,Provider_B,USD,127.29,2100590973423.0,95931470995.0,132279198.0,2026-09-08 03:54:06
3571,2026-08-18,UPS,UPS,Industrials,Provider_C,USD,127.62,2106018679170.0,96179347808.0,132620993.0,2026-09-08 15:43:28
3572,2026-08-18,UPS,UPS,Industrials,Provider_D,USD,127.3,2100738251829.0,95938197023.0,132288472.0,INVALID_TIMESTAMP
3565,2026-08-18,Union Pacific,UNP,Industrials,Provider_A,USD,125.05,3550972406022.0,378939116505.0,872335216.0,2026-09-08 06:22:52
3566,2026-08-18,Union Pacific,UNP,Industrials,Provider_B,USD,125.15,3553977537690.0,379259806673.0,873073460.0,2026-09-08 14:02:05
3567,2026-08-18,Union Pacific,UNP,Industrials,Provider_C,USD,125.03,3550428905339.0,378881117274.0,872201699.0,2026-09-08 11:11:06
3568,2026-08-18,Union Pacific,UNP,Industrials,Provider_D,USD,125.15,4275639675045.744,379257725961.0,873068670.0,2026-09-08 23:01:13
3585,2026-08-18,Verizon,VZ,Communication,Provider_A,USD,652.07,3868229539847.0,30258453844.0,437069265.0,2026-09-08 10:51:36
3586,2026-08-18,Verizon,VZ,Communication,Provider_B,USD,650.93,3861479513585.0,30205653111.0,436306583.0,2026-09-08 09:09:23
3587,2026-08-18,Verizon,VZ,Communication,Provider_C,USD,651.01,3861996012381.0,,436364942.0,2026-09-08 16:04:28
3588,2026-08-18,Verizon,VZ,Communication,Provider_D,USD,,3863185631335.0,30218998876.0,436499357.0,2026-09-08 22:34:36
3433,2026-08-18,Visa Inc.,V,Financials,Provider_A,USD,133.64,1090572846397.0,76339017285.0,103536099.0,2026-09-08 11:27:41
3434,2026-08-18,Visa Inc.,V,Financials,Provider_B,USD,133.04,1085664690460.0,75995451239.0,103070132.0,2026-09-08 17:35:40
3435,2026-08-18,Visa Inc.,V,Financials,Provider_C,USD,133.37,1088346320242.0,76183162663.0,103324719.0,2026-09-08 12:37:14
3436,2026-08-18,Visa Inc.,V,Financials,Provider_D,USD,133.69,1090985587174.0,76367908730.0,103575284.0,2026-09-08 18:59:36
3437,2026-08-18,Walmart Inc.,WMT,Consumer,Provider_A,USD,683.68,1301096913110.0,45479971804.0,59789596.0,2026-09-08 15:42:44
3438,2026-08-18,Walmart Inc.,WMT,Consumer,Provider_B,USD,685.37,1304307794984.0,45592208498.0,59937146.0,2026-09-08 01:01:51
3439,2026-08-18,Walmart Inc.,WMT,Consumer,Provider_C,USD,684.89,1303400925455.0,45560508784.0,59895473.0,2026-09-08 13:01:48
3440,2026-08-18,Walmart Inc.,WMT,Consumer,Provider_D,USD,684.04,1301787168477.0,45504099748.0,59821315.0,2026-09-08 03:12:31
3533,2026-08-18,Wells Fargo,WFC,Financials,Provider_A,USD,629.86,628204339429.0,11673062809.0,31015127.0,2026-09-08 15:13:41
3534,2026-08-18,Wells Fargo,WFC,Financials,Provider_B,USD,628.43,626778724927.0,11646572562.0,30944743.0,2026-09-08 13:10:59
3535,2026-08-18,Wells Fargo,WFC,Financials,Provider_C,USD,628.64,626992363499.0,11650542316.0,30955290.0,2026-09-08 16:36:36
3536,2026-08-18,Wells Fargo,WFC,Financials,Provider_D,USD,629.85,628196644455.0,11672919823.0,31014747.0,2026-09-08 20:29:25
3689,2026-08-19,AMD,AMD,Technology,Provider_A,USD,108.48,1466689218810.0,403425992984.0,67717824.0,2026-09-08 00:40:41
3690,2026-08-19,AMD,AMD,Technology,Provider_B,USD,108.58,1468150933782.0,403828050766.0,67785312.0,2026-09-08 15:26:14
3691,2026-08-19,AMD,AMD,Technology,Provider_C,USD,108.6,1468363023443.0,403886387925.0,67795105.0,2026-09-08 13:53:39
3692,2026-08-19,AMD,AMD,Technology,Provider_D,USD,108.6,1468367775960.0,403887695147.0,67795324.0,2026-09-08 12:38:00
3781,2026-08-19,AT&T,T,Communication,Provider_A,USD,288.43,924895900277.0,385205337806.0,114675357.0,2026-09-08 09:15:13
3782,2026-08-19,AT&T,T,Communication,Provider_B,USD,286.95,920139650405.0,383224430725.0,114085643.0,2026-09-08 08:06:39
3783,2026-08-19,AT&T,T,Communication,Provider_C,USD,100.5165,920908600636.0,383544687019.0,114180983.0,INVALID_TIMESTAMP
3784,2026-08-19,AT&T,T,Communication,Provider_D,USD,287.7,922533067315.0,384221253144.0,114382396.0,2026-09-08 19:06:28
3717,2026-08-19,AbbVie Inc.,ABBV,Healthcare,Provider_A,USD,659.66,3909355192516.0,380483740822.0,343533361.0,2026-09-08 12:14:02
3718,2026-08-19,AbbVie Inc.,ABBV,Healthcare,Provider_B,USD,658.38,3901747448122.0,379743305916.0,342864833.0,2026-09-08 00:27:23
3719,2026-08-19,AbbVie Inc.,ABBV,Healthcare,Provider_C,USD,658.51,3902542685103.0,379820703524.0,342934714.0,2026-09-08 15:18:48
3720,2026-08-19,AbbVie Inc.,ABBV,Healthcare,Provider_D,USD,657.83,3898492707545.0,379426533505.0,342578823.0,2026-09-08 10:46:43
3677,2026-08-19,Adobe Inc.,ADBE,Technology,Provider_A,INR,37.14,2377954076132.0,436947019309.0,123226688.0,2026-09-08 16:18:09
3678,2026-08-19,Adobe Inc.,ADBE,Technology,Provider_B,USD,37.18,2380454288210.0,437406431132.0,123356250.0,2026-09-08 09:48:26
3679,2026-08-19,Adobe Inc.,ADBE,Technology,Provider_C,USD,37.3,2387791273245.0,438754595831.0,123736456.0,2026-09-08 03:50:38
3680,2026-08-19,Adobe Inc.,ADBE,Technology,Provider_D,USD,37.17,2379588643270.0,437247369617.0,123311392.0,2026-09-08 18:21:07
3617,2026-08-19,Alphabet Inc.,GOOGL,Communication,Provider_A,USD,474.95,2366241059289.0,322281795814.0,556859881.0,2026-09-08 03:34:50
3618,2026-08-19,Alphabet Inc.,GOOGL,Communication,Provider_B,USD,474.83,2365628272317.0,322198334289.0,556715671.0,2026-09-08 07:16:11
3619,2026-08-19,Alphabet Inc.,GOOGL,Communication,Provider_C,USD,1189.075,2369592474630.0,322738258248.0,557648587.0,2026-09-08 12:56:44
3620,2026-08-19,Alphabet Inc.,GOOGL,Communication,Provider_D,USD,474.39,2363461119118.0,321903168240.0,556205663.0,2026-09-08 06:09:44
3613,2026-08-19,Amazon.com Inc.,AMZN,Consumer,Provider_A,USD,67.33,1657982032431.0,127322653264.0,63250976.0,2026-09-08 05:34:58
3614,2026-08-19,Amazon.com Inc.,AMZN,Consumer,Provider_B,USD,67.13,1653146979620.0,126951351440.0,63066522.0,2026-09-08 12:47:40
3615,2026-08-19,Amazon.com Inc.,AMZN,Consumer,Provider_C,USD,67.39,1659499938128.0,127439218931.0,63308883.0,2026-09-08 00:28:30
3616,2026-08-19,Amazon.com Inc.,AMZN,Consumer,Provider_D,USD,67.22,1655292413794.0,127116107370.0,63148369.0,2026-09-08 07:36:28
3601,2026-08-19,Apple Inc.,AAPL,Technology,Provider_A,USD,707.19,1861847061982.0,50065168297.0,200281290.0,2026-09-08 11:50:56
3602,2026-08-19,Apple Inc.,AAPL,Technology,Provider_B,USD,709.64,1868275918344.0,50238040593.0,200972851.0,2026-09-08 21:46:43
3603,2026-08-19,Apple Inc.,AAPL,Technology,Provider_C,USD,707.26,1862019722581.0,50069811150.0,200299863.0,2026-09-08 20:22:59
3604,2026-08-19,Apple Inc.,AAPL,Technology,Provider_D,USD,707.91,1863737556089.0,50116003786.0,200484653.0,2026-09-08 17:23:37
3729,2026-08-19,Bank of America,BAC,Financials,Provider_A,USD,62.78,358635928260.0,173657779108.0,15143061.0,2026-09-08 08:50:21
3730,2026-08-19,Bank of America,BAC,Financials,Provider_B,USD,62.98,359749025367.0,174196760165.0,15190060.0,2026-09-08 14:35:16
3731,2026-08-19,Bank of America,BAC,Financials,Provider_C,USD,62.69,358093537657.0,173395144107.0,15120159.0,2026-09-08 03:28:42
3732,2026-08-19,Bank of America,BAC,Financials,Provider_D,USD,62.9,359319711433.0,173988878861.0,15171933.0,2026-09-08 20:11:06
3737,2026-08-19,Berkshire Hathaway,BRK.B,Financials,Provider_A,USD,506.39,1785582444455.0,41321226665.0,200168372.0,2026-09-08 10:58:00
7617,2026-08-19,Berkshire Hathaway,BRK.B,Financials,Provider_A,USD,506.39,1785582444455.0,41321226665.0,200168372.0,2026-09-08 10:58:00
3738,2026-08-19,Berkshire Hathaway,BRK.B,Financials,Provider_B,USD,505.69,2484003244517.5425,41264298611.0,199892601.0,2026-09-08 12:49:28
3739,2026-08-19,Berkshire Hathaway,BRK.B,Financials,Provider_C,USD,506.24,1785054453434.0,41309008111.0,200109183.0,2026-09-08 03:21:22
3740,2026-08-19,Berkshire Hathaway,BRK.B,Financials,Provider_D,USD,507.95,1791104483890.0,41449015468.0,200787407.0,2026-09-08 04:27:38
3757,2026-08-19,Boeing Co.,BA,Industrials,Provider_A,USD,588.6,721843174112.0,268424411127.0,126167169.0,2026-09-08 16:59:00
3758,2026-08-19,Boeing Co.,BA,Industrials,Provider_B,USD,590.21,978341129553.4586,269157895667.0,126511928.0,2026-09-08 11:54:06
3759,2026-08-19,Boeing Co.,BA,Industrials,Provider_C,USD,589.67,723155143663.0,268912279776.0,126396482.0,2026-09-08 04:44:49
3760,2026-08-19,Boeing Co.,BA,Industrials,Provider_D,USD,590.6,724298427320.0,269337420933.0,126596310.0,2026-09-08 14:08:46
3665,2026-08-19,Broadcom Inc.,AVGO,Technology,Provider_A,USD,678.91,1322704573690.0,298748432659.0,328802396.0,2026-09-08 21:47:54
3666,2026-08-19,Broadcom Inc.,AVGO,Technology,Provider_B,USD,679.37,1323589971370.0,-298948410171.0,329022492.0,2026-09-08 09:11:49
3667,2026-08-19,Broadcom Inc.,AVGO,Technology,Provider_C,USD,676.24,1317501461936.0,297573248486.0,327508989.0,2026-09-08 07:19:31
3668,2026-08-19,Broadcom Inc.,AVGO,Technology,Provider_D,USD,678.05,1321028859188.0,298369952770.0,328385842.0,2026-09-08 07:23:58
3761,2026-08-19,Caterpillar Inc.,CAT,Industrials,Provider_A,USD,329.34,3370111901845.0,327297291383.0,512053709.0,2026-09-08 08:25:30
3762,2026-08-19,Caterpillar Inc.,CAT,Industrials,Provider_B,USD,330.46,3381609199550.0,328413881723.0,513800605.0,2026-09-08 10:43:11
3763,2026-08-19,Caterpillar Inc.,CAT,Industrials,Provider_C,USD,330.26,3379548733078.0,328213774096.0,513487538.0,2026-09-08 05:06:40
3764,2026-08-19,Caterpillar Inc.,CAT,Industrials,Provider_D,USD,330.36,3380506977160.0,328306836494.0,513633134.0,INVALID_TIMESTAMP
3653,2026-08-19,Chevron Corp.,CVX,Energy,Provider_A,USD,232.26,3977036472091.0,395361402761.0,163767356.0,2026-09-08 19:56:44
3654,2026-08-19,Chevron Corp.,CVX,Energy,Provider_B,USD,232.43,3979981904582.0,395654211321.0,163888643.0,2026-09-08 21:32:52
3655,2026-08-19,Chevron Corp.,CVX,Energy,Provider_C,USD,417.348,3970320445322.0,394693755435.0,163490802.0,2026-09-08 07:34:35
3656,2026-08-19,Chevron Corp.,CVX,Energy,Provider_D,USD,232.14,3975030752650.0,395162012069.0,163684764.0,2026-09-08 12:30:11
3693,2026-08-19,Cisco Systems,CSCO,Technology,Provider_A,USD,73.81,883516382285.0,119928574338.0,148561183.0,2026-09-08 00:55:08
3694,2026-08-19,Cisco Systems,CSCO,Technology,Provider_B,USD,73.64,881445509710.0,119647473952.0,148212971.0,2026-09-08 12:22:20
3695,2026-08-19,Cisco Systems,CSCO,Technology,Provider_C,USD,73.76,882827415072.0,119835053881.0,,2026-09-08 05:36:49
3696,2026-08-19,Cisco Systems,CSCO,Technology,Provider_D,USD,-73.48,879559643990.0,119391486410.0,147895867.0,2026-09-08 21:27:17
3641,2026-08-19,Coca-Cola,KO,Consumer,Provider_A,USD,1112.975,2811674630323.0,215294719763.0,205856147.0,2026-09-08 04:41:13
3642,2026-08-19,Coca-Cola,KO,Consumer,Provider_B,USD,445.7,2814920896980.0,215543291935.0,206093821.0,2026-09-08 04:19:22
3643,2026-08-19,Coca-Cola,KO,Consumer,Provider_C,USD,445.8,2815523622464.0,215589443652.0,206137950.0,2026-09-08 10:22:21
3644,2026-08-19,Coca-Cola,KO,Consumer,Provider_D,USD,445.92,2816319006830.0,215650347589.0,206196184.0,2026-09-08 13:13:19
3789,2026-08-19,Comcast,CMCSA,Communication,Provider_A,USD,611.32,367630247050.0,173918847398.0,86041175.0,2026-09-08 00:52:45
3790,2026-08-19,Comcast,CMCSA,Communication,Provider_B,USD,611.51,367742490445.0,173971947604.0,86067445.0,2026-09-08 03:07:38
3791,2026-08-19,Comcast,CMCSA,Communication,Provider_C,USD,611.33,367631531944.0,173919455257.0,86041475.0,2026-09-08 18:38:19
3792,2026-08-19,Comcast,CMCSA,Communication,Provider_D,USD,611.78,367907479707.0,174050000872.0,86106059.0,2026-09-08 14:28:14
3749,2026-08-19,ConocoPhillips,COP,Energy,Provider_A,USD,289.45,207272550442.0,447618891239.0,16135874.0,2026-09-08 01:39:31
3750,2026-08-19,ConocoPhillips,COP,Energy,Provider_B,USD,290.37,207935771781.0,449051161936.0,16187505.0,2026-09-08 02:50:43
3751,2026-08-19,ConocoPhillips,COP,Energy,Provider_C,USD,288.85,206845646345.0,446696963379.0,16102640.0,2026-09-08 16:57:41
3752,2026-08-19,ConocoPhillips,COP,Energy,Provider_D,USD,289.51,207320146491.0,447721678080.0,16139579.0,2026-09-08 21:46:42
3745,2026-08-19,Duke Energy,DUK,Utilities,Provider_A,USD,644.85,299012349556.0,389729767496.0,64298336.0,2026-09-08 15:23:15
3746,2026-08-19,Duke Energy,DUK,Utilities,Provider_B,USD,646.43,299747401936.0,390687827567.0,64456399.0,2026-09-08 06:32:50
3747,2026-08-19,Duke Energy,DUK,Utilities,Provider_C,USD,645.56,299343488596.0,390161370876.0,64369543.0,2026-09-08 02:23:53
3748,2026-08-19,Duke Energy,DUK,Utilities,Provider_D,USD,645.47,299298453055.0,390102671994.0,64359859.0,2026-09-08 20:55:52
3649,2026-08-19,Exxon Mobil,XOM,Energy,Provider_A,USD,45.57,1745378028954.235,96196236318.0,320635838.0,2026-09-08 10:39:13
3650,2026-08-19,Exxon Mobil,XOM,Energy,Provider_B,USD,45.7,1406523460461.0,96464430478.0,321529768.0,2026-09-08 12:12:30
3651,2026-08-19,Exxon Mobil,XOM,Energy,Provider_C,USD,-45.5,1400283851485.0,96036495685.0,320103400.0,2026-09-08 15:21:34
3652,2026-08-19,Exxon Mobil,XOM,Energy,Provider_D,USD,45.55,1402002040865.0,96154335283.0,320496176.0,2026-09-08 08:12:25
3721,2026-08-19,Goldman Sachs,GS,Financials,Provider_A,USD,682.83,3767734179654.0,100160710501.0,917023477.0,2026-09-08 07:18:23
3722,2026-08-19,Goldman Sachs,GS,Financials,Provider_B,USD,683.21,3769836089204.0,100216587254.0,917535058.0,2026-09-08 10:47:21
3723,2026-08-19,Goldman Sachs,GS,Financials,Provider_C,USD,683.8,3773080422826.0,100302833987.0,918324692.0,2026-09-08 07:43:12
3724,2026-08-19,Goldman Sachs,GS,Financials,Provider_D,USD,685.99,3785178093796.0,100624436112.0,921269127.0,2026-09-08 00:12:25
3773,2026-08-19,Home Depot,HD,Consumer,Provider_A,USD,290.72,1339340250806.0,179645657329.0,300610694.0,2026-09-08 19:26:31
3774,2026-08-19,Home Depot,HD,Consumer,Provider_B,USD,290.07,1336356141540.0,179245398866.0,299940920.0,2026-09-08 16:00:47
3775,2026-08-19,Home Depot,HD,Consumer,Provider_C,USD,291.52,1343033306698.0,180141006777.0,301439589.0,2026-09-08 04:26:30
3776,2026-08-19,Home Depot,HD,Consumer,Provider_D,USD,291.39,1342429780504.0,180060055831.0,301304129.0,2026-09-08 00:07:44
3685,2026-08-19,Intel Corp.,INTC,Technology,Provider_A,USD,179.26,2197218008810.0,207717375468.0,194266671.0,2026-09-08 22:14:03
3686,2026-08-19,Intel Corp.,INTC,Technology,Provider_B,USD,179.81,2203984764211.0,208357081072.0,194864953.0,2026-09-08 02:04:45
3687,2026-08-19,Intel Corp.,INTC,Technology,Provider_C,USD,179.62,2201617111166.0,208133251359.0,194655617.0,2026-09-08 16:06:58
3688,2026-08-19,Intel Corp.,INTC,Technology,Provider_D,USD,322.938,2198994415926.0,207885310840.0,194423732.0,2026-09-08 09:58:58
3629,2026-08-19,JPMorgan Chase,JPM,Financials,Provider_A,USD,744.59,2173023821318.0,165644390718.0,455579173.0,2026-09-08 04:40:07
3630,2026-08-19,JPMorgan Chase,JPM,Financials,Provider_B,USD,743.25,,165345810988.0,454757976.0,2026-09-08 07:42:39
3631,2026-08-19,JPMorgan Chase,JPM,Financials,Provider_C,USD,744.73,2173411590898.0,165673949463.0,455660470.0,2026-09-08 13:20:53
3632,2026-08-19,JPMorgan Chase,JPM,Financials,Provider_D,USD,743.45,2169696068831.0,165390724133.0,454881502.0,2026-09-08 15:13:39
3645,2026-08-19,Johnson & Johnson,JNJ,Healthcare,Provider_A,USD,560.35,-1397701418811.0,292269839664.0,113241221.0,2026-09-08 23:53:32
3646,2026-08-19,Johnson & Johnson,JNJ,Healthcare,Provider_B,USD,559.93,1396662767646.0,292052649923.0,113157070.0,2026-09-08 18:38:11
3647,2026-08-19,Johnson & Johnson,JNJ,Healthcare,Provider_C,USD,560.77,1398750726209.0,292489257704.0,113326235.0,2026-09-08 03:59:54
3648,2026-08-19,Johnson & Johnson,JNJ,Healthcare,Provider_D,USD,561.08,1399542379488.0,292654798336.0,113390375.0,2026-09-08 09:50:06
3753,2026-08-19,Lockheed Martin,LMT,Industrials,Provider_A,USD,481.01,3903111826946.0,140827074322.0,177426470.0,2026-09-08 14:45:35
3754,2026-08-19,Lockheed Martin,LMT,Industrials,Provider_B,USD,482.23,3913009508511.0,141184189772.0,177876396.0,2026-09-08 17:03:44
3755,2026-08-19,Lockheed Martin,LMT,Industrials,Provider_C,USD,482.54,3915539883097.0,141275487503.0,177991421.0,2026-09-08 04:42:36
3756,2026-08-19,Lockheed Martin,LMT,Industrials,Provider_D,USD,482.74,3917109077866.0,141332105175.0,178062753.0,2026-09-08 05:58:49
7659,2026-08-19,Lockheed Martin,LMT,Industrials,Provider_D,USD,482.74,3917109077866.0,141332105175.0,178062753.0,2026-09-08 05:58:49
3777,2026-08-19,Lowe's,LOW,Consumer,Provider_A,USD,398.94,1025255499986.0,329423669045.0,204600466.0,2026-09-08 22:33:48
3778,2026-08-19,Lowe's,LOW,Consumer,Provider_B,USD,400.44,1029102588375.0,330659772604.0,205368192.0,2026-09-08 20:06:51
3779,2026-08-19,Lowe's,LOW,Consumer,Provider_C,USD,398.58,1024333881011.0,329127544709.0,204416547.0,2026-09-08 09:35:31
3780,2026-08-19,Lowe's,LOW,Consumer,Provider_D,USD,398.45,1024005607855.0,329022067637.0,204351037.0,2026-09-08 04:36:07
3661,2026-08-19,Mastercard Inc.,MA,Financials,Provider_A,USD,644.32,2003884701076.0,421466101472.0,210444684.0,2026-09-08 02:28:52
3662,2026-08-19,Mastercard Inc.,MA,Financials,Provider_B,USD,642.71,1998848705100.0,420406908002.0,209915812.0,2026-09-08 16:03:55
3663,2026-08-19,Mastercard Inc.,MA,Financials,Provider_C,GBP,643.06,1999962507169.0,420641167895.0,210032782.0,2026-09-08 17:54:32
3664,2026-08-19,Mastercard Inc.,MA,Financials,Provider_D,USD,641.92,1996419418844.0,419895969520.0,209660693.0,2026-09-08 00:02:25
3701,2026-08-19,McDonald's,MCD,Consumer,Provider_A,USD,620.99,1226968554758.0,443793311578.0,217179960.0,2026-09-08 22:28:39
3702,2026-08-19,McDonald's,MCD,Consumer,Provider_B,USD,620.82,1226621833454.0,443667902825.0,217118589.0,2026-09-08 19:26:33
3703,2026-08-19,McDonald's,MCD,Consumer,Provider_C,USD,619.63,1224274485777.0,442818869494.0,216703096.0,2026-09-08 12:52:09
3704,2026-08-19,McDonald's,MCD,Consumer,Provider_D,USD,1549.5,1224602490143.0,442937508349.0,216761154.0,2026-09-08 19:47:23
3713,2026-08-19,Merck & Co.,MRK,Healthcare,Provider_A,USD,164.29,2001704580613.0,58520321299.0,70311841.0,2026-09-08 23:23:33
3714,2026-08-19,Merck & Co.,MRK,Healthcare,Provider_B,USD,163.9,1996949441283.0,58381303642.0,70144813.0,2026-09-08 12:58:47
3715,2026-08-19,Merck & Co.,MRK,Healthcare,Provider_C,USD,163.97,1997851049979.0,58407662392.0,70176482.0,2026-09-08 09:19:28
3716,2026-08-19,Merck & Co.,MRK,Healthcare,Provider_D,USD,163.64,1993767051505.0,58288265701.0,70033028.0,2026-09-08 05:16:33
3621,2026-08-19,Meta Platforms,META,Communication,Provider_A,USD,322.28,1730544813919.0,293540542260.0,342592015.0,2026-09-08 03:46:26
3622,2026-08-19,Meta Platforms,META,Communication,Provider_B,USD,160.82,1727107474796.0,292957489812.0,341911533.0,2026-09-08 10:42:07
3623,2026-08-19,Meta Platforms,META,Communication,Provider_C,USD,321.54,1726551918613.0,292863254597.0,341801551.0,2026-09-08 03:22:08
3624,2026-08-19,Meta Platforms,META,Communication,Provider_D,USD,321.22,1724842231435.0,292573251993.0,341463088.0,2026-09-08 10:22:14
7638,2026-08-19,Meta Platforms,META,Communication,Provider_D,USD,321.22,1724842231435.0,292573251993.0,341463088.0,2026-09-08 10:22:14
3605,2026-08-19,Microsoft Corp.,MSFT,Technology,Provider_A,USD,216.8,3037963194013.0,-64878765424.0,569552141.0,2026-09-08 02:32:04
3606,2026-08-19,Microsoft Corp.,MSFT,Technology,Provider_B,USD,216.54,3034293787919.0,64800401559.0,568864207.0,2026-09-08 03:36:25
3607,2026-08-19,Microsoft Corp.,MSFT,Technology,Provider_C,USD,217.37,3045951796967.0,65049370091.0,571049831.0,2026-09-08 11:39:06
3608,2026-08-19,Microsoft Corp.,MSFT,Technology,Provider_D,USD,217.33,3045402820529.0,65037646146.0,570946910.0,2026-09-08 18:46:24
3725,2026-08-19,Morgan Stanley,MS,Financials,Provider_A,USD,72.73,1930150512668.0,230357855259.0,278403216.0,2026-09-08 13:24:45
3726,2026-08-19,Morgan Stanley,MS,Financials,Provider_B,USD,72.76,1930763838309.0,230431053892.0,278491682.0,2026-09-08 00:15:08
3727,2026-08-19,Morgan Stanley,MS,Financials,Provider_C,USD,72.7,1929270739930.0,230252856939.0,278276319.0,2026-09-08 00:41:25
3728,2026-08-19,Morgan Stanley,MS,Financials,Provider_D,USD,72.56,1925623046865.0,229817515371.0,277750179.0,2026-09-08 23:29:58
3609,2026-08-19,NVIDIA Corp.,NVDA,Technology,Provider_A,USD,217.69,210966356174.0,257241366708.0,10969198.0,2026-09-08 14:19:54
3610,2026-08-19,NVIDIA Corp.,NVDA,Technology,Provider_B,USD,218.21,211478485407.0,257865830371.0,10995826.0,2026-09-08 08:58:54
3611,2026-08-19,NVIDIA Corp.,NVDA,Technology,Provider_C,USD,217.63,210908733644.0,257171104802.0,10966202.0,2026-09-08 09:59:00
3612,2026-08-19,NVIDIA Corp.,NVDA,Technology,Provider_D,USD,217.35,210644387107.0,256848774427.0,10952457.0,2026-09-08 08:17:08
3673,2026-08-19,Netflix Inc.,NFLX,Communication,Provider_A,USD,266.42,1712958992938.0,140376197188.0,401903957.0,2026-09-08 08:40:11
3674,2026-08-19,Netflix Inc.,NFLX,Communication,Provider_B,USD,265.81,1709084017513.0,140058644744.0,400994788.0,2026-09-08 20:28:24
3675,2026-08-19,Netflix Inc.,NFLX,Communication,Provider_C,USD,266.8,1715399397151.0,140576187184.0,402476538.0,2026-09-08 15:05:00
3676,2026-08-19,Netflix Inc.,NFLX,Communication,Provider_D,USD,266.82,1715549085175.0,140588454048.0,402511659.0,2026-09-08 02:37:41
3741,2026-08-19,NextEra Energy,NEE,Utilities,Provider_A,USD,46.77,2633069415614.0,415386282254.0,295146091.0,2026-09-08 23:02:00
3742,2026-08-19,NextEra Energy,NEE,Utilities,Provider_B,USD,46.63,2625230166124.0,414149582347.0,294267374.0,2026-09-08 18:16:34
3743,2026-08-19,NextEra Energy,NEE,Utilities,Provider_C,USD,46.72,2630199693947.0,414933562319.0,294824419.0,2026-09-08 07:40:47
3744,2026-08-19,NextEra Energy,NEE,Utilities,Provider_D,USD,84.20400000000001,2633162301786.0,415400935739.0,295156503.0,2026-09-08 08:10:26
3705,2026-08-19,Nike Inc.,NKE,Consumer,Provider_A,USD,409.23,1573361700615.82,358196924751.0,119761787.0,2026-09-08 20:17:34
3706,2026-08-19,Nike Inc.,NKE,Consumer,Provider_B,USD,409.86,,358746860189.0,119945656.0,2026-09-08 05:25:57
3707,2026-08-19,Nike Inc.,NKE,Consumer,Provider_C,USD,410.27,1105364118613.0,359101909780.0,120064365.0,2026-09-08 10:23:10
3708,2026-08-19,Nike Inc.,NKE,Consumer,Provider_D,USD,410.02,1104702425175.0,358886944074.0,119992493.0,2026-09-08 23:16:14
3669,2026-08-19,Oracle Corp.,ORCL,Technology,Provider_A,USD,562.17,1536048549890.0,368529333264.0,201643799.0,2026-09-08 05:31:13
3670,2026-08-19,Oracle Corp.,ORCL,Technology,Provider_B,USD,561.96,1535480598457.0,368393070147.0,201569242.0,2026-09-08 21:44:11
3671,2026-08-19,Oracle Corp.,ORCL,Technology,Provider_C,USD,562.16,1536029518061.0,368524767140.0,201641301.0,2026-09-08 19:20:13
3672,2026-08-19,Oracle Corp.,ORCL,Technology,Provider_D,USD,561.96,1535476705411.0,368392136126.0,201568731.0,2026-09-08 07:15:25
3697,2026-08-19,PepsiCo,PEP,Consumer,Provider_A,USD,240.37,3348832772079.0,409921039794.0,740928613.0,2026-09-08 06:15:03
3698,2026-08-19,PepsiCo,PEP,Consumer,Provider_B,USD,239.76,3340446904648.0,408894549751.0,739073241.0,2026-09-08 16:43:03
3699,2026-08-19,PepsiCo,PEP,Consumer,Provider_C,USD,240.07,3344714183419.0,409416895138.0,740017376.0,2026-09-08 19:47:09
3700,2026-08-19,PepsiCo,PEP,Consumer,Provider_D,USD,240.29,3347831422666.0,409798467477.0,740707065.0,2026-09-08 13:28:15
3709,2026-08-19,Pfizer Inc.,PFE,Healthcare,Provider_A,USD,238.63,3741893463348.0,200097091029.0,589407759.0,2026-09-08 02:53:02
3710,2026-08-19,Pfizer Inc.,PFE,Healthcare,Provider_B,USD,239.1,3749175305364.0,200486486242.0,590554765.0,2026-09-08 01:33:00
3711,2026-08-19,Pfizer Inc.,PFE,Healthcare,Provider_C,USD,238.07,3733038785095.0,199623588676.0,588013006.0,2026-09-08 04:12:21
3712,2026-08-19,Pfizer Inc.,PFE,Healthcare,Provider_D,USD,237.81,3729033302671.0,199409396211.0,587382079.0,2026-09-08 05:05:52
3657,2026-08-19,Procter & Gamble,PG,Consumer,Provider_A,USD,681.11,3134125792321.0,65467836806.0,542057544.0,2026-09-08 14:46:32
3658,2026-08-19,Procter & Gamble,PG,Consumer,Provider_B,USD,680.2,3129930859534.0,65380210082.0,541332017.0,2026-09-08 00:08:06
3659,2026-08-19,Procter & Gamble,PG,Consumer,Provider_C,USD,680.33,3130525812823.0,65392637887.0,541434916.0,2026-09-08 20:19:05
3660,2026-08-19,Procter & Gamble,PG,Consumer,Provider_D,USD,681.93,4381522407107.5107,65547033569.0,542713274.0,2026-09-08 17:16:17
3793,2026-08-19,Qualcomm,QCOM,Technology,Provider_A,USD,461.74,2436543771551.0,60101245825.0,198294679.0,2026-09-08 22:40:56
3794,2026-08-19,Qualcomm,QCOM,Technology,Provider_B,USD,463.03,2443358309676.0,60269337297.0,198849271.0,2026-09-08 07:37:42
3795,2026-08-19,Qualcomm,QCOM,Technology,Provider_C,USD,462.93,2442806979625.0,60255737861.0,198804401.0,2026-09-08 19:44:41
7658,2026-08-19,Qualcomm,QCOM,Technology,Provider_C,USD,462.93,2442806979625.0,60255737861.0,198804401.0,2026-09-08 19:44:41
3796,2026-08-19,Qualcomm,QCOM,Technology,Provider_D,USD,461.62,2435896503377.0,60085279921.0,198242002.0,2026-09-08 22:49:12
3681,2026-08-19,Salesforce Inc.,CRM,Technology,Provider_A,USD,575.97,3262699299668.0,55522002893.0,563044488.0,2026-09-08 04:15:18
3682,2026-08-19,Salesforce Inc.,CRM,Technology,Provider_B,USD,577.24,3269894214727.0,55644440194.0,564286116.0,2026-09-08 03:01:58
3683,2026-08-19,Salesforce Inc.,CRM,Technology,Provider_C,USD,576.44,3265334288896.0,55566843029.0,563499209.0,2026-09-08 18:54:33
3684,2026-08-19,Salesforce Inc.,CRM,Technology,Provider_D,USD,574.69,3255427027504.0,55398249191.0,561789511.0,2026-09-08 03:23:45
3625,2026-08-19,Tesla Inc.,TSLA,Automotive,Provider_A,USD,420.02,3213273467677.0,185641058885.0,522834218.0,2026-09-08 12:55:12
3626,2026-08-19,Tesla Inc.,TSLA,Automotive,Provider_B,USD,1259.31,3211396160201.0,185532600843.0,522528760.0,2026-09-08 23:43:02
3627,2026-08-19,Tesla Inc.,TSLA,Automotive,Provider_C,USD,418.78,3203850919786.0,185096688235.0,521301068.0,2026-09-08 16:34:14
3628,2026-08-19,Tesla Inc.,TSLA,Automotive,Provider_D,USD,419.74,3211125586020.0,185516968910.0,522484734.0,2026-09-08 21:15:15
3797,2026-08-19,Texas Instruments,TXN,Technology,Provider_A,USD,138.16,3669091721573.0,311849869452.0,839317505.0,2026-09-08 17:15:16
3798,2026-08-19,Texas Instruments,TXN,Technology,Provider_B,USD,138.32,3673371163733.0,312213595295.0,840296442.0,2026-09-08 02:44:26
3799,2026-08-19,Texas Instruments,TXN,Technology,Provider_C,USD,138.4,3675446509980.0,312389986758.0,840771185.0,2026-09-08 10:08:11
3800,2026-08-19,Texas Instruments,TXN,Technology,Provider_D,USD,138.31,3673037458379.0,312185232425.0,840220106.0,2026-09-08 17:24:00
3769,2026-08-19,UPS,UPS,Industrials,Provider_A,USD,125.46,2103162445953.0,96036213699.0,136544345.0,2026-09-08 17:07:45
3770,2026-08-19,UPS,UPS,Industrials,Provider_B,USD,125.49,2103736992259.0,96062449072.0,136581647.0,2026-09-08 19:35:20
3771,2026-08-19,UPS,UPS,Industrials,Provider_C,USD,127.62,2101103704757.0,95942205882.0,136410685.0,2026-09-08 13:44:58
3772,2026-08-19,UPS,UPS,Industrials,Provider_D,USD,125.45,2103038320146.0,96030545771.0,136536286.0,2026-09-08 06:36:22
3765,2026-08-19,Union Pacific,UNP,Industrials,Provider_A,USD,119.84,3537816274920.0,378374578006.0,685955317.0,2026-09-08 02:10:25
3766,2026-08-19,Union Pacific,UNP,Industrials,Provider_B,USD,119.79,3536427017138.0,378225994872.0,685685950.0,2026-09-08 10:10:28
3767,2026-08-19,Union Pacific,UNP,Industrials,Provider_C,USD,119.97,4956590261025.294,378796275978.0,686719813.0,2026-09-08 00:17:15
3768,2026-08-19,Union Pacific,UNP,Industrials,Provider_D,USD,120.02,3543371813393.0,378968750897.0,687032493.0,2026-09-08 11:17:29
3785,2026-08-19,Verizon,VZ,Communication,Provider_A,USD,646.86,4377665103345.4785,30254873439.0,168129377.0,2026-09-08 02:53:34
3786,2026-08-19,Verizon,VZ,Communication,Provider_B,USD,647.93,3882028293831.0,30304986655.0,168407861.0,2026-09-08 11:53:30
3787,2026-08-19,Verizon,VZ,Communication,Provider_C,USD,647.63,3880247721573.0,30291086648.0,168330617.0,2026-09-08 23:31:22
3788,2026-08-19,Verizon,VZ,Communication,Provider_D,USD,646.28,3872139722706.0,30227791695.0,167978881.0,2026-09-08 18:16:15
3633,2026-08-19,Visa Inc.,V,Financials,Provider_A,USD,132.0,1084881757625.0,76138604670.0,61276818.0,2026-09-08 08:50:04
3634,2026-08-19,Visa Inc.,V,Financials,Provider_B,USD,131.78,1083123388523.0,76015199729.0,61177501.0,2026-09-08 08:42:32
3635,2026-08-19,Visa Inc.,V,Financials,Provider_C,USD,131.9,1084114843938.0,76084781535.0,61233501.0,2026-09-08 01:33:44
3636,2026-08-19,Visa Inc.,V,Financials,Provider_D,USD,131.92,1084216388138.0,76091908057.0,61239236.0,2026-09-08 01:21:04
3637,2026-08-19,Walmart Inc.,WMT,Consumer,Provider_A,USD,690.72,1304643266964.0,45531736949.0,184572746.0,2026-09-08 06:41:21
3638,2026-08-19,Walmart Inc.,WMT,Consumer,Provider_B,USD,690.14,1303547465844.0,45493493753.0,184417719.0,2026-09-08 20:31:52
3639,2026-08-19,Walmart Inc.,WMT,Consumer,Provider_C,USD,691.11,1305371690047.0,45557158740.0,184675799.0,2026-09-08 04:06:51
3640,2026-08-19,Walmart Inc.,WMT,Consumer,Provider_D,USD,690.32,1303876284949.0,45504969461.0,184464238.0,2026-09-08 16:26:02
3733,2026-08-19,Wells Fargo,WFC,Financials,Provider_A,USD,623.81,627808697791.0,11664121185.0,127652282.0,2026-09-08 21:39:46
3734,2026-08-19,Wells Fargo,WFC,Financials,Provider_B,USD,624.26,628261293020.0,11672529998.0,127744308.0,2026-09-08 18:41:52
3735,2026-08-19,Wells Fargo,WFC,Financials,Provider_C,USD,623.67,627670538566.0,11661554311.0,127624190.0,2026-09-08 03:13:38
3736,2026-08-19,Wells Fargo,WFC,Financials,Provider_D,USD,624.3,628305896288.0,11673358686.0,127753377.0,2026-09-08 04:59:51
3889,2026-08-20,AMD,AMD,Technology,Provider_A,USD,110.02,1470185096683.0,403822790241.0,172891571.0,2026-09-08 23:54:25
3890,2026-08-20,AMD,AMD,Technology,Provider_B,USD,109.94,1469119916278.0,403530212032.0,172766307.0,2026-09-08 13:21:22
3891,2026-08-20,AMD,AMD,Technology,Provider_C,USD,109.83,1467684699804.0,403135994241.0,172597528.0,2026-09-08 21:59:16
3892,2026-08-20,AMD,AMD,Technology,Provider_D,USD,110.11,1471396931507.0,404155650723.0,173034081.0,2026-09-08 21:15:37
3981,2026-08-20,AT&T,T,Communication,Provider_A,USD,287.22,921592803016.0,384256687043.0,169102690.0,2026-09-08 13:33:25
3982,2026-08-20,AT&T,T,Communication,Provider_B,USD,286.47,919164478407.0,383244200871.0,168657118.0,2026-09-08 04:22:12
3983,2026-08-20,AT&T,T,Communication,Provider_C,USD,286.61,,383437212749.0,168742058.0,2026-09-08 07:56:28
3984,2026-08-20,AT&T,T,Communication,Provider_D,USD,287.16,921393657698.0,384173653712.0,169066149.0,2026-09-08 04:05:36
3917,2026-08-20,AbbVie Inc.,ABBV,Healthcare,Provider_A,USD,649.28,3905411062653.0,379921417215.0,868093139.0,2026-09-08 17:42:52
3918,2026-08-20,AbbVie Inc.,ABBV,Healthcare,Provider_B,USD,649.73,3908088044504.0,380181836086.0,868688177.0,2026-09-08 14:49:28
3919,2026-08-20,AbbVie Inc.,ABBV,Healthcare,Provider_C,USD,649.27,3905332531115.0,379913777606.0,868075683.0,2026-09-08 08:06:09
3920,2026-08-20,AbbVie Inc.,ABBV,Healthcare,Provider_D,USD,649.28,3905434366106.0,379923684193.0,868098319.0,2026-09-08 21:14:20
3877,2026-08-20,Adobe Inc.,ADBE,Technology,Provider_A,USD,37.13,2379519350738.0,437648725884.0,380432823.0,2026-09-08 04:02:48
3878,2026-08-20,Adobe Inc.,ADBE,Technology,Provider_B,USD,37.29,2389694092844.0,439520096637.0,382059541.0,2026-09-08 14:25:39
3879,2026-08-20,Adobe Inc.,ADBE,Technology,Provider_C,USD,37.1,2377976968740.0,437365046108.0,380186230.0,2026-09-08 17:57:05
3880,2026-08-20,Adobe Inc.,ADBE,Technology,Provider_D,USD,37.07,2376009202235.0,437003128268.0,379871628.0,2026-09-08 06:27:33
3817,2026-08-20,Alphabet Inc.,GOOGL,Communication,Provider_A,USD,471.96,2356002779930.0,321467203957.0,240736391.0,2026-09-08 11:31:29
3818,2026-08-20,Alphabet Inc.,GOOGL,Communication,Provider_B,USD,473.46,2363505746365.0,322490953871.0,241503044.0,2026-09-08 10:56:13
3819,2026-08-20,Alphabet Inc.,GOOGL,Communication,Provider_C,USD,473.26,2362541278525.0,322359356072.0,241404495.0,2026-09-08 19:22:07
3820,2026-08-20,Alphabet Inc.,GOOGL,Communication,Provider_D,USD,471.9,2355739419249.0,321431269440.0,240709481.0,2026-09-08 21:12:43
3813,2026-08-20,Amazon.com Inc.,AMZN,Consumer,Provider_A,USD,67.51,1656791299057.0,127108972699.0,338630414.0,2026-09-08 14:39:32
3814,2026-08-20,Amazon.com Inc.,AMZN,Consumer,Provider_B,USD,67.5,1656449038538.0,127082714484.0,338560460.0,2026-09-08 20:58:39
3815,2026-08-20,Amazon.com Inc.,AMZN,Consumer,Provider_C,USD,67.49,1656260603745.0,127068257773.0,338521945.0,2026-09-08 02:12:02
3816,2026-08-20,Amazon.com Inc.,AMZN,Consumer,Provider_D,USD,67.68,1660942802587.0,127427475911.0,339478937.0,2026-09-08 01:54:24
3801,2026-08-20,Apple Inc.,AAPL,Technology,Provider_A,USD,702.78,1858625296242.0,49956952442.0,127331456.0,2026-09-08 12:49:32
3802,2026-08-20,Apple Inc.,AAPL,Technology,Provider_B,USD,704.36,,50069144683.0,127617414.0,2026-09-08 07:57:29
3803,2026-08-20,Apple Inc.,AAPL,Technology,Provider_C,USD,704.63,1863522932801.0,50088593283.0,127666985.0,2026-09-08 01:07:58
3804,2026-08-20,Apple Inc.,AAPL,Technology,Provider_D,USD,703.64,1860904974398.0,50018226639.0,127487633.0,2026-09-08 18:31:11
3929,2026-08-20,Bank of America,BAC,Financials,Provider_A,USD,64.47,356816635657.0,173341521189.0,65699452.0,2026-09-08 00:00:08
3930,2026-08-20,Bank of America,BAC,Financials,Provider_B,USD,64.64,357756023736.0,173797875916.0,65872418.0,2026-09-08 09:58:47
3931,2026-08-20,Bank of America,BAC,Financials,Provider_C,USD,64.47,356814024574.0,173340252725.0,65698971.0,2026-09-08 23:47:53
3932,2026-08-20,Bank of America,BAC,Financials,Provider_D,USD,64.45,356707602656.0,173288552957.0,65679376.0,2026-09-08 06:11:41
3937,2026-08-20,Berkshire Hathaway,BRK.B,Financials,Provider_A,USD,497.66,1785488034569.0,41290309251.0,260752317.0,2026-09-08 15:28:04
3938,2026-08-20,Berkshire Hathaway,BRK.B,Financials,Provider_B,USD,498.46,1788368955724.0,41356932002.0,261173046.0,2026-09-08 10:18:52
3939,2026-08-20,Berkshire Hathaway,BRK.B,Financials,Provider_C,USD,497.27,1784069910302.0,41257514413.0,260545214.0,2026-09-08 14:21:41
3940,2026-08-20,Berkshire Hathaway,BRK.B,Financials,Provider_D,USD,498.03,1786797265872.0,41320585883.0,260943517.0,2026-09-08 03:06:18
3957,2026-08-20,Boeing Co.,BA,Industrials,Provider_A,USD,574.38,721212909390.0,268408208408.0,98989231.0,2026-09-08 05:00:11
3958,2026-08-20,Boeing Co.,BA,Industrials,Provider_B,USD,574.57,721453914078.0,268497901251.0,99022310.0,2026-09-08 22:34:05
3959,2026-08-20,Boeing Co.,BA,Industrials,Provider_C,USD,573.64,720282960926.0,268062116709.0,98861592.0,2026-09-08 09:34:04
3960,2026-08-20,Boeing Co.,BA,Industrials,Provider_D,USD,1036.206,722833564888.0,269011355180.0,99211673.0,2026-09-08 00:29:13
3865,2026-08-20,Broadcom Inc.,AVGO,Technology,Provider_A,USD,682.5,1318763003517.0,298231283966.0,95649399.0,2026-09-08 18:51:40
3866,2026-08-20,Broadcom Inc.,AVGO,Technology,Provider_B,USD,683.74,1321150329054.0,298771165019.0,95822551.0,2026-09-08 07:18:16
3867,2026-08-20,Broadcom Inc.,AVGO,Technology,Provider_C,USD,681.99,1317773475288.0,298007507386.0,95577629.0,2026-09-08 21:30:41
3868,2026-08-20,Broadcom Inc.,AVGO,Technology,Provider_D,USD,682.46,1318668069439.0,298209815126.0,95642513.0,2026-09-08 09:45:35
3961,2026-08-20,Caterpillar Inc.,CAT,Industrials,Provider_A,USD,328.02,3371576881457.0,327011392465.0,139969660.0,2026-09-08 04:47:06
3962,2026-08-20,Caterpillar Inc.,CAT,Industrials,Provider_B,USD,327.95,3370953413131.0,326950921874.0,139943777.0,2026-09-08 21:31:11
3963,2026-08-20,Caterpillar Inc.,CAT,Industrials,Provider_C,USD,328.8,3379641137470.0,327793549800.0,140304444.0,2026-09-08 03:53:50
3964,2026-08-20,Caterpillar Inc.,CAT,Industrials,Provider_D,USD,328.61,3377694972494.0,327604790017.0,140223650.0,2026-09-08 07:35:26
3853,2026-08-20,Chevron Corp.,CVX,Energy,Provider_A,USD,231.37,3968926988386.0,394946150790.0,222359406.0,2026-09-08 13:38:32
3854,2026-08-20,Chevron Corp.,CVX,Energy,Provider_B,USD,80.98299999999999,3969246556720.0,394977950892.0,222377310.0,2026-09-08 16:44:54
3855,2026-08-20,Chevron Corp.,CVX,Energy,Provider_C,USD,231.77,3975923878736.0,395642408221.0,222751407.0,2026-09-08 22:19:05
3856,2026-08-20,Chevron Corp.,CVX,Energy,Provider_D,USD,231.62,3973217930791.0,395373140551.0,222599806.0,2026-09-08 18:22:24
3893,2026-08-20,Cisco Systems,CSCO,Technology,Provider_A,USD,74.68,885995540596.0,120143239200.0,96198537.0,2026-09-08 11:23:50
3894,2026-08-20,Cisco Systems,CSCO,Technology,Provider_B,USD,74.35,882159044117.0,119623000561.0,95781982.0,2026-09-08 04:23:51
3895,2026-08-20,Cisco Systems,CSCO,Technology,Provider_C,USD,74.35,882069922498.0,119610915444.0,95772306.0,2026-09-08 04:06:44
3896,2026-08-20,Cisco Systems,CSCO,Technology,Provider_D,USD,74.53,884291580440.0,119912177887.0,96013526.0,2026-09-08 16:29:15
3841,2026-08-20,Coca-Cola,KO,Consumer,Provider_A,USD,453.25,2818990248096.0,215757897629.0,159622583.0,2026-09-08 06:57:36
3842,2026-08-20,Coca-Cola,KO,Consumer,Provider_B,USD,452.97,2817226635755.0,215622915506.0,159522720.0,2026-09-08 00:40:45
3843,2026-08-20,Coca-Cola,KO,Consumer,Provider_C,USD,452.64,2815201368145.0,215467906994.0,159408041.0,2026-09-08 19:53:05
3844,2026-08-20,Coca-Cola,KO,Consumer,Provider_D,USD,452.36,2813438187017.0,215332957874.0,159308203.0,2026-09-08 17:17:44
3989,2026-08-20,Comcast,CMCSA,Communication,Provider_A,USD,607.19,367116824868.0,173704457240.0,11197972.0,2026-09-08 05:17:42
3990,2026-08-20,Comcast,CMCSA,Communication,Provider_B,USD,606.78,366869444812.0,173587407256.0,11190426.0,2026-09-08 15:21:12
3991,2026-08-20,Comcast,CMCSA,Communication,Provider_C,USD,606.76,366853139224.0,173579692128.0,11189929.0,2026-09-08 05:06:54
3992,2026-08-20,Comcast,CMCSA,Communication,Provider_D,USD,606.89,366932947429.0,173617454061.0,11192363.0,2026-09-08 08:14:39
3949,2026-08-20,ConocoPhillips,COP,Energy,Provider_A,USD,288.83,206764077090.0,447102329802.0,33581773.0,2026-09-08 07:23:32
3950,2026-08-20,ConocoPhillips,COP,Energy,Provider_B,USD,289.52,287584502135.2834,448180297963.0,33662739.0,2026-09-08 05:29:13
3951,2026-08-20,ConocoPhillips,COP,Energy,Provider_C,USD,288.57,206578909123.0,446701926452.0,33551699.0,2026-09-08 20:53:51
3952,2026-08-20,ConocoPhillips,COP,Energy,Provider_D,USD,289.46,207215733643.0,448078982516.0,33655129.0,2026-09-08 06:09:32
3945,2026-08-20,Duke Energy,DUK,Utilities,Provider_A,USD,652.8,-299102648308.0,390600741071.0,60378009.0,2026-09-08 23:42:28
3946,2026-08-20,Duke Energy,DUK,Utilities,Provider_B,USD,326.01,298745491875.0,390134327388.0,60305912.0,2026-09-08 12:22:03
3947,2026-08-20,Duke Energy,DUK,Utilities,Provider_C,USD,653.48,299411727312.0,391004370020.0,60440401.0,2026-09-08 22:07:20
3948,2026-08-20,Duke Energy,DUK,Utilities,Provider_D,USD,653.51,299428919433.0,391026821361.0,60443871.0,2026-09-08 07:17:08
3849,2026-08-20,Exxon Mobil,XOM,Energy,Provider_A,USD,46.29,1399557600380.0,95987516836.0,87578036.0,2026-09-08 10:31:48
3850,2026-08-20,Exxon Mobil,XOM,Energy,Provider_B,USD,46.41,1403142616346.0,96233392233.0,87802370.0,2026-09-08 17:57:28
3851,2026-08-20,Exxon Mobil,XOM,Energy,Provider_C,USD,46.53,1406705244596.0,96477732187.0,88025303.0,2026-09-08 06:42:40
3852,2026-08-20,Exxon Mobil,XOM,Energy,Provider_D,USD,46.53,1406703997140.0,96477646631.0,88025225.0,2026-09-08 10:26:35
3921,2026-08-20,Goldman Sachs,GS,Financials,Provider_A,USD,691.8,3765851435180.0,100106629292.0,936169749.0,2026-09-08 19:15:23
3922,2026-08-20,Goldman Sachs,GS,Financials,Provider_B,USD,692.07,3767342971875.0,100146278417.0,936540537.0,2026-09-08 05:32:21
3923,2026-08-20,Goldman Sachs,GS,Financials,Provider_C,USD,693.39,3774534978476.0,100337461619.0,938328429.0,2026-09-08 21:39:53
3924,2026-08-20,Goldman Sachs,GS,Financials,Provider_D,USD,693.39,3774534084486.0,100337437855.0,938328207.0,2026-09-08 14:56:03
3973,2026-08-20,Home Depot,HD,Consumer,Provider_A,USD,294.62,1339940228589.0,179936877836.0,81440101.0,2026-09-08 10:20:07
3974,2026-08-20,Home Depot,HD,Consumer,Provider_B,USD,293.75,1335994074511.0,179406959688.0,81200258.0,2026-09-08 05:10:39
3975,2026-08-20,Home Depot,HD,Consumer,Provider_C,USD,294.16,1337890649529.0,179661645516.0,81315530.0,2026-09-08 09:06:51
3976,2026-08-20,Home Depot,HD,Consumer,Provider_D,USD,294.7,1340335152657.0,179989911100.0,81464104.0,2026-09-08 03:32:37
7640,2026-08-20,Home Depot,HD,Consumer,Provider_D,USD,294.7,1340335152657.0,179989911100.0,81464104.0,2026-09-08 03:32:37
3885,2026-08-20,Intel Corp.,INTC,Technology,Provider_A,USD,178.53,2205292291974.0,208329953169.0,508120855.0,2026-09-08 15:22:18
3886,2026-08-20,Intel Corp.,INTC,Technology,Provider_B,USD,178.94,2210308117258.0,208803789064.0,509276550.0,2026-09-08 01:57:00
3887,2026-08-20,Intel Corp.,INTC,Technology,Provider_C,USD,178.18,2200895794885.0,207914624083.0,507107859.0,2026-09-08 02:13:56
3888,2026-08-20,Intel Corp.,INTC,Technology,Provider_D,USD,178.44,2204136551855.0,208220772501.0,507854561.0,2026-09-08 15:26:02
3829,2026-08-20,JPMorgan Chase,JPM,Financials,Provider_A,USD,749.05,2166635134942.0,165291234568.0,365215583.0,2026-09-08 04:19:08
3830,2026-08-20,JPMorgan Chase,JPM,Financials,Provider_B,USD,751.37,2173347773763.0,165803337570.0,366347089.0,2026-09-08 16:34:39
3831,2026-08-20,JPMorgan Chase,JPM,Financials,Provider_C,USD,749.63,2168309436171.0,165418965958.0,365497809.0,2026-09-08 04:53:06
3832,2026-08-20,JPMorgan Chase,JPM,Financials,Provider_D,USD,750.15,2169805412272.0,165533093035.0,365749976.0,2026-09-08 01:00:07
3845,2026-08-20,Johnson & Johnson,JNJ,Healthcare,Provider_A,USD,557.91,1397807828775.0,292222542057.0,172095191.0,2026-09-08 10:35:51
3846,2026-08-20,Johnson & Johnson,JNJ,Healthcare,Provider_B,USD,557.28,1396240918401.0,291894967320.0,171902276.0,2026-09-08 00:49:27
3847,2026-08-20,Johnson & Johnson,JNJ,Healthcare,Provider_C,USD,559.95,1402916081193.0,293290461750.0,172724108.0,2026-09-08 11:05:21
3848,2026-08-20,Johnson & Johnson,JNJ,Healthcare,Provider_D,USD,559.6,1402042109206.0,293107751144.0,172616507.0,2026-09-08 04:30:41
3953,2026-08-20,Lockheed Martin,LMT,Industrials,Provider_A,USD,481.73,3907952065054.0,140935388525.0,318202549.0,2026-09-08 00:32:19
3954,2026-08-20,Lockheed Martin,LMT,Industrials,Provider_B,USD,482.48,3914058207748.0,141155598901.0,318699738.0,2026-09-08 04:19:28
3955,2026-08-20,Lockheed Martin,LMT,Industrials,Provider_C,USD,483.11,3919220604671.0,141341774269.0,319120082.0,2026-09-08 05:09:10
3956,2026-08-20,Lockheed Martin,LMT,Industrials,Provider_D,USD,481.17,3903465103947.0,140773571901.0,317837201.0,2026-09-08 20:07:32
3977,2026-08-20,Lowe's,LOW,Consumer,Provider_A,USD,403.98,1022320149246.0,328806840565.0,186442490.0,2026-09-08 06:26:11
3978,2026-08-20,Lowe's,LOW,Consumer,Provider_B,USD,404.53,1023711629737.0,329254379728.0,186696257.0,2026-09-08 13:45:59
3979,2026-08-20,Lowe's,LOW,Consumer,Provider_C,USD,404.74,1024258097977.0,329430139244.0,,2026-09-08 12:49:53
3980,2026-08-20,Lowe's,LOW,Consumer,Provider_D,USD,403.84,1021977006670.0,328696476286.0,186379910.0,2026-09-08 19:21:24
3861,2026-08-20,Mastercard Inc.,MA,Financials,Provider_A,USD,659.55,1999626317542.0,421383624907.0,352715079.0,2026-09-08 17:19:08
3862,2026-08-20,Mastercard Inc.,MA,Financials,Provider_B,USD,660.35,2002034211768.0,,353139809.0,2026-09-08 02:32:02
3863,2026-08-20,Mastercard Inc.,MA,Financials,Provider_C,USD,659.53,1999556567187.0,421368926332.0,352702776.0,2026-09-08 05:20:24
7670,2026-08-20,Mastercard Inc.,MA,Financials,Provider_C,USD,659.53,1999556567187.0,421368926332.0,352702776.0,2026-09-08 05:20:24
3864,2026-08-20,Mastercard Inc.,MA,Financials,Provider_D,USD,657.91,1994645839483.0,420334082860.0,351836570.0,2026-09-08 10:42:05
3901,2026-08-20,McDonald's,MCD,Consumer,Provider_A,USD,614.09,1226576908247.0,443592984703.0,225246192.0,2026-09-08 07:55:11
3902,2026-08-20,McDonald's,MCD,Consumer,Provider_B,USD,612.84,1224086556044.0,442692345893.0,224788869.0,2026-09-08 21:45:54
3903,2026-08-20,McDonald's,MCD,Consumer,Provider_C,USD,612.45,1223293849488.0,442405662633.0,224643298.0,2026-09-08 05:13:08
3904,2026-08-20,McDonald's,MCD,Consumer,Provider_D,USD,614.34,1227079059389.0,443774588256.0,225338406.0,2026-09-08 06:49:37
3913,2026-08-20,Merck & Co.,MRK,Healthcare,Provider_A,USD,163.17,1996283966298.0,58516130654.0,222323927.0,2026-09-08 15:14:30
3914,2026-08-20,Merck & Co.,MRK,Healthcare,Provider_B,USD,162.63,1989702251806.0,58323203961.0,221590929.0,2026-09-08 23:17:43
3915,2026-08-20,Merck & Co.,MRK,Healthcare,Provider_C,USD,163.1,1995441193196.0,58491426844.0,222230069.0,2026-09-08 09:51:49
3916,2026-08-20,Merck & Co.,MRK,Healthcare,Provider_D,USD,293.022,1991589705233.0,58378529993.0,221801133.0,2026-09-08 08:24:20
3821,2026-08-20,Meta Platforms,META,Communication,Provider_A,USD,325.35,1722810298553.0,292916315141.0,344504511.0,2026-09-08 17:56:30
3822,2026-08-20,Meta Platforms,META,Communication,Provider_B,USD,325.08,1721341352252.0,292666561389.0,344210771.0,2026-09-08 16:11:09
3823,2026-08-20,Meta Platforms,META,Communication,Provider_C,USD,325.91,1725749040696.0,293415967088.0,345092161.0,2026-09-08 17:14:07
3824,2026-08-20,Meta Platforms,META,Communication,Provider_D,USD,325.28,1722447631977.0,292854653705.0,344431990.0,2026-09-08 13:12:25
3805,2026-08-20,Microsoft Corp.,MSFT,Technology,Provider_A,USD,219.07,3048828814860.0,65040718251.0,426264610.0,2026-09-08 20:15:16
3806,2026-08-20,Microsoft Corp.,MSFT,Technology,Provider_B,USD,216.54,3049122992726.0,65046993953.0,426305740.0,2026-09-08 15:36:26
3807,2026-08-20,Microsoft Corp.,MSFT,Technology,Provider_C,USD,218.74,3903085071911.7183,64943136308.0,425625077.0,2026-09-08 03:51:20
3808,2026-08-20,Microsoft Corp.,MSFT,Technology,Provider_D,USD,219.29,3051911056464.0,65106471765.0,426695547.0,2026-09-08 06:02:46
3925,2026-08-20,Morgan Stanley,MS,Financials,Provider_A,USD,72.18,1930842733973.0,230352590023.0,180339751.0,2026-09-08 10:17:27
3926,2026-08-20,Morgan Stanley,MS,Financials,Provider_B,USD,72.27,1933061986203.0,230617350321.0,180547028.0,2026-09-08 09:44:47
3927,2026-08-20,Morgan Stanley,MS,Financials,Provider_C,USD,72.09,1928401957668.0,230061401552.0,180111784.0,2026-09-08 17:24:15
3928,2026-08-20,Morgan Stanley,MS,Financials,Provider_D,USD,72.13,1929374641332.0,230177444250.0,180202632.0,2026-09-08 08:52:25
3809,2026-08-20,NVIDIA Corp.,NVDA,Technology,Provider_A,USD,216.68,210982369177.0,257094818525.0,33088766.0,2026-09-08 16:14:25
3810,2026-08-20,NVIDIA Corp.,NVDA,Technology,Provider_B,USD,215.78,210112660787.0,256035026081.0,32952368.0,2026-09-08 18:16:01
3811,2026-08-20,NVIDIA Corp.,NVDA,Technology,Provider_C,USD,216.54,210855235962.0,256939898988.0,33068827.0,2026-09-08 06:10:48
3812,2026-08-20,NVIDIA Corp.,NVDA,Technology,Provider_D,USD,217.35,211052114279.0,257179807163.0,33099704.0,2026-09-08 18:49:10
3873,2026-08-20,Netflix Inc.,NFLX,Communication,Provider_A,USD,263.27,1713574993274.0,140409561930.0,401469117.0,2026-09-08 22:20:46
3874,2026-08-20,Netflix Inc.,NFLX,Communication,Provider_B,USD,263.2,1713120418998.0,140372314319.0,401362616.0,2026-09-08 21:39:56
3875,2026-08-20,Netflix Inc.,NFLX,Communication,Provider_C,USD,262.97,1711635490248.0,140250639927.0,401014716.0,2026-09-08 23:34:22
3876,2026-08-20,Netflix Inc.,NFLX,Communication,Provider_D,USD,262.96,1711527928308.0,140241826350.0,400989515.0,2026-09-08 09:53:03
3941,2026-08-20,NextEra Energy,NEE,Utilities,Provider_A,USD,47.27,2640168464201.0,415857175469.0,147324670.0,2026-09-08 02:17:21
3942,2026-08-20,NextEra Energy,NEE,Utilities,Provider_B,USD,47.21,2636849147015.0,415334344488.0,147139448.0,2026-09-08 11:45:21
3943,2026-08-20,NextEra Energy,NEE,Utilities,Provider_C,USD,47.32,2643024713519.0,416307067887.0,147484052.0,2026-09-08 10:06:37
3944,2026-08-20,NextEra Energy,NEE,Utilities,Provider_D,USD,47.23,2637665602337.0,415462945677.0,147185007.0,2026-09-08 17:57:45
3905,2026-08-20,Nike Inc.,NKE,Consumer,Provider_A,USD,404.23,1105428236071.0,358896826889.0,174630645.0,2026-09-08 01:36:13
3906,2026-08-20,Nike Inc.,NKE,Consumer,Provider_B,USD,403.74,1104075313523.0,358457576656.0,174416917.0,2026-09-08 07:06:02
3907,2026-08-20,Nike Inc.,NKE,Consumer,Provider_C,USD,403.8,1104262219720.0,358518259059.0,174446443.0,2026-09-08 02:53:38
3908,2026-08-20,Nike Inc.,NKE,Consumer,Provider_D,USD,404.57,1106354226756.0,359197466141.0,174776929.0,2026-09-08 15:31:10
3869,2026-08-20,Oracle Corp.,ORCL,Technology,Provider_A,USD,561.77,1540152776314.0,369119769801.0,324553356.0,2026-09-08 02:00:16
3870,2026-08-20,Oracle Corp.,ORCL,Technology,Provider_B,USD,560.0,1535295662953.0,367955692708.0,323529826.0,2026-09-08 18:17:27
3871,2026-08-20,Oracle Corp.,ORCL,Technology,Provider_C,USD,561.41,1539179115715.0,368886418031.0,324348179.0,2026-09-08 14:47:47
3872,2026-08-20,Oracle Corp.,ORCL,Technology,Provider_D,USD,559.71,1534515296893.0,367768666755.0,323365381.0,2026-09-08 16:50:15
3897,2026-08-20,PepsiCo,PEP,Consumer,Provider_A,USD,235.52,3343385460633.0,409169277318.0,835021294.0,2026-09-08 15:49:19
3898,2026-08-20,PepsiCo,PEP,Consumer,Provider_B,USD,234.68,3331453712252.0,407709049379.0,832041301.0,2026-09-08 12:24:08
3899,2026-08-20,PepsiCo,PEP,Consumer,Provider_C,USD,235.73,3346428956009.0,409541745530.0,835781417.0,2026-09-08 20:35:02
3900,2026-08-20,PepsiCo,PEP,Consumer,Provider_D,USD,235.78,3347157182570.0,409630867152.0,835963294.0,2026-09-08 08:59:49
3909,2026-08-20,Pfizer Inc.,PFE,Healthcare,Provider_A,USD,82.85199999999999,3730133441467.0,199868205656.0,169054224.0,2026-09-08 09:28:50
3910,2026-08-20,Pfizer Inc.,PFE,Healthcare,Provider_B,USD,236.8,3731361615033.0,199934013716.0,169109886.0,2026-09-08 15:27:32
3911,2026-08-20,Pfizer Inc.,PFE,Healthcare,Provider_C,USD,236.7,3729885013965.0,199854894400.0,169042965.0,2026-09-08 17:41:46
3912,2026-08-20,Pfizer Inc.,PFE,Healthcare,Provider_D,USD,237.19,4711724777780.164,200264403614.0,169389339.0,2026-09-08 07:31:17
3857,2026-08-20,Procter & Gamble,PG,Consumer,Provider_A,USD,671.55,3133072090219.0,65522349576.0,362900616.0,2026-09-08 05:24:53
3858,2026-08-20,Procter & Gamble,PG,Consumer,Provider_B,USD,671.91,3134728729223.0,65556995086.0,363092503.0,2026-09-08 22:02:31
3859,2026-08-20,Procter & Gamble,PG,Consumer,Provider_C,USD,671.33,3132013919498.0,65500219913.0,362778049.0,2026-09-08 21:01:15
3860,2026-08-20,Procter & Gamble,PG,Consumer,Provider_D,USD,671.88,3134594976907.0,65554197906.0,363077011.0,2026-09-08 15:25:30
3993,2026-08-20,Qualcomm,QCOM,Technology,Provider_A,USD,472.38,2446283556673.0,60263445129.0,98315611.0,2026-09-08 05:22:27
3994,2026-08-20,Qualcomm,QCOM,Technology,Provider_B,USD,471.55,2441980729024.0,60157446290.0,98142681.0,2026-09-08 02:37:41
3995,2026-08-20,Qualcomm,QCOM,Technology,Provider_C,USD,472.4,3232403713799.163,60265687057.0,98319268.0,2026-09-08 11:14:03
3996,2026-08-20,Qualcomm,QCOM,Technology,Provider_D,USD,473.52,2452186187587.0,60408854631.0,98552836.0,2026-09-08 20:27:35
3881,2026-08-20,Salesforce Inc.,CRM,Technology,Provider_A,USD,581.3,3272819310309.0,55711764889.0,686772036.0,2026-09-08 22:58:16
3882,2026-08-20,Salesforce Inc.,CRM,Technology,Provider_B,USD,579.63,3263392960067.0,55551304271.0,684794000.0,2026-09-08 14:59:50
3883,2026-08-20,Salesforce Inc.,CRM,Technology,Provider_C,USD,579.06,3260210710058.0,55497134228.0,684126233.0,2026-09-08 13:03:02
3884,2026-08-20,Salesforce Inc.,CRM,Technology,Provider_D,USD,580.13,3266215780823.0,55599355909.0,685386344.0,2026-09-08 11:41:49
3825,2026-08-20,Tesla Inc.,TSLA,Automotive,Provider_A,USD,419.72,3215101338761.0,185425066440.0,189008956.0,2026-09-08 12:55:05
3826,2026-08-20,Tesla Inc.,TSLA,Automotive,Provider_B,USD,420.88,3224040857274.0,185940636756.0,189534491.0,2026-09-08 20:39:34
3827,2026-08-20,Tesla Inc.,TSLA,Automotive,Provider_C,USD,1259.22,3215256945990.0,185434040801.0,189018104.0,2026-09-08 09:07:33
3828,2026-08-20,Tesla Inc.,TSLA,Automotive,Provider_D,USD,-419.75,3215379644633.0,185441117220.0,189025317.0,2026-09-08 07:27:04
3997,2026-08-20,Texas Instruments,TXN,Technology,Provider_A,USD,139.07,3671579002729.0,312426543450.0,381249512.0,2026-09-08 04:28:05
3998,2026-08-20,Texas Instruments,TXN,Technology,Provider_B,USD,139.19,3674745841639.0,312696020025.0,381578350.0,2026-09-08 02:44:03
3999,2026-08-20,Texas Instruments,TXN,Technology,Provider_C,USD,138.68,3661308053777.0,311552555153.0,380182997.0,2026-09-08 01:17:15
4000,2026-08-20,Texas Instruments,TXN,Technology,Provider_D,USD,139.25,3676215456450.0,312821074307.0,381730952.0,2026-09-08 07:39:45
3969,2026-08-20,UPS,UPS,Industrials,Provider_A,USD,127.9,2111067131452.0,96266838951.0,,2026-09-08 17:16:44
3970,2026-08-20,UPS,UPS,Industrials,Provider_B,USD,127.6,2106054397613.0,96038253117.0,70020146.0,2026-09-08 12:15:44
3971,2026-08-20,UPS,UPS,Industrials,Provider_C,USD,127.56,2105504596873.0,96013181636.0,70001867.0,2026-09-08 17:59:59
3972,2026-08-20,UPS,UPS,Industrials,Provider_D,USD,127.68,2107496655741.0,96104021575.0,70068097.0,2026-09-08 03:32:15
3965,2026-08-20,Union Pacific,UNP,Industrials,Provider_A,USD,119.82,3545862666067.0,378890672233.0,631539339.0,2026-09-08 09:33:31
3966,2026-08-20,Union Pacific,UNP,Industrials,Provider_B,USD,119.77,3544459690142.0,378740758223.0,631289461.0,2026-09-08 06:30:34
3967,2026-08-20,Union Pacific,UNP,Industrials,Provider_C,USD,119.73,3543371711571.0,378624503034.0,631095685.0,2026-09-08 02:06:55
3968,2026-08-20,Union Pacific,UNP,Industrials,Provider_D,USD,119.85,3546941806105.0,379005982986.0,631731541.0,2026-09-08 16:22:46
3985,2026-08-20,Verizon,VZ,Communication,Provider_A,USD,639.43,3873465361680.0,30260615413.0,125477853.0,2026-09-08 02:36:00
3986,2026-08-20,Verizon,VZ,Communication,Provider_B,USD,639.49,3873841446602.0,30263553496.0,125490036.0,2026-09-08 06:50:20
3987,2026-08-20,Verizon,VZ,Communication,Provider_C,USD,641.25,3884460472950.0,30346512356.0,125834031.0,2026-09-08 23:41:10
3988,2026-08-20,Verizon,VZ,Communication,Provider_D,USD,639.51,3873925318790.0,30264208729.0,125492753.0,2026-09-08 16:18:58
3833,2026-08-20,Visa Inc.,V,Financials,Provider_A,USD,131.18,1089298351995.0,76320556143.0,36283054.0,2026-09-08 21:24:01
3834,2026-08-20,Visa Inc.,V,Financials,Provider_B,USD,131.1,1088654529390.0,76275447382.0,36261609.0,2026-09-08 01:27:33
3835,2026-08-20,Visa Inc.,V,Financials,Provider_C,USD,130.98,1087589796819.0,76200848002.0,36226144.0,INVALID_TIMESTAMP
3836,2026-08-20,Visa Inc.,V,Financials,Provider_D,USD,130.98,1367809985716.8972,76203758647.0,36227528.0,2026-09-08 11:25:01
3837,2026-08-20,Walmart Inc.,WMT,Consumer,Provider_A,USD,681.16,1304383482051.0,45650517709.0,75115821.0,2026-09-08 03:41:14
3838,2026-08-20,Walmart Inc.,WMT,Consumer,Provider_B,USD,677.94,1298209865477.0,45434454874.0,74760300.0,2026-09-08 10:04:11
3839,2026-08-20,Walmart Inc.,WMT,Consumer,Provider_C,USD,680.65,1303402223117.0,45616175831.0,75059313.0,2026-09-08 01:39:21
3840,2026-08-20,Walmart Inc.,WMT,Consumer,Provider_D,USD,679.42,1301046515950.0,45533731325.0,74923655.0,2026-09-08 07:55:37
3933,2026-08-20,Wells Fargo,WFC,Financials,Provider_A,USD,614.41,629474103536.0,,114848955.0,2026-09-08 08:24:28
3934,2026-08-20,Wells Fargo,WFC,Financials,Provider_B,USD,612.66,627687101547.0,11653622201.0,114522913.0,2026-09-08 20:27:20
3935,2026-08-20,Wells Fargo,WFC,Financials,Provider_C,USD,612.69,627711138382.0,11654068468.0,114527298.0,2026-09-08 05:52:11
3936,2026-08-20,Wells Fargo,WFC,Financials,Provider_D,USD,614.33,629391560259.0,11685267137.0,114833895.0,2026-09-08 15:26:48
4089,2026-08-21,AMD,AMD,Technology,Provider_A,USD,107.56,1469420910356.0,403701626419.0,115941638.0,2026-09-08 06:56:45
4090,2026-08-21,AMD,AMD,Technology,Provider_B,USD,107.47,1468202847001.0,403366981558.0,115845529.0,2026-09-08 08:02:34
4091,2026-08-21,AMD,AMD,Technology,Provider_C,USD,107.42,1467530488252.0,403182260952.0,115792478.0,2026-09-08 20:12:02
4092,2026-08-21,AMD,AMD,Technology,Provider_D,USD,,1468579287683.0,403470403058.0,115875231.0,2026-09-08 11:05:13
4181,2026-08-21,AT&T,T,Communication,Provider_A,GBP,284.55,919212251204.0,383130996571.0,199982739.0,2026-09-08 09:51:15
4182,2026-08-21,AT&T,T,Communication,Provider_B,USD,284.29,918389541537.0,382788088201.0,199803751.0,2026-09-08 04:26:21
4183,2026-08-21,AT&T,T,Communication,Provider_C,USD,285.59,922582751966.0,384535833500.0,200716021.0,2026-09-08 15:00:59
4184,2026-08-21,AT&T,T,Communication,Provider_D,USD,287.16,922974570453.0,384699144865.0,200801265.0,2026-09-08 10:39:05
4117,2026-08-21,AbbVie Inc.,ABBV,Healthcare,Provider_A,USD,647.98,3913232204042.0,380715947291.0,197611058.0,2026-09-08 00:04:46
4118,2026-08-21,AbbVie Inc.,ABBV,Healthcare,Provider_B,USD,645.66,3899203206198.0,379351074745.0,196902619.0,2026-09-08 16:34:38
4119,2026-08-21,AbbVie Inc.,ABBV,Healthcare,Provider_C,USD,646.38,,379773324687.0,197121789.0,2026-09-08 17:22:10
4120,2026-08-21,AbbVie Inc.,ABBV,Healthcare,Provider_D,USD,646.67,3905298022632.0,379944035676.0,197210396.0,2026-09-08 04:19:12
4077,2026-08-21,Adobe Inc.,ADBE,Technology,Provider_A,USD,36.93,2379664737686.0,437782222547.0,592616917.0,2026-09-08 09:27:47
4078,2026-08-21,Adobe Inc.,ADBE,Technology,Provider_B,USD,36.86,2374977869219.0,436919988611.0,591449729.0,2026-09-08 12:25:23
4079,2026-08-21,Adobe Inc.,ADBE,Technology,Provider_C,USD,36.91,2378438656865.0,437556662880.0,592311582.0,2026-09-08 12:09:48
4080,2026-08-21,Adobe Inc.,ADBE,Technology,Provider_D,USD,37.07,2377323317641.0,437351476125.0,592033824.0,2026-09-08 15:29:23
4017,2026-08-21,Alphabet Inc.,GOOGL,Communication,Provider_A,USD,480.57,2364167738178.0,322643114037.0,477247542.0,2026-09-08 09:17:13
4018,2026-08-21,Alphabet Inc.,GOOGL,Communication,Provider_B,USD,479.96,2361168868317.0,322233851744.0,476642169.0,2026-09-08 07:09:37
4019,2026-08-21,Alphabet Inc.,GOOGL,Communication,Provider_C,USD,479.41,2358475753199.0,321866316465.0,476098517.0,2026-09-08 06:04:49
4020,2026-08-21,Alphabet Inc.,GOOGL,Communication,Provider_D,USD,479.76,2360207871654.0,322102702438.0,476448175.0,2026-09-08 05:04:42
4013,2026-08-21,Amazon.com Inc.,AMZN,Consumer,Provider_A,USD,67.74,1660535454759.0,127435526761.0,56854152.0,2026-09-08 04:34:08
4014,2026-08-21,Amazon.com Inc.,AMZN,Consumer,Provider_B,USD,67.47,1653819989024.0,126920157510.0,56624225.0,2026-09-08 16:04:27
4015,2026-08-21,Amazon.com Inc.,AMZN,Consumer,Provider_C,USD,67.62,1657658881283.0,127214768056.0,56755663.0,2026-09-08 00:45:00
4016,2026-08-21,Amazon.com Inc.,AMZN,Consumer,Provider_D,USD,67.76,1661089745007.0,127478065009.0,56873130.0,2026-09-08 00:06:00
4001,2026-08-21,Apple Inc.,AAPL,Technology,Provider_A,USD,708.42,1867258166584.0,50165970762.0,345416639.0,2026-09-08 08:09:54
4002,2026-08-21,Apple Inc.,AAPL,Technology,Provider_B,USD,708.11,1866442592827.0,50144059464.0,345265769.0,2026-09-08 22:42:50
4003,2026-08-21,Apple Inc.,AAPL,Technology,Provider_C,USD,708.59,1867707090926.0,50178031614.0,345499684.0,2026-09-08 14:48:22
4004,2026-08-21,Apple Inc.,AAPL,Technology,Provider_D,USD,,1870889495102.0,50263530448.0,346088384.0,2026-09-08 15:18:19
4129,2026-08-21,Bank of America,BAC,Financials,Provider_A,USD,63.42,359611897468.0,173698579398.0,60998957.0,2026-09-08 15:43:29
4130,2026-08-21,Bank of America,BAC,Financials,Provider_B,USD,63.53,360243965342.0,174003878784.0,61106171.0,2026-09-08 11:28:19
4131,2026-08-21,Bank of America,BAC,Financials,Provider_C,USD,63.31,358979889711.0,173393309049.0,60891753.0,2026-09-08 08:05:01
4132,2026-08-21,Bank of America,BAC,Financials,Provider_D,USD,63.33,359106690707.0,173454556057.0,60913261.0,2026-09-08 22:55:04
4137,2026-08-21,Berkshire Hathaway,BRK.B,Financials,Provider_A,USD,490.46,1785243200192.0,41259706179.0,188764027.0,2026-09-08 09:33:48
4138,2026-08-21,Berkshire Hathaway,BRK.B,Financials,Provider_B,USD,491.15,1787784096528.0,41318430187.0,189032690.0,2026-09-08 04:13:54
4139,2026-08-21,Berkshire Hathaway,BRK.B,Financials,Provider_C,USD,491.49,1789022734496.0,41347057008.0,189163659.0,2026-09-08 10:13:45
7602,2026-08-21,Berkshire Hathaway,BRK.B,Financials,Provider_C,USD,491.49,1789022734496.0,41347057008.0,189163659.0,2026-09-08 10:13:45
4140,2026-08-21,Berkshire Hathaway,BRK.B,Financials,Provider_D,USD,490.81,1786532784747.0,41289510454.0,188900382.0,2026-09-08 02:16:00
4157,2026-08-21,Boeing Co.,BA,Industrials,Provider_A,USD,569.03,721702421514.0,268456886750.0,79914127.0,2026-09-08 14:07:51
4158,2026-08-21,Boeing Co.,BA,Industrials,Provider_B,USD,570.6,723698976250.0,269199559703.0,80135206.0,2026-09-08 11:27:22
4159,2026-08-21,Boeing Co.,BA,Industrials,Provider_C,USD,569.02,721691351753.0,268452769050.0,79912902.0,INVALID_TIMESTAMP
4160,2026-08-21,Boeing Co.,BA,Industrials,Provider_D,USD,569.89,722795654731.0,268863544643.0,80035181.0,2026-09-08 16:12:00
4065,2026-08-21,Broadcom Inc.,AVGO,Technology,Provider_A,USD,691.12,1321124605815.0,298648673549.0,210392341.0,2026-09-08 01:17:47
4066,2026-08-21,Broadcom Inc.,AVGO,Technology,Provider_B,USD,690.48,1319906421037.0,298373295083.0,210198342.0,2026-09-08 18:27:24
4067,2026-08-21,Broadcom Inc.,AVGO,Technology,Provider_C,USD,689.91,1318806692410.0,298124694387.0,210023208.0,2026-09-08 00:33:55
4068,2026-08-21,Broadcom Inc.,AVGO,Technology,Provider_D,USD,691.43,1321704226724.0,298779700566.0,210484647.0,2026-09-08 15:07:37
4161,2026-08-21,Caterpillar Inc.,CAT,Industrials,Provider_A,USD,329.27,3382847078697.0,328333367883.0,,2026-09-08 13:54:23
4162,2026-08-21,Caterpillar Inc.,CAT,Industrials,Provider_B,USD,329.29,3383061237404.0,328354153762.0,165527640.0,2026-09-08 13:01:56
4163,2026-08-21,Caterpillar Inc.,CAT,Industrials,Provider_C,USD,328.6,4446318832440.484,327663083956.0,165179263.0,2026-09-08 00:53:30
4164,2026-08-21,Caterpillar Inc.,CAT,Industrials,Provider_D,USD,328.6,3375965540475.0,327665457520.0,165180459.0,2026-09-08 04:02:06
4053,2026-08-21,Chevron Corp.,CVX,Energy,Provider_A,USD,233.14,3976735171162.0,395897943826.0,272513076.0,2026-09-08 01:14:05
4054,2026-08-21,Chevron Corp.,CVX,Energy,Provider_B,USD,232.9,3972556619634.0,395481954355.0,272226733.0,2026-09-08 09:58:41
4055,2026-08-21,Chevron Corp.,CVX,Energy,Provider_C,USD,232.53,3966184552769.0,394847592734.0,271790075.0,2026-09-08 23:20:04
4056,2026-08-21,Chevron Corp.,CVX,Energy,Provider_D,USD,233.01,3974396638938.0,395665134735.0,272352824.0,2026-09-08 18:18:19
4093,2026-08-21,Cisco Systems,CSCO,Technology,Provider_A,USD,74.08,883963411220.0,119831411143.0,127634450.0,2026-09-08 07:51:06
4094,2026-08-21,Cisco Systems,CSCO,Technology,Provider_B,USD,74.05,883575969271.0,119778888929.0,127578508.0,2026-09-08 12:03:40
4095,2026-08-21,Cisco Systems,CSCO,Technology,Provider_C,USD,74.13,884461006068.0,119898865850.0,127706297.0,2026-09-08 22:50:15
4096,2026-08-21,Cisco Systems,CSCO,Technology,Provider_D,USD,73.97,882660317384.0,119654761781.0,127446298.0,2026-09-08 03:09:52
4041,2026-08-21,Coca-Cola,KO,Consumer,Provider_A,USD,454.22,2821312522743.0,215506501215.0,388069359.0,2026-09-08 14:47:42
4042,2026-08-21,Coca-Cola,KO,Consumer,Provider_B,USD,452.85,2812830786390.0,214858622148.0,386902702.0,2026-09-08 16:51:41
4043,2026-08-21,Coca-Cola,KO,Consumer,Provider_C,USD,453.76,2818430307158.0,215286342621.0,387672912.0,2026-09-08 20:55:50
4044,2026-08-21,Coca-Cola,KO,Consumer,Provider_D,USD,453.75,2818382090405.0,215282659575.0,387666280.0,2026-09-08 02:27:36
4189,2026-08-21,Comcast,CMCSA,Communication,Provider_A,USD,606.73,368346100604.0,174153881743.0,47203506.0,2026-09-08 06:46:49
4190,2026-08-21,Comcast,CMCSA,Communication,Provider_B,USD,604.41,366934469135.0,173486462976.0,47022606.0,2026-09-08 04:20:31
4191,2026-08-21,Comcast,CMCSA,Communication,Provider_C,USD,604.54,367014144773.0,173524133585.0,47032816.0,2026-09-08 18:45:17
4192,2026-08-21,Comcast,CMCSA,Communication,Provider_D,USD,604.82,367182371261.0,173603670998.0,47054374.0,2026-09-08 15:02:28
4149,2026-08-21,ConocoPhillips,COP,Energy,Provider_A,USD,286.19,207106083646.0,447162008991.0,12658316.0,2026-09-08 20:42:19
4150,2026-08-21,ConocoPhillips,COP,Energy,Provider_B,USD,287.87,208321996899.0,449787282973.0,12732633.0,2026-09-08 03:01:33
4151,2026-08-21,ConocoPhillips,COP,Energy,Provider_C,USD,286.04,207002751895.0,446938905774.0,12652001.0,2026-09-08 12:37:33
4152,2026-08-21,ConocoPhillips,COP,Energy,Provider_D,USD,286.3,207188067592.0,447339020237.0,12663327.0,2026-09-08 09:09:26
4145,2026-08-21,Duke Energy,DUK,Utilities,Provider_A,USD,656.69,298557849026.0,390026522523.0,33273238.0,2026-09-08 07:26:58
4146,2026-08-21,Duke Energy,DUK,Utilities,Provider_B,USD,656.33,298393509841.0,389811835015.0,33254923.0,2026-09-08 21:38:06
4147,2026-08-21,Duke Energy,DUK,Utilities,Provider_C,USD,657.0,298697977039.0,390209581324.0,33288855.0,2026-09-08 12:28:18
4148,2026-08-21,Duke Energy,DUK,Utilities,Provider_D,USD,657.24,298810334164.0,390356361115.0,33301377.0,2026-09-08 15:09:33
4049,2026-08-21,Exxon Mobil,XOM,Energy,Provider_A,USD,,1402040030272.0,96183952931.0,103585398.0,2026-09-08 16:34:12
4050,2026-08-21,Exxon Mobil,XOM,Energy,Provider_B,USD,46.27,1404966577025.0,96384722402.0,103801617.0,2026-09-08 22:02:34
4051,2026-08-21,Exxon Mobil,XOM,Energy,Provider_C,USD,46.11,1399933149297.0,96039414875.0,103429737.0,2026-09-08 23:18:09
4052,2026-08-21,Exxon Mobil,XOM,Energy,Provider_D,USD,46.21,1402904986122.0,96243291374.0,103649302.0,2026-09-08 19:08:18
4121,2026-08-21,Goldman Sachs,GS,Financials,Provider_A,USD,694.55,3774027762991.0,100314613763.0,788582640.0,2026-09-08 01:08:29
4122,2026-08-21,Goldman Sachs,GS,Financials,Provider_B,USD,694.83,3775552948235.0,100355153574.0,788901328.0,2026-09-08 22:06:04
4123,2026-08-21,Goldman Sachs,GS,Financials,Provider_C,USD,693.2,3766702981786.0,100119919224.0,787052128.0,2026-09-08 19:52:29
4124,2026-08-21,Goldman Sachs,GS,Financials,Provider_D,USD,243.194,3775576677638.0,100355784307.0,788906286.0,2026-09-08 09:22:53
4173,2026-08-21,Home Depot,HD,Consumer,Provider_A,USD,299.66,1338620517644.0,179923134907.0,,2026-09-08 12:55:38
4174,2026-08-21,Home Depot,HD,Consumer,Provider_B,USD,299.23,1336669865854.0,179660949037.0,86974432.0,2026-09-08 13:08:52
4175,2026-08-21,Home Depot,HD,Consumer,Provider_C,USD,299.16,1336367509768.0,179620309547.0,86954759.0,2026-09-08 21:39:45
4176,2026-08-21,Home Depot,HD,Consumer,Provider_D,USD,299.02,1335737452113.0,179535623897.0,86913762.0,2026-09-08 12:30:41
4085,2026-08-21,Intel Corp.,INTC,Technology,Provider_A,USD,176.7,2210046256739.0,208758889092.0,403932400.0,2026-09-08 08:15:52
4086,2026-08-21,Intel Corp.,INTC,Technology,Provider_B,USD,175.48,2194862151506.0,207324612804.0,401157185.0,2026-09-08 02:31:59
4087,2026-08-21,Intel Corp.,INTC,Technology,Provider_C,USD,176.6,2208858009227.0,208646648350.0,403715222.0,2026-09-08 13:59:01
4088,2026-08-21,Intel Corp.,INTC,Technology,Provider_D,USD,176.15,2203183936770.0,208110680807.0,402678166.0,2026-09-08 12:12:51
4029,2026-08-21,JPMorgan Chase,JPM,Financials,Provider_A,USD,721.45,2171032163741.0,165301012414.0,146644754.0,2026-09-08 04:34:36
4030,2026-08-21,JPMorgan Chase,JPM,Financials,Provider_B,USD,722.97,2175610145107.0,165649577012.0,146953978.0,2026-09-08 03:47:29
7623,2026-08-21,JPMorgan Chase,JPM,Financials,Provider_B,USD,722.97,2175610145107.0,165649577012.0,146953978.0,2026-09-08 03:47:29
4031,2026-08-21,JPMorgan Chase,JPM,Financials,Provider_C,USD,722.25,2173445128828.0,165484734045.0,146807740.0,2026-09-08 04:18:33
4032,2026-08-21,JPMorgan Chase,JPM,Financials,Provider_D,USD,722.73,2174902941097.0,165595730947.0,146906210.0,2026-09-08 09:58:57
4045,2026-08-21,Johnson & Johnson,JNJ,Healthcare,Provider_A,USD,561.48,1397528803721.0,292837575029.0,154416132.0,2026-09-08 20:41:57
4046,2026-08-21,Johnson & Johnson,JNJ,Healthcare,Provider_B,USD,561.76,1398232020395.0,292984926743.0,154493832.0,2026-09-08 17:33:59
4047,2026-08-21,Johnson & Johnson,JNJ,Healthcare,Provider_C,USD,561.81,1398348756435.0,293009387562.0,154506731.0,2026-09-08 06:18:23
4048,2026-08-21,Johnson & Johnson,JNJ,Healthcare,Provider_D,USD,561.55,1397708334480.0,292875193826.0,154435969.0,2026-09-08 10:55:19
4153,2026-08-21,Lockheed Martin,LMT,Industrials,Provider_A,USD,480.93,3919906259144.0,141135362031.0,795032030.0,2026-09-08 05:40:17
4154,2026-08-21,Lockheed Martin,LMT,Industrials,Provider_B,USD,480.87,3919448365349.0,141118875666.0,794939160.0,2026-09-08 02:03:58
4155,2026-08-21,Lockheed Martin,LMT,Industrials,Provider_C,USD,480.25,3914367866869.0,140935953436.0,793908738.0,2026-09-08 17:03:28
4156,2026-08-21,Lockheed Martin,LMT,Industrials,Provider_D,USD,481.42,3923933422067.0,141280359146.0,795848816.0,2026-09-08 04:45:58
4177,2026-08-21,Lowe's,LOW,Consumer,Provider_A,USD,405.8,1023936255898.0,329259259300.0,37128701.0,2026-09-08 18:18:56
4178,2026-08-21,Lowe's,LOW,Consumer,Provider_B,USD,405.2,1022416771336.0,328770650406.0,37073603.0,2026-09-08 20:19:14
4179,2026-08-21,Lowe's,LOW,Consumer,Provider_C,USD,404.86,1021564049230.0,328496447157.0,37042683.0,2026-09-08 14:58:18
4180,2026-08-21,Lowe's,LOW,Consumer,Provider_D,USD,405.41,1022941733261.0,328939458351.0,37092638.0,2026-09-08 18:50:17
4061,2026-08-21,Mastercard Inc.,MA,Financials,Provider_A,USD,656.43,2002380755514.0,421375533706.0,78071383.0,2026-09-08 21:37:24
4062,2026-08-21,Mastercard Inc.,MA,Financials,Provider_B,USD,657.55,2005804181037.0,422095950017.0,78204860.0,2026-09-08 08:15:38
4063,2026-08-21,Mastercard Inc.,MA,Financials,Provider_C,USD,656.45,2002444183172.0,421388881249.0,78073856.0,2026-09-08 16:42:46
4064,2026-08-21,Mastercard Inc.,MA,Financials,Provider_D,USD,656.68,2003148605089.0,421537117872.0,78101321.0,2026-09-08 07:55:57
4101,2026-08-21,McDonald's,MCD,Consumer,Provider_A,USD,610.64,1228427671218.0,444113461424.0,243406067.0,2026-09-08 17:26:03
4102,2026-08-21,McDonald's,MCD,Consumer,Provider_B,USD,609.81,1226766059363.0,443512738883.0,243076828.0,2026-09-08 17:48:56
4103,2026-08-21,McDonald's,MCD,Consumer,Provider_C,USD,607.81,1222738093099.0,442056508222.0,242278709.0,2026-09-08 00:15:27
4104,2026-08-21,McDonald's,MCD,Consumer,Provider_D,USD,610.61,1479118960474.2837,444096189029.0,243396600.0,2026-09-08 13:44:57
4113,2026-08-21,Merck & Co.,MRK,Healthcare,Provider_A,USD,81.43,1997067341237.0,58495648443.0,71157261.0,2026-09-08 14:22:21
4114,2026-08-21,Merck & Co.,MRK,Healthcare,Provider_B,USD,162.87,1997161533847.0,58498407417.0,71160617.0,2026-09-08 16:14:49
4115,2026-08-21,Merck & Co.,MRK,Healthcare,Provider_C,USD,162.82,1996518959432.0,58479585915.0,71137722.0,2026-09-08 05:30:04
4116,2026-08-21,Merck & Co.,MRK,Healthcare,Provider_D,USD,162.86,1997026839319.0,58494462110.0,71155818.0,2026-09-08 16:57:14
4021,2026-08-21,Meta Platforms,META,Communication,Provider_A,USD,319.14,1724895909726.0,292866477108.0,407147768.0,2026-09-08 08:33:54
4022,2026-08-21,Meta Platforms,META,Communication,Provider_B,USD,-318.98,1724030154894.0,292719482401.0,406943413.0,2026-09-08 14:32:18
4023,2026-08-21,Meta Platforms,META,Communication,Provider_C,USD,319.75,1728177579612.0,293423664990.0,407922379.0,2026-09-08 12:50:06
4024,2026-08-21,Meta Platforms,META,Communication,Provider_D,USD,319.66,1727669523223.0,293337403156.0,407802457.0,2026-09-08 04:07:20
4005,2026-08-21,Microsoft Corp.,MSFT,Technology,Provider_A,USD,219.27,3050161129845.0,65178237054.0,330458241.0,2026-09-08 05:21:11
7624,2026-08-21,Microsoft Corp.,MSFT,Technology,Provider_A,USD,219.27,3050161129845.0,65178237054.0,330458241.0,2026-09-08 05:21:11
4006,2026-08-21,Microsoft Corp.,MSFT,Technology,Provider_B,USD,218.81,3043773936524.0,65041750494.0,329766245.0,2026-09-08 11:05:14
4007,2026-08-21,Microsoft Corp.,MSFT,Technology,Provider_C,USD,218.61,3041006021334.0,64982603510.0,329466365.0,2026-09-08 18:02:59
4008,2026-08-21,Microsoft Corp.,MSFT,Technology,Provider_D,USD,219.2,3049181919288.0,65157312514.0,330352152.0,2026-09-08 04:58:49
4125,2026-08-21,Morgan Stanley,MS,Financials,Provider_A,USD,71.65,1931027042305.0,230459008044.0,253967055.0,2026-09-08 15:12:10
4126,2026-08-21,Morgan Stanley,MS,Financials,Provider_B,USD,71.79,1934865128082.0,230917065555.0,254471837.0,2026-09-08 22:54:13
4127,2026-08-21,Morgan Stanley,MS,Financials,Provider_C,USD,71.63,1930342291813.0,230377286289.0,253876997.0,2026-09-08 17:29:45
4128,2026-08-21,Morgan Stanley,MS,Financials,Provider_D,USD,71.58,1929037131838.0,230221521576.0,253705344.0,2026-09-08 22:37:59
4009,2026-08-21,NVIDIA Corp.,NVDA,Technology,Provider_A,USD,217.21,211415641040.0,257175241665.0,25726614.0,2026-09-08 04:50:40
4010,2026-08-21,NVIDIA Corp.,NVDA,Technology,Provider_B,USD,217.57,211768388868.0,257604339566.0,25769539.0,2026-09-08 09:06:52
4011,2026-08-21,NVIDIA Corp.,NVDA,Technology,Provider_C,USD,217.34,211544309613.0,257331759750.0,25742271.0,2026-09-08 04:58:33
4012,2026-08-21,NVIDIA Corp.,NVDA,Technology,Provider_D,USD,216.84,258348380470.82614,256731821499.0,25682256.0,2026-09-08 14:26:40
4073,2026-08-21,Netflix Inc.,NFLX,Communication,Provider_A,USD,259.24,1713627434967.0,-140541114546.0,172464930.0,INVALID_TIMESTAMP
4074,2026-08-21,Netflix Inc.,NFLX,Communication,Provider_B,USD,258.81,1710757692029.0,140305755995.0,172176110.0,2026-09-08 20:08:22
4075,2026-08-21,Netflix Inc.,NFLX,Communication,Provider_C,USD,259.06,1712425269441.0,140442520371.0,172343940.0,2026-09-08 22:21:00
4076,2026-08-21,Netflix Inc.,NFLX,Communication,Provider_D,USD,258.6,1709412016137.0,140195391988.0,172040677.0,2026-09-08 07:26:35
4141,2026-08-21,NextEra Energy,NEE,Utilities,Provider_A,USD,46.69,2640893670111.0,415396403281.0,376569846.0,2026-09-08 00:03:11
4142,2026-08-21,NextEra Energy,NEE,Utilities,Provider_B,USD,46.64,2638153486660.0,414965389203.0,376179118.0,2026-09-08 11:32:22
4143,2026-08-21,NextEra Energy,NEE,Utilities,Provider_C,USD,46.76,2645227245182.0,416078048104.0,377187778.0,2026-09-08 10:58:53
4144,2026-08-21,NextEra Energy,NEE,Utilities,Provider_D,USD,46.69,2641248504482.0,415452216555.0,376620442.0,2026-09-08 14:06:15
4105,2026-08-21,Nike Inc.,NKE,Consumer,Provider_A,USD,397.1,1110173497992.0,360026022360.0,117913986.0,2026-09-08 02:03:07
4106,2026-08-21,Nike Inc.,NKE,Consumer,Provider_B,USD,395.57,1105893245165.0,358637948871.0,117459371.0,2026-09-08 09:48:18
7657,2026-08-21,Nike Inc.,NKE,Consumer,Provider_B,USD,395.57,1105893245165.0,358637948871.0,117459371.0,2026-09-08 09:48:18
4107,2026-08-21,Nike Inc.,NKE,Consumer,Provider_C,USD,396.07,1107293609807.0,359092083034.0,117608107.0,2026-09-08 03:35:03
4108,2026-08-21,Nike Inc.,NKE,Consumer,Provider_D,USD,397.22,1110517942183.0,360137724604.0,117950570.0,2026-09-08 15:30:12
4069,2026-08-21,Oracle Corp.,ORCL,Technology,Provider_A,USD,549.71,1528804051924.0,367452424290.0,193828294.0,2026-09-08 22:54:08
4070,2026-08-21,Oracle Corp.,ORCL,Technology,Provider_B,USD,551.4,1533526263953.0,368587421451.0,194426997.0,2026-09-08 00:53:32
4071,2026-08-21,Oracle Corp.,ORCL,Technology,Provider_C,USD,551.8,1534616452517.0,368849451389.0,194565215.0,2026-09-08 17:22:08
4072,2026-08-21,Oracle Corp.,ORCL,Technology,Provider_D,USD,551.43,1533611137273.0,368607820996.0,194437757.0,2026-09-08 13:43:39
4097,2026-08-21,PepsiCo,PEP,Consumer,Provider_A,USD,235.82,3329496671118.0,407741221953.0,523567618.0,2026-09-08 16:49:27
4098,2026-08-21,PepsiCo,PEP,Consumer,Provider_B,USD,236.27,3335789413938.0,408511852142.0,524557160.0,2026-09-08 15:50:11
4099,2026-08-21,PepsiCo,PEP,Consumer,Provider_C,USD,236.44,3338147952938.0,408800686662.0,524928043.0,2026-09-08 03:46:30
4100,2026-08-21,PepsiCo,PEP,Consumer,Provider_D,USD,236.33,3336706652318.0,408624180201.0,524701396.0,2026-09-08 16:06:48
4109,2026-08-21,Pfizer Inc.,PFE,Healthcare,Provider_A,USD,234.86,3723518196920.0,199587480211.0,270199863.0,2026-09-08 19:54:44
4110,2026-08-21,Pfizer Inc.,PFE,Healthcare,Provider_B,USD,234.64,3720092850284.0,199403875280.0,269951301.0,2026-09-08 21:34:23
4111,2026-08-21,Pfizer Inc.,PFE,Healthcare,Provider_C,USD,235.14,3728033472596.0,199829507361.0,270527518.0,2026-09-08 03:19:17
4112,2026-08-21,Pfizer Inc.,PFE,Healthcare,Provider_D,USD,235.16,3728288495810.0,199843177078.0,270546024.0,2026-09-08 08:44:33
4057,2026-08-21,Procter & Gamble,PG,Consumer,Provider_A,USD,675.66,3123533492889.0,65385605967.0,640731877.0,2026-09-08 13:42:40
4058,2026-08-21,Procter & Gamble,PG,Consumer,Provider_B,USD,675.6,3123215949469.0,65378958762.0,640666739.0,2026-09-08 02:23:45
4059,2026-08-21,Procter & Gamble,PG,Consumer,Provider_C,USD,676.52,3127492909302.0,65468489292.0,641544074.0,2026-09-08 08:48:35
4060,2026-08-21,Procter & Gamble,PG,Consumer,Provider_D,USD,676.74,3128519750549.0,65489984384.0,641754710.0,2026-09-08 21:56:16
4193,2026-08-21,Qualcomm,QCOM,Technology,Provider_A,USD,487.82,2448503937103.0,60259826792.0,304688118.0,2026-09-08 00:31:05
4194,2026-08-21,Qualcomm,QCOM,Technology,Provider_B,USD,486.2,2440398650322.0,60060348584.0,303679508.0,2026-09-08 23:06:20
4195,2026-08-21,Qualcomm,QCOM,Technology,Provider_C,USD,487.3,2445880757955.0,60195268055.0,304361693.0,2026-09-08 17:44:12
4196,2026-08-21,Qualcomm,QCOM,Technology,Provider_D,USD,487.62,2447495266875.0,60235002534.0,304562600.0,2026-09-08 13:33:20
4081,2026-08-21,Salesforce Inc.,CRM,Technology,Provider_A,USD,591.34,3704007531425.6973,55545713445.0,803798429.0,2026-09-08 13:23:45
4082,2026-08-21,Salesforce Inc.,CRM,Technology,Provider_B,USD,593.15,3272037929192.0,55715932548.0,806261659.0,2026-09-08 12:38:26
4083,2026-08-21,Salesforce Inc.,CRM,Technology,Provider_C,USD,591.45,3262633222406.0,55555790147.0,803944249.0,2026-09-08 09:03:35
4084,2026-08-21,Salesforce Inc.,CRM,Technology,Provider_D,USD,590.92,3259725969021.0,55506285729.0,803227874.0,2026-09-08 07:35:07
4025,2026-08-21,Tesla Inc.,TSLA,Automotive,Provider_A,USD,425.56,4577935648327.722,185250029903.0,125893003.0,2026-09-08 23:15:59
4026,2026-08-21,Tesla Inc.,TSLA,Automotive,Provider_B,USD,426.23,3220684506627.0,185542453378.0,126091729.0,2026-09-08 22:20:06
4027,2026-08-21,Tesla Inc.,TSLA,Automotive,Provider_C,USD,425.53,3215348330949.0,185235038254.0,125882815.0,2026-09-08 07:53:52
4028,2026-08-21,Tesla Inc.,TSLA,Automotive,Provider_D,USD,426.33,3221424450797.0,185585081290.0,126120698.0,2026-09-08 22:03:50
4197,2026-08-21,Texas Instruments,TXN,Technology,Provider_A,USD,140.27,3673481967438.0,312559352740.0,612162073.0,2026-09-08 11:27:13
4198,2026-08-21,Texas Instruments,TXN,Technology,Provider_B,USD,140.43,3677512645136.0,312902304203.0,612833760.0,2026-09-08 20:08:38
4199,2026-08-21,Texas Instruments,TXN,Technology,Provider_C,USD,139.97,3665514635757.0,311881449853.0,610834369.0,2026-09-08 19:00:04
4200,2026-08-21,Texas Instruments,TXN,Technology,Provider_D,USD,139.85,3662354467859.0,311612565987.0,610307747.0,2026-09-08 13:47:35
4169,2026-08-21,UPS,UPS,Industrials,Provider_A,USD,126.21,2502496997800.448,96237992681.0,132175952.0,2026-09-08 15:03:05
4170,2026-08-21,UPS,UPS,Industrials,Provider_B,USD,126.13,2108937703890.0,96171960947.0,,2026-09-08 19:06:46
4171,2026-08-21,UPS,UPS,Industrials,Provider_C,USD,125.9,2105148641032.0,95999171773.0,131847949.0,2026-09-08 23:35:01
4172,2026-08-21,UPS,UPS,Industrials,Provider_D,USD,125.8,2103416121553.0,95920165269.0,131739439.0,2026-09-08 01:15:53
4165,2026-08-21,Union Pacific,UNP,Industrials,Provider_A,EUR,121.83,3553986229349.0,379282427016.0,360568301.0,2026-09-08 15:04:13
4166,2026-08-21,Union Pacific,UNP,Industrials,Provider_B,USD,121.63,3548062264770.0,378650219822.0,359967288.0,2026-09-08 05:22:58
4167,2026-08-21,Union Pacific,UNP,Industrials,Provider_C,USD,121.68,3549461743010.0,378799572540.0,360109271.0,2026-09-08 03:21:41
4168,2026-08-21,Union Pacific,UNP,Industrials,Provider_D,USD,121.63,3548088630556.0,378653033586.0,359969962.0,2026-09-08 15:55:44
4185,2026-08-21,Verizon,VZ,Communication,Provider_A,USD,636.07,3876551735612.0,30285629565.0,297826128.0,2026-09-08 05:54:42
4186,2026-08-21,Verizon,VZ,Communication,Provider_B,USD,635.91,3875570552988.0,30277964058.0,297750746.0,2026-09-08 09:38:21
4187,2026-08-21,Verizon,VZ,Communication,Provider_C,USD,634.51,3867055516348.0,30211440183.0,297096557.0,2026-09-08 04:49:01
4188,2026-08-21,Verizon,VZ,Communication,Provider_D,USD,634.93,3869640179698.0,30231632911.0,297295130.0,2026-09-08 06:26:39
4033,2026-08-21,Visa Inc.,V,Financials,Provider_A,USD,130.56,1090491421653.0,76314355984.0,127557414.0,2026-09-08 17:55:58
4034,2026-08-21,Visa Inc.,V,Financials,Provider_B,USD,129.89,-1084940462815.0,75925890893.0,126908105.0,2026-09-08 19:30:17
4035,2026-08-21,Visa Inc.,V,Financials,Provider_C,USD,130.39,1089060049450.0,76214186239.0,127389983.0,2026-09-08 04:26:09
4036,2026-08-21,Visa Inc.,V,Financials,Provider_D,USD,129.89,1084927005727.0,75924949145.0,126906531.0,2026-09-08 01:33:27
4037,2026-08-21,Walmart Inc.,WMT,Consumer,Provider_A,USD,682.83,1304779324519.0,45591350200.0,149064235.0,2026-09-08 00:40:11
4038,2026-08-21,Walmart Inc.,WMT,Consumer,Provider_B,USD,682.88,1304872597106.0,45594609313.0,149074891.0,2026-09-08 18:08:18
4039,2026-08-21,Walmart Inc.,WMT,Consumer,Provider_C,USD,681.8,1302813862890.0,45522673415.0,148839691.0,2026-09-08 10:36:01
4040,2026-08-21,Walmart Inc.,WMT,Consumer,Provider_D,USD,681.62,1302457843813.0,45510233464.0,,2026-09-08 01:28:53
4133,2026-08-21,Wells Fargo,WFC,Financials,Provider_A,USD,615.62,631390184716.0,11689893301.0,124465203.0,2026-09-08 09:56:56
4134,2026-08-21,Wells Fargo,WFC,Financials,Provider_B,USD,612.66,630819224179.0,11679322234.0,124352651.0,2026-09-08 21:33:28
4135,2026-08-21,Wells Fargo,WFC,Financials,Provider_C,USD,613.93,629659443011.0,11657849429.0,124124024.0,2026-09-08 18:32:57
4136,2026-08-21,Wells Fargo,WFC,Financials,Provider_D,USD,615.43,631201764437.0,11686404787.0,124428060.0,2026-09-08 23:34:11
4289,2026-08-22,AMD,AMD,Technology,Provider_A,USD,261.825,1467730542053.0,402949396782.0,204420863.0,2026-09-08 22:43:25
4290,2026-08-22,AMD,AMD,Technology,Provider_B,USD,105.1,1472948777219.0,404382006278.0,205147642.0,2026-09-08 05:37:53
4291,2026-08-22,AMD,AMD,Technology,Provider_C,USD,104.77,1468387713565.0,403129816046.0,204512391.0,2026-09-08 11:16:03
4292,2026-08-22,AMD,AMD,Technology,Provider_D,USD,105.13,1473362980863.0,404495721367.0,205205331.0,2026-09-08 10:34:21
4381,2026-08-22,AT&T,T,Communication,Provider_A,USD,281.97,920646199982.0,383407772528.0,155879462.0,2026-09-08 07:06:46
4382,2026-08-22,AT&T,T,Communication,Provider_B,USD,282.4,922063044049.0,383997824415.0,156119356.0,2026-09-08 04:45:34
4383,2026-08-22,AT&T,T,Communication,Provider_C,USD,282.33,921837212911.0,383903775894.0,156081119.0,2026-09-08 10:24:03
4384,2026-08-22,AT&T,T,Communication,Provider_D,USD,282.65,922879603706.0,384337884820.0,156257612.0,2026-09-08 21:51:47
4317,2026-08-22,AbbVie Inc.,ABBV,Healthcare,Provider_A,USD,640.84,3918799820075.0,381114694164.0,669780967.0,2026-09-08 02:42:09
4318,2026-08-22,AbbVie Inc.,ABBV,Healthcare,Provider_B,USD,640.0,3913621348793.0,380611072752.0,668895889.0,2026-09-08 04:18:29
4319,2026-08-22,AbbVie Inc.,ABBV,Healthcare,Provider_C,USD,636.73,3893676182538.0,378671347253.0,665486965.0,2026-09-08 04:56:54
4320,2026-08-22,AbbVie Inc.,ABBV,Healthcare,Provider_D,USD,638.76,3906063833515.0,379876082383.0,667604198.0,2026-09-08 13:08:01
4277,2026-08-22,Adobe Inc.,ADBE,Technology,Provider_A,USD,36.65,3134587586709.7373,437784424474.0,216357257.0,2026-09-08 02:18:46
4278,2026-08-22,Adobe Inc.,ADBE,Technology,Provider_B,USD,36.63,2383619241024.0,437566755043.0,216249683.0,2026-09-08 07:13:50
4279,2026-08-22,Adobe Inc.,ADBE,Technology,Provider_C,USD,36.54,2377793849543.0,436497373825.0,215721185.0,2026-09-08 12:38:51
4280,2026-08-22,Adobe Inc.,ADBE,Technology,Provider_D,USD,36.57,2380114296186.0,436923343834.0,215931703.0,2026-09-08 07:48:00
7631,2026-08-22,Adobe Inc.,ADBE,Technology,Provider_D,USD,36.57,2380114296186.0,436923343834.0,215931703.0,2026-09-08 07:48:00
4217,2026-08-22,Alphabet Inc.,GOOGL,Communication,Provider_A,USD,482.6,2365733618714.0,322357399511.0,172314120.0,2026-09-08 16:13:27
4218,2026-08-22,Alphabet Inc.,GOOGL,Communication,Provider_B,USD,482.5,2365222435987.0,322287745205.0,172276887.0,2026-09-08 04:55:54
4219,2026-08-22,Alphabet Inc.,GOOGL,Communication,Provider_C,USD,483.14,2368357810346.0,322714974677.0,172505259.0,2026-09-08 01:27:51
4220,2026-08-22,Alphabet Inc.,GOOGL,Communication,Provider_D,USD,482.16,2363586819354.0,322064874329.0,172157752.0,2026-09-08 13:51:28
4213,2026-08-22,Amazon.com Inc.,AMZN,Consumer,Provider_A,USD,67.26,1658630612587.0,127325630756.0,187547410.0,2026-09-08 10:43:43
4214,2026-08-22,Amazon.com Inc.,AMZN,Consumer,Provider_B,USD,67.22,,127241075653.0,187422863.0,2026-09-08 14:29:11
4215,2026-08-22,Amazon.com Inc.,AMZN,Consumer,Provider_C,USD,67.31,1659852707243.0,127419445480.0,187685597.0,2026-09-08 03:47:34
4216,2026-08-22,Amazon.com Inc.,AMZN,Consumer,Provider_D,USD,67.13,1655258097342.0,127066737892.0,187166068.0,2026-09-08 10:22:24
4201,2026-08-22,Apple Inc.,AAPL,Technology,Provider_A,USD,2121.1499999999996,1862362259549.0,50074054349.0,111817363.0,2026-09-08 20:51:07
4202,2026-08-22,Apple Inc.,AAPL,Technology,Provider_B,USD,706.82,1861747442047.0,50057523513.0,111780449.0,2026-09-08 02:39:09
4203,2026-08-22,Apple Inc.,AAPL,Technology,Provider_C,USD,709.24,1868137792133.0,50229343328.0,112164129.0,2026-09-08 03:18:07
4204,2026-08-22,Apple Inc.,AAPL,Technology,Provider_D,USD,707.15,1862615738093.0,50080869725.0,111832582.0,2026-09-08 01:30:23
4329,2026-08-22,Bank of America,BAC,Financials,Provider_A,USD,64.29,358450898609.0,173824207262.0,13329460.0,2026-09-08 01:31:25
4330,2026-08-22,Bank of America,BAC,Financials,Provider_B,USD,64.13,357583791368.0,173403719465.0,13297215.0,2026-09-08 03:49:59
4331,2026-08-22,Bank of America,BAC,Financials,Provider_C,USD,64.01,356927801569.0,173085609210.0,13272821.0,2026-09-08 08:01:47
4332,2026-08-22,Bank of America,BAC,Financials,Provider_D,USD,64.34,358717734823.0,173953604604.0,13339382.0,2026-09-08 10:51:30
4337,2026-08-22,Berkshire Hathaway,BRK.B,Financials,Provider_A,USD,486.79,1782423314246.0,41237411077.0,125679640.0,2026-09-08 03:37:21
4338,2026-08-22,Berkshire Hathaway,BRK.B,Financials,Provider_B,USD,487.03,1783328231642.0,41258346873.0,125743446.0,2026-09-08 05:08:48
4339,2026-08-22,Berkshire Hathaway,BRK.B,Financials,Provider_C,USD,488.29,1787926659791.0,41364734211.0,126067684.0,2026-09-08 02:58:21
4340,2026-08-22,Berkshire Hathaway,BRK.B,Financials,Provider_D,USD,487.81,1786154959874.0,41323744892.0,125942760.0,2026-09-08 02:52:43
4357,2026-08-22,Boeing Co.,BA,Industrials,Provider_A,USD,579.56,722482673661.0,268354548690.0,90710203.0,2026-09-08 00:28:21
4358,2026-08-22,Boeing Co.,BA,Industrials,Provider_B,USD,579.54,722449328196.0,268342163054.0,90706016.0,2026-09-08 09:48:37
4359,2026-08-22,Boeing Co.,BA,Industrials,Provider_C,USD,579.73,,268430356399.0,90735828.0,2026-09-08 07:31:11
4360,2026-08-22,Boeing Co.,BA,Industrials,Provider_D,USD,579.9,722905236286.0,268511502769.0,90763257.0,2026-09-08 16:48:49
4265,2026-08-22,Broadcom Inc.,AVGO,Technology,Provider_A,USD,688.28,1324973635258.0,299117337698.0,205844933.0,2026-09-08 15:45:18
4266,2026-08-22,Broadcom Inc.,AVGO,Technology,Provider_B,USD,687.18,1322860188403.0,298640219830.0,205516592.0,2026-09-08 11:06:04
4267,2026-08-22,Broadcom Inc.,AVGO,Technology,Provider_C,USD,686.66,1321848007978.0,298411716631.0,205359342.0,2026-09-08 14:58:45
4268,2026-08-22,Broadcom Inc.,AVGO,Technology,Provider_D,USD,688.21,1324835540629.0,299086162362.0,205823479.0,2026-09-08 13:07:59
4361,2026-08-22,Caterpillar Inc.,CAT,Industrials,Provider_A,USD,329.44,3381708348439.0,328403122297.0,134565302.0,2026-09-08 08:28:42
4362,2026-08-22,Caterpillar Inc.,CAT,Industrials,Provider_B,USD,327.5,3361836366441.0,326473322249.0,133774553.0,2026-09-08 06:24:45
4363,2026-08-22,Caterpillar Inc.,CAT,Industrials,Provider_C,USD,328.6,3369391767805.0,327207039395.0,134075199.0,2026-09-08 11:36:08
4364,2026-08-22,Caterpillar Inc.,CAT,Industrials,Provider_D,USD,329.82,3385603693321.0,328781405487.0,134720306.0,2026-09-08 19:46:59
4253,2026-08-22,Chevron Corp.,CVX,Energy,Provider_A,USD,223.22,3980580875662.0,395255040316.0,515930597.0,2026-09-08 08:02:39
4254,2026-08-22,Chevron Corp.,CVX,Energy,Provider_B,USD,223.41,3984036121820.0,395598131815.0,516378438.0,2026-09-08 02:07:45
4255,2026-08-22,Chevron Corp.,CVX,Energy,Provider_C,USD,223.06,3977709730561.0,394969947610.0,515558462.0,2026-09-08 08:14:55
4256,2026-08-22,Chevron Corp.,CVX,Energy,Provider_D,EUR,222.75,3972295115849.0,394432299005.0,514856664.0,2026-09-08 03:38:39
4293,2026-08-22,Cisco Systems,CSCO,Technology,Provider_A,USD,74.08,884162779113.0,119942958088.0,132504876.0,2026-09-08 09:41:07
4294,2026-08-22,Cisco Systems,CSCO,Technology,Provider_B,USD,74.2,883657364256.0,119874394974.0,132429132.0,2026-09-08 09:56:24
4295,2026-08-22,Cisco Systems,CSCO,Technology,Provider_C,USD,74.08,882269197978.0,119686080363.0,132221095.0,2026-09-08 22:14:27
4296,2026-08-22,Cisco Systems,CSCO,Technology,Provider_D,USD,74.2,883726797796.0,119883814127.0,132439538.0,2026-09-08 01:11:18
4241,2026-08-22,Coca-Cola,KO,Consumer,Provider_A,USD,458.68,2817565582238.0,215409481979.0,498092316.0,2026-09-08 14:48:59
4242,2026-08-22,Coca-Cola,KO,Consumer,Provider_B,USD,459.59,2823173752379.0,215838239710.0,499083735.0,2026-09-08 14:52:38
4243,2026-08-22,Coca-Cola,KO,Consumer,Provider_C,USD,458.7,2817734376187.0,215422386672.0,498122156.0,2026-09-08 01:43:48
4244,2026-08-22,Coca-Cola,KO,Consumer,Provider_D,USD,458.09,2813947264753.0,215132853140.0,497452666.0,2026-09-08 01:24:40
4389,2026-08-22,Comcast,CMCSA,Communication,Provider_A,USD,613.15,368205801164.0,174189440018.0,33274404.0,2026-09-08 19:06:42
4390,2026-08-22,Comcast,CMCSA,Communication,Provider_B,USD,612.77,-367983092160.0,174084081665.0,33254278.0,2026-09-08 01:37:21
4391,2026-08-22,Comcast,CMCSA,Communication,Provider_C,USD,612.62,367889952992.0,174040019732.0,33245861.0,2026-09-08 17:11:29
4392,2026-08-22,Comcast,CMCSA,Communication,Provider_D,USD,610.35,366524509211.0,173394060633.0,33122468.0,2026-09-08 02:09:35
4349,2026-08-22,ConocoPhillips,COP,Energy,Provider_A,USD,288.85,207136931524.0,447437954204.0,32102678.0,2026-09-08 00:47:09
4350,2026-08-22,ConocoPhillips,COP,Energy,Provider_B,USD,288.65,270602865806.8941,447117783520.0,32079706.0,2026-09-08 13:51:38
4351,2026-08-22,ConocoPhillips,COP,Energy,Provider_C,USD,287.86,206426847291.0,445904096218.0,31992627.0,2026-09-08 21:36:22
4352,2026-08-22,ConocoPhillips,COP,Energy,Provider_D,USD,288.67,207006562619.0,447156343407.0,32082473.0,2026-09-08 08:56:05
4345,2026-08-22,Duke Energy,DUK,Utilities,Provider_A,USD,665.59,299313321831.0,390559853099.0,26548992.0,2026-09-08 14:15:01
4346,2026-08-22,Duke Energy,DUK,Utilities,Provider_B,USD,665.79,299403480053.0,390677496315.0,26556989.0,2026-09-08 01:10:30
4347,2026-08-22,Duke Energy,DUK,Utilities,Provider_C,USD,665.39,299224985952.0,390444587771.0,26541156.0,2026-09-08 00:27:50
4348,2026-08-22,Duke Energy,DUK,Utilities,Provider_D,USD,664.41,298784044974.0,389869224662.0,26502045.0,2026-09-08 03:22:58
4249,2026-08-22,Exxon Mobil,XOM,Energy,Provider_A,USD,46.63,1405862365998.0,96416626425.0,217711241.0,2026-09-08 18:14:25
4250,2026-08-22,Exxon Mobil,XOM,Energy,Provider_B,USD,46.39,1398669740957.0,95923342973.0,216597394.0,2026-09-08 07:26:59
4251,2026-08-22,Exxon Mobil,XOM,Energy,Provider_C,USD,46.51,1402203929058.0,96165724092.0,217144697.0,2026-09-08 22:53:59
4252,2026-08-22,Exxon Mobil,XOM,Energy,Provider_D,USD,46.45,1400295211195.0,96034820711.0,216849114.0,2026-09-08 06:39:30
4321,2026-08-22,Goldman Sachs,GS,Financials,Provider_A,USD,676.03,3764500329906.0,100125622893.0,639839699.0,2026-09-08 19:13:12
4322,2026-08-22,Goldman Sachs,GS,Financials,Provider_B,USD,676.55,3767447021077.0,100203996983.0,640340539.0,2026-09-08 19:39:16
4323,2026-08-22,Goldman Sachs,GS,Financials,Provider_C,USD,678.0,3775496163235.0,100418082599.0,641708625.0,2026-09-08 10:18:13
4324,2026-08-22,Goldman Sachs,GS,Financials,Provider_D,USD,676.62,3767807242400.0,100213577905.0,640401764.0,2026-09-08 15:46:17
4373,2026-08-22,Home Depot,HD,Consumer,Provider_A,USD,293.05,1331617819216.0,179174710174.0,68671534.0,2026-09-08 04:52:38
4374,2026-08-22,Home Depot,HD,Consumer,Provider_B,USD,293.99,1335866251832.0,179746354434.0,68890626.0,2026-09-08 15:54:58
4375,2026-08-22,Home Depot,HD,Consumer,Provider_C,USD,293.88,1335399528431.0,179683554861.0,68866557.0,2026-09-08 17:04:33
4376,2026-08-22,Home Depot,HD,Consumer,Provider_D,USD,293.89,1335428024698.0,179687389152.0,68868026.0,2026-09-08 04:14:38
4285,2026-08-22,Intel Corp.,INTC,Technology,Provider_A,USD,,2204273429144.0,208276426278.0,369642111.0,2026-09-08 15:54:59
4286,2026-08-22,Intel Corp.,INTC,Technology,Provider_B,USD,173.85,2196777842904.0,207568186595.0,368385150.0,2026-09-08 16:17:10
4287,2026-08-22,Intel Corp.,INTC,Technology,Provider_C,USD,174.15,2200561141814.0,207925661292.0,369019584.0,2026-09-08 20:11:12
4288,2026-08-22,Intel Corp.,INTC,Technology,Provider_D,USD,173.92,2197666083774.0,207652114311.0,368534102.0,2026-09-08 20:21:24
4229,2026-08-22,JPMorgan Chase,JPM,Financials,Provider_A,USD,717.3,2171858070882.0,165573075208.0,353393012.0,2026-09-08 11:34:47
4230,2026-08-22,JPMorgan Chase,JPM,Financials,Provider_B,USD,714.34,2162896632586.0,164889893873.0,351934855.0,2026-09-08 01:59:37
4231,2026-08-22,JPMorgan Chase,JPM,Financials,Provider_C,USD,716.65,2169894006682.0,165423343440.0,353073430.0,2026-09-08 17:53:13
4232,2026-08-22,JPMorgan Chase,JPM,Financials,Provider_D,USD,717.1,2171234496911.0,165525536623.0,353291547.0,2026-09-08 14:51:47
4245,2026-08-22,Johnson & Johnson,JNJ,Healthcare,Provider_A,USD,568.91,1399997063893.0,292874205929.0,237464227.0,2026-09-08 15:02:45
4246,2026-08-22,Johnson & Johnson,JNJ,Healthcare,Provider_B,USD,569.77,1402131349325.0,293320690545.0,237826240.0,2026-09-08 18:21:03
4247,2026-08-22,Johnson & Johnson,JNJ,Healthcare,Provider_C,USD,569.2,1400719775849.0,293025394596.0,237586812.0,2026-09-08 18:23:50
4248,2026-08-22,Johnson & Johnson,JNJ,Healthcare,Provider_D,USD,568.89,1399953795050.0,292865154247.0,237456888.0,2026-09-08 02:37:40
4353,2026-08-22,Lockheed Martin,LMT,Industrials,Provider_A,USD,484.4,3914879007908.0,141206069820.0,627508136.0,2026-09-08 18:57:59
4354,2026-08-22,Lockheed Martin,LMT,Industrials,Provider_B,USD,483.74,3909503636949.0,141012185154.0,626646529.0,2026-09-08 22:20:56
4355,2026-08-22,Lockheed Martin,LMT,Industrials,Provider_C,USD,484.06,3912053302497.0,141104149236.0,627055210.0,2026-09-08 01:37:42
4356,2026-08-22,Lockheed Martin,LMT,Industrials,Provider_D,USD,483.33,3906165994664.0,140891799480.0,626111545.0,2026-09-08 03:30:32
4377,2026-08-22,Lowe's,LOW,Consumer,Provider_A,USD,401.51,1024256474044.0,328947345933.0,71494269.0,2026-09-08 20:09:55
4378,2026-08-22,Lowe's,LOW,Consumer,Provider_B,USD,402.16,1025927685934.0,329484067672.0,71610921.0,2026-09-08 17:08:41
4379,2026-08-22,Lowe's,LOW,Consumer,Provider_C,USD,401.74,1024857259132.0,329140292392.0,71536204.0,2026-09-08 14:32:28
4380,2026-08-22,Lowe's,LOW,Consumer,Provider_D,USD,402.91,1027834498812.0,330096454365.0,71744019.0,2026-09-08 01:17:49
4261,2026-08-22,Mastercard Inc.,MA,Financials,Provider_A,USD,660.02,1996019707698.0,420534353410.0,251748111.0,2026-09-08 23:15:09
4262,2026-08-22,Mastercard Inc.,MA,Financials,Provider_B,USD,658.93,1992738503364.0,419843048040.0,251334269.0,2026-09-08 08:02:44
4263,2026-08-22,Mastercard Inc.,MA,Financials,Provider_C,USD,662.16,2002510937043.0,421901967630.0,252566818.0,2026-09-08 18:03:01
4264,2026-08-22,Mastercard Inc.,MA,Financials,Provider_D,USD,659.07,1993147957336.0,419929314453.0,251385911.0,2026-09-08 20:54:40
4301,2026-08-22,McDonald's,MCD,Consumer,Provider_A,USD,596.66,1221648446786.0,441805553097.0,91822620.0,2026-09-08 03:20:30
4302,2026-08-22,McDonald's,MCD,Consumer,Provider_B,USD,596.74,1221802770479.0,441861363805.0,91834219.0,2026-09-08 18:21:20
4303,2026-08-22,McDonald's,MCD,Consumer,Provider_C,USD,599.52,1227494266687.0,443919676600.0,92262008.0,2026-09-08 09:36:08
4304,2026-08-22,McDonald's,MCD,Consumer,Provider_D,USD,599.1,1226630396383.0,443607260456.0,92197077.0,2026-09-08 22:24:43
4313,2026-08-22,Merck & Co.,MRK,Healthcare,Provider_A,USD,163.02,1992835947613.0,58328987011.0,488349510.0,2026-09-08 05:54:10
4314,2026-08-22,Merck & Co.,MRK,Healthcare,Provider_B,USD,163.73,2001606317633.0,58585689927.0,490498711.0,2026-09-08 14:43:51
7627,2026-08-22,Merck & Co.,MRK,Healthcare,Provider_B,USD,163.73,2001606317633.0,58585689927.0,490498711.0,2026-09-08 14:43:51
4315,2026-08-22,Merck & Co.,MRK,Healthcare,Provider_C,USD,163.38,1997295708657.0,58459521260.0,489442385.0,2026-09-08 01:18:46
4316,2026-08-22,Merck & Co.,MRK,Healthcare,Provider_D,USD,163.2,1995063442837.0,58394184320.0,488895363.0,2026-09-08 05:54:34
4221,2026-08-22,Meta Platforms,META,Communication,Provider_A,USD,314.87,1724699580069.0,292633050410.0,131428777.0,2026-09-08 00:53:25
4222,2026-08-22,Meta Platforms,META,Communication,Provider_B,USD,315.26,1726865126742.0,293000482823.0,131593800.0,2026-09-08 06:11:49
4223,2026-08-22,Meta Platforms,META,Communication,Provider_C,USD,314.72,1723896380680.0,292496770045.0,131367570.0,2026-09-08 09:59:48
4224,2026-08-22,Meta Platforms,META,Communication,Provider_D,USD,314.24,1721257865161.0,292049088110.0,131166505.0,2026-09-08 04:58:42
4205,2026-08-22,Microsoft Corp.,MSFT,Technology,Provider_A,USD,216.95,3036859109602.0,64918353426.0,593717984.0,2026-09-08 10:04:16
4206,2026-08-22,Microsoft Corp.,MSFT,Technology,Provider_B,USD,217.33,3042079108136.0,65029940331.0,594738515.0,2026-09-08 19:32:13
4207,2026-08-22,Microsoft Corp.,MSFT,Technology,Provider_C,USD,217.74,3047808867941.0,65152424305.0,595858705.0,2026-09-08 13:36:53
4208,2026-08-22,Microsoft Corp.,MSFT,Technology,Provider_D,USD,217.25,3041036177993.0,65007645814.0,594534618.0,2026-09-08 13:35:35
4325,2026-08-22,Morgan Stanley,MS,Financials,Provider_A,USD,71.16,1930234529061.0,230588757533.0,468035134.0,2026-09-08 13:45:30
4326,2026-08-22,Morgan Stanley,MS,Financials,Provider_B,USD,71.09,1928422991996.0,230372348555.0,467595880.0,2026-09-08 12:54:50
4327,2026-08-22,Morgan Stanley,MS,Financials,Provider_C,USD,70.98,1925493635347.0,230022403147.0,466885582.0,2026-09-08 03:45:11
4328,2026-08-22,Morgan Stanley,MS,Financials,Provider_D,USD,71.16,1930367404661.0,230604631054.0,468067353.0,2026-09-08 14:08:05
4209,2026-08-22,NVIDIA Corp.,NVDA,Technology,Provider_A,USD,219.21,210738172854.0,256252238016.0,48071965.0,2026-09-08 13:45:13
4210,2026-08-22,NVIDIA Corp.,NVDA,Technology,Provider_B,USD,220.09,211578358963.0,257273882875.0,48263622.0,2026-09-08 10:10:55
4211,2026-08-22,NVIDIA Corp.,NVDA,Technology,Provider_C,USD,219.67,211175492793.0,256784007898.0,48171723.0,2026-09-08 19:22:53
4212,2026-08-22,NVIDIA Corp.,NVDA,Technology,Provider_D,USD,219.63,211138751877.0,256739331882.0,48163342.0,2026-09-08 19:33:13
4273,2026-08-22,Netflix Inc.,NFLX,Communication,Provider_A,USD,258.2,1717899794000.0,140361621212.0,85196318.0,2026-09-08 02:51:19
4274,2026-08-22,Netflix Inc.,NFLX,Communication,Provider_B,USD,258.38,1719125354000.0,140461756033.0,85257097.0,2026-09-08 11:39:14
4275,2026-08-22,Netflix Inc.,NFLX,Communication,Provider_C,USD,258.24,1718157045682.0,140382640053.0,85209076.0,2026-09-08 07:17:29
4276,2026-08-22,Netflix Inc.,NFLX,Communication,Provider_D,USD,258.17,1717706137413.0,140345798430.0,85186714.0,2026-09-08 01:48:24
4341,2026-08-22,NextEra Energy,NEE,Utilities,Provider_A,USD,45.96,2635911922374.0,414734213005.0,270323879.0,2026-09-08 10:48:58
4342,2026-08-22,NextEra Energy,NEE,Utilities,Provider_B,USD,46.09,2643324205312.0,415900461127.0,271084040.0,2026-09-08 02:46:30
4343,2026-08-22,NextEra Energy,NEE,Utilities,Provider_C,USD,46.03,2640205159154.0,415409710605.0,270764168.0,2026-09-08 07:19:28
4344,2026-08-22,NextEra Energy,NEE,Utilities,Provider_D,USD,46.02,2639229880628.0,415256260344.0,270664149.0,2026-09-08 02:38:32
4305,2026-08-22,Nike Inc.,NKE,Consumer,Provider_A,USD,397.66,1107987102534.0,359463869250.0,45191617.0,2026-09-08 09:38:29
4306,2026-08-22,Nike Inc.,NKE,Consumer,Provider_B,USD,396.5,1104765312872.0,358418625153.0,45060209.0,2026-09-08 18:44:48
4307,2026-08-22,Nike Inc.,NKE,Consumer,Provider_C,USD,397.4,1107257699926.0,359227229416.0,45161867.0,2026-09-08 21:22:12
4308,2026-08-22,Nike Inc.,NKE,Consumer,Provider_D,USD,397.57,1107733785967.0,359381685844.0,45181285.0,2026-09-08 13:16:43
4269,2026-08-22,Oracle Corp.,ORCL,Technology,Provider_A,USD,546.09,1532934776549.0,367390142782.0,366926526.0,2026-09-08 12:18:34
4270,2026-08-22,Oracle Corp.,ORCL,Technology,Provider_B,USD,547.0,1535473179429.0,367998507998.0,367534124.0,2026-09-08 17:20:55
4271,2026-08-22,Oracle Corp.,ORCL,Technology,Provider_C,USD,546.76,1534812220269.0,,367375915.0,2026-09-08 09:11:15
4272,2026-08-22,Oracle Corp.,ORCL,Technology,Provider_D,USD,547.51,1536902217554.0,368340997795.0,367876181.0,2026-09-08 10:27:49
4297,2026-08-22,PepsiCo,PEP,Consumer,Provider_A,USD,233.98,3338938629728.0,408911675234.0,162731743.0,2026-09-08 09:31:01
4298,2026-08-22,PepsiCo,PEP,Consumer,Provider_B,USD,233.24,3328359107419.0,407616026924.0,162216123.0,2026-09-08 08:46:10
4299,2026-08-22,PepsiCo,PEP,Consumer,Provider_C,USD,233.55,3332747869970.0,408153507976.0,162430021.0,2026-09-08 16:21:44
4300,2026-08-22,PepsiCo,PEP,Consumer,Provider_D,USD,233.67,3334533525584.0,408372192867.0,162517049.0,2026-09-08 14:52:41
4309,2026-08-22,Pfizer Inc.,PFE,Healthcare,Provider_A,USD,237.51,3737814004880.0,199922730886.0,440018474.0,2026-09-08 23:39:56
4310,2026-08-22,Pfizer Inc.,PFE,Healthcare,Provider_B,USD,236.99,3729690455169.0,199488230336.0,439062163.0,2026-09-08 15:22:16
4311,2026-08-22,Pfizer Inc.,PFE,Healthcare,Provider_C,USD,237.69,3740664537534.0,200075196010.0,440354041.0,2026-09-08 21:11:37
4312,2026-08-22,Pfizer Inc.,PFE,Healthcare,Provider_D,USD,237.13,3731777287542.0,199599847775.0,439307827.0,2026-09-08 19:08:20
4257,2026-08-22,Procter & Gamble,PG,Consumer,Provider_A,USD,680.79,3125129820323.0,65427217364.0,217935380.0,2026-09-08 01:35:44
7668,2026-08-22,Procter & Gamble,PG,Consumer,Provider_A,USD,680.79,3125129820323.0,65427217364.0,217935380.0,2026-09-08 01:35:44
4258,2026-08-22,Procter & Gamble,PG,Consumer,Provider_B,USD,681.23,3127127602792.0,65469042618.0,218074698.0,2026-09-08 11:29:34
4259,2026-08-22,Procter & Gamble,PG,Consumer,Provider_C,USD,680.26,3122709497122.0,65376545865.0,217766595.0,2026-09-08 16:43:24
4260,2026-08-22,Procter & Gamble,PG,Consumer,Provider_D,USD,680.9,3125621948468.0,65437520480.0,217969699.0,2026-09-08 06:44:45
4393,2026-08-22,Qualcomm,QCOM,Technology,Provider_A,USD,487.45,2438251830889.0,60112379725.0,412332843.0,2026-09-08 13:07:05
4394,2026-08-22,Qualcomm,QCOM,Technology,Provider_B,USD,488.24,2442206672678.0,60209881939.0,413001647.0,2026-09-08 15:27:25
4395,2026-08-22,Qualcomm,QCOM,Technology,Provider_C,USD,488.36,2442790134798.0,60224266546.0,413100316.0,2026-09-08 20:32:56
7611,2026-08-22,Qualcomm,QCOM,Technology,Provider_C,USD,488.36,2442790134798.0,60224266546.0,413100316.0,2026-09-08 20:32:56
4396,2026-08-22,Qualcomm,QCOM,Technology,Provider_D,USD,488.17,2441864801099.0,60201453476.0,412943833.0,2026-09-08 15:53:50
4281,2026-08-22,Salesforce Inc.,CRM,Technology,Provider_A,USD,583.55,3268012291075.0,55619220191.0,614389132.0,2026-09-08 23:12:15
4282,2026-08-22,Salesforce Inc.,CRM,Technology,Provider_B,USD,584.15,3271375134479.0,55676453368.0,615021349.0,2026-09-08 17:25:03
4283,2026-08-22,Salesforce Inc.,CRM,Technology,Provider_C,USD,583.03,3265092080699.0,55569520309.0,613840130.0,2026-09-08 11:20:13
4284,2026-08-22,Salesforce Inc.,CRM,Technology,Provider_D,USD,583.77,3269275879797.0,55640725562.0,614626688.0,2026-09-08 13:40:29
4225,2026-08-22,Tesla Inc.,TSLA,Automotive,Provider_A,USD,440.45,3211707451485.0,185358328963.0,651820179.0,2026-09-08 10:09:59
4226,2026-08-22,Tesla Inc.,TSLA,Automotive,Provider_B,USD,441.16,3216868397950.0,185656184364.0,652867600.0,2026-09-08 05:45:02
4227,2026-08-22,Tesla Inc.,TSLA,Automotive,Provider_C,INR,440.64,3213074637079.0,185437233795.0,652097651.0,2026-09-08 03:37:44
4228,2026-08-22,Tesla Inc.,TSLA,Automotive,Provider_D,INR,440.36,3211026232206.0,185319013531.0,651681925.0,2026-09-08 02:14:51
4397,2026-08-22,Texas Instruments,TXN,Technology,Provider_A,USD,140.73,3675333597846.0,312751373318.0,155715943.0,2026-09-08 04:33:45
4398,2026-08-22,Texas Instruments,TXN,Technology,Provider_B,USD,140.4,3666752881334.0,312021199906.0,155352397.0,2026-09-08 22:58:39
4399,2026-08-22,Texas Instruments,TXN,Technology,Provider_C,USD,140.64,3673043386907.0,312556488528.0,155618912.0,2026-09-08 18:33:36
4400,2026-08-22,Texas Instruments,TXN,Technology,Provider_D,USD,140.51,3669437840295.0,312249675656.0,155466153.0,2026-09-08 01:26:51
4369,2026-08-22,UPS,UPS,Industrials,Provider_A,USD,124.97,2099040141440.0,95970027417.0,501131710.0,2026-09-08 02:43:13
4370,2026-08-22,UPS,UPS,Industrials,Provider_B,USD,124.9,2097915954243.0,95918628554.0,500863318.0,2026-09-08 07:02:34
4371,2026-08-22,UPS,UPS,Industrials,Provider_C,USD,125.09,2101156070977.0,96066769643.0,501636874.0,2026-09-08 08:01:40
4372,2026-08-22,UPS,UPS,Industrials,Provider_D,USD,125.08,2101028551035.0,96060939315.0,501606429.0,2026-09-08 20:45:58
4365,2026-08-22,Union Pacific,UNP,Industrials,Provider_A,USD,62.52,3547174985318.0,378733339947.0,690961736.0,2026-09-08 10:52:35
4366,2026-08-22,Union Pacific,UNP,Industrials,Provider_B,USD,125.31,3554796329758.0,,692446314.0,2026-09-08 13:45:48
4367,2026-08-22,Union Pacific,UNP,Industrials,Provider_C,USD,125.09,3548387904279.0,378862843806.0,691198003.0,2026-09-08 13:12:58
4368,2026-08-22,Union Pacific,UNP,Industrials,Provider_D,USD,125.17,3550868147221.0,379127660371.0,691681135.0,2026-09-08 12:37:35
4385,2026-08-22,Verizon,VZ,Communication,Provider_A,USD,632.97,3882450064969.0,30336208530.0,436136472.0,2026-09-08 15:57:58
4386,2026-08-22,Verizon,VZ,Communication,Provider_B,USD,631.64,3874269774845.0,30272290390.0,435217536.0,2026-09-08 09:29:40
4387,2026-08-22,Verizon,VZ,Communication,Provider_C,USD,633.21,3883935612379.0,30347816116.0,436303351.0,2026-09-08 05:40:12
4388,2026-08-22,Verizon,VZ,Communication,Provider_D,USD,632.91,3882077551193.0,30333297827.0,436094625.0,2026-09-08 09:28:08
4233,2026-08-22,Visa Inc.,V,Financials,Provider_A,USD,129.61,1085698258164.0,76123035441.0,162897639.0,2026-09-08 00:53:51
4234,2026-08-22,Visa Inc.,V,Financials,Provider_B,USD,129.67,1086163936398.0,76155686171.0,162967509.0,2026-09-08 16:09:19
4235,2026-08-22,Visa Inc.,V,Financials,Provider_C,USD,129.82,1087405656433.0,76242748573.0,163153816.0,2026-09-08 07:21:55
4236,2026-08-22,Visa Inc.,V,Financials,Provider_D,USD,129.93,1512877447318.741,76308072659.0,163293605.0,2026-09-08 00:48:12
4237,2026-08-22,Walmart Inc.,WMT,Consumer,Provider_A,USD,677.99,1301708652723.0,45491188044.0,92354812.0,2026-09-08 01:10:28
4238,2026-08-22,Walmart Inc.,WMT,Consumer,Provider_B,USD,677.75,1301256206621.0,45475376280.0,92322712.0,2026-09-08 03:38:26
4239,2026-08-22,Walmart Inc.,WMT,Consumer,Provider_C,USD,679.36,1304339784118.0,45583138953.0,92541488.0,2026-09-08 17:29:53
4240,2026-08-22,Walmart Inc.,WMT,Consumer,Provider_D,USD,678.16,-1302049856883.0,45503112204.0,92379020.0,2026-09-08 05:04:11
4333,2026-08-22,Wells Fargo,WFC,Financials,Provider_A,USD,614.07,628486829283.0,11647883604.0,123780643.0,2026-09-08 04:10:09
4334,2026-08-22,Wells Fargo,WFC,Financials,Provider_B,USD,,629350804086.0,11663895838.0,123950803.0,2026-09-08 15:38:29
4335,2026-08-22,Wells Fargo,WFC,Financials,Provider_C,USD,615.63,630083327368.0,11677471852.0,124095074.0,2026-09-08 10:18:49
4336,2026-08-22,Wells Fargo,WFC,Financials,Provider_D,USD,614.09,628507640062.0,11648269295.0,123784742.0,2026-09-08 09:09:22
4489,2026-08-23,AMD,AMD,Technology,Provider_A,USD,261.825,1467947825149.0,403018112339.0,277217319.0,2026-09-08 08:03:35
4490,2026-08-23,AMD,AMD,Technology,Provider_B,USD,105.44,1471752586749.0,404062691589.0,277935837.0,2026-09-08 09:40:11
4491,2026-08-23,AMD,AMD,Technology,Provider_C,USD,105.59,1473727582491.0,404604917302.0,278308808.0,2026-09-08 15:28:42
4492,2026-08-23,AMD,AMD,Technology,Provider_D,USD,105.3,1469763956267.0,403516722523.0,277560290.0,2026-09-08 04:32:37
4581,2026-08-23,AT&T,T,Communication,Provider_A,USD,281.48,921324210147.0,383459361367.0,168181637.0,2026-09-08 08:35:53
4582,2026-08-23,AT&T,T,Communication,Provider_B,USD,281.28,920669164660.0,383186728431.0,168062063.0,2026-09-08 06:40:27
4583,2026-08-23,AT&T,T,Communication,Provider_C,USD,281.9,922703261319.0,384033328789.0,168433374.0,2026-09-08 10:33:40
4584,2026-08-23,AT&T,T,Communication,Provider_D,USD,280.93,919512910009.0,382705489943.0,167850997.0,2026-09-08 16:47:46
4517,2026-08-23,AbbVie Inc.,ABBV,Healthcare,Provider_A,USD,635.22,3912678859304.0,380405396448.0,748391801.0,2026-09-08 09:52:49
4518,2026-08-23,AbbVie Inc.,ABBV,Healthcare,Provider_B,USD,634.51,3908340212228.0,379983576815.0,747561933.0,2026-09-08 15:44:28
4519,2026-08-23,AbbVie Inc.,ABBV,Healthcare,Provider_C,USD,633.95,3904872017151.0,379646385808.0,746898559.0,2026-09-08 14:08:06
4520,2026-08-23,AbbVie Inc.,ABBV,Healthcare,Provider_D,USD,635.35,3913509336735.0,380486138596.0,748550649.0,2026-09-08 05:40:48
4477,2026-08-23,Adobe Inc.,ADBE,Technology,Provider_A,USD,37.26,2388016951449.0,437631078285.0,113657859.0,2026-09-08 17:34:14
4478,2026-08-23,Adobe Inc.,ADBE,Technology,Provider_B,USD,37.29,2389485214561.0,437900154084.0,113727741.0,2026-09-08 21:34:50
4479,2026-08-23,Adobe Inc.,ADBE,Technology,Provider_C,USD,37.25,2386801317730.0,437408299676.0,113600001.0,2026-09-08 14:10:41
7629,2026-08-23,Adobe Inc.,ADBE,Technology,Provider_C,USD,37.25,2386801317730.0,437408299676.0,113600001.0,2026-09-08 14:10:41
4480,2026-08-23,Adobe Inc.,ADBE,Technology,Provider_D,USD,37.2,2384166275092.0,436925398351.0,113474585.0,2026-09-08 15:57:08
7684,2026-08-23,Adobe Inc.,ADBE,Technology,Provider_D,USD,37.2,2384166275092.0,436925398351.0,113474585.0,2026-09-08 15:57:08
4417,2026-08-23,Alphabet Inc.,GOOGL,Communication,Provider_A,USD,488.2,2359847373545.0,322368565909.0,563316741.0,2026-09-08 09:50:37
4418,2026-08-23,Alphabet Inc.,GOOGL,Communication,Provider_B,USD,487.45,2356219929057.0,321873036371.0,562450837.0,2026-09-08 03:39:58
4419,2026-08-23,Alphabet Inc.,GOOGL,Communication,Provider_C,USD,488.13,2359516707778.0,322323395085.0,563237808.0,2026-09-08 07:53:18
4420,2026-08-23,Alphabet Inc.,GOOGL,Communication,Provider_D,USD,243.925,2358142517825.0,322135672926.0,562909776.0,2026-09-08 00:58:00
4413,2026-08-23,Amazon.com Inc.,AMZN,Consumer,Provider_A,USD,67.22,1661179600731.0,127311161996.0,222847085.0,2026-09-08 07:29:26
4414,2026-08-23,Amazon.com Inc.,AMZN,Consumer,Provider_B,USD,67.05,1656890045029.0,126982414688.0,222271642.0,2026-09-08 20:58:14
4415,2026-08-23,Amazon.com Inc.,AMZN,Consumer,Provider_C,USD,67.36,1664597879871.0,,223305647.0,2026-09-08 23:07:10
4416,2026-08-23,Amazon.com Inc.,AMZN,Consumer,Provider_D,USD,67.3,1663110253180.0,127459125290.0,223106082.0,2026-09-08 22:25:11
4401,2026-08-23,Apple Inc.,AAPL,Technology,Provider_A,USD,702.24,1866781026270.0,50178606381.0,309883357.0,2026-09-08 14:43:40
4402,2026-08-23,Apple Inc.,AAPL,Technology,Provider_B,USD,701.3,1864272706736.0,50111183380.0,309466979.0,2026-09-08 23:26:35
4403,2026-08-23,Apple Inc.,AAPL,Technology,Provider_C,USD,700.27,1861538039658.0,50037676214.0,309013028.0,2026-09-08 23:15:58
4404,2026-08-23,Apple Inc.,AAPL,Technology,Provider_D,USD,700.78,1862896537720.0,50074192302.0,309238537.0,2026-09-08 16:42:49
4529,2026-08-23,Bank of America,BAC,Financials,Provider_A,USD,63.37,358304606829.0,173648434088.0,41428078.0,2026-09-08 03:32:30
4530,2026-08-23,Bank of America,BAC,Financials,Provider_B,USD,63.27,357750561609.0,173379922093.0,41364018.0,2026-09-08 05:29:55
4531,2026-08-23,Bank of America,BAC,Financials,Provider_C,USD,63.39,358430748320.0,173709567191.0,41442663.0,2026-09-08 01:12:25
4532,2026-08-23,Bank of America,BAC,Financials,Provider_D,USD,63.2,357359794534.0,173190541077.0,41318836.0,2026-09-08 18:05:35
4537,2026-08-23,Berkshire Hathaway,BRK.B,Financials,Provider_A,USD,480.56,1787920249444.0,41359975030.0,436130669.0,2026-09-08 11:03:42
4538,2026-08-23,Berkshire Hathaway,BRK.B,Financials,Provider_B,USD,481.2,1790329510931.0,41415708497.0,436718365.0,2026-09-08 05:22:07
4539,2026-08-23,Berkshire Hathaway,BRK.B,Financials,Provider_C,USD,,1790343355567.0,41416028765.0,436721742.0,INVALID_TIMESTAMP
4540,2026-08-23,Berkshire Hathaway,BRK.B,Financials,Provider_D,USD,479.67,1784601928364.0,41283212279.0,435321225.0,2026-09-08 16:52:21
4557,2026-08-23,Boeing Co.,BA,Industrials,Provider_A,USD,577.64,721523779836.0,268323589064.0,115919742.0,2026-09-08 17:00:48
4558,2026-08-23,Boeing Co.,BA,Industrials,Provider_B,USD,577.8,721716901613.0,268395408080.0,115950769.0,2026-09-08 03:08:39
4559,2026-08-23,Boeing Co.,BA,Industrials,Provider_C,USD,577.87,721803755850.0,268427707834.0,115964723.0,2026-09-08 00:26:27
4560,2026-08-23,Boeing Co.,BA,Industrials,Provider_D,USD,578.18,722190317558.0,268571464184.0,116026828.0,2026-09-08 22:50:27
4465,2026-08-23,Broadcom Inc.,AVGO,Technology,Provider_A,USD,697.08,1319853429641.0,298425804004.0,108689031.0,2026-09-08 16:22:10
4466,2026-08-23,Broadcom Inc.,AVGO,Technology,Provider_B,USD,698.15,1321879289104.0,298883861486.0,108855859.0,2026-09-08 13:51:06
7622,2026-08-23,Broadcom Inc.,AVGO,Technology,Provider_B,USD,698.15,1321879289104.0,298883861486.0,108855859.0,2026-09-08 13:51:06
4467,2026-08-23,Broadcom Inc.,AVGO,Technology,Provider_C,USD,698.66,1322843422296.0,299101857073.0,108935255.0,2026-09-08 01:31:10
4468,2026-08-23,Broadcom Inc.,AVGO,Technology,Provider_D,USD,696.37,1318512881800.0,298122699084.0,108578638.0,2026-09-08 02:42:52
4561,2026-08-23,Caterpillar Inc.,CAT,Industrials,Provider_A,USD,331.33,3380786213791.0,327972635136.0,153279880.0,2026-09-08 20:55:20
4562,2026-08-23,Caterpillar Inc.,CAT,Industrials,Provider_B,USD,330.71,3374476261404.0,327360501868.0,152993796.0,2026-09-08 17:09:24
4563,2026-08-23,Caterpillar Inc.,CAT,Industrials,Provider_C,USD,330.46,3371908517508.0,327111403085.0,152877378.0,2026-09-08 04:58:21
4564,2026-08-23,Caterpillar Inc.,CAT,Industrials,Provider_D,USD,330.75,3374822826258.0,327394122388.0,153009509.0,2026-09-08 18:55:37
4453,2026-08-23,Chevron Corp.,CVX,Energy,Provider_A,USD,228.88,3971659159757.0,394787689057.0,366725920.0,2026-09-08 16:53:17
4454,2026-08-23,Chevron Corp.,CVX,Energy,Provider_B,USD,229.59,3983947117446.0,396009126805.0,367860537.0,2026-09-08 18:18:19
4455,2026-08-23,Chevron Corp.,CVX,Energy,Provider_C,USD,229.77,3986985530238.0,396311148685.0,368141091.0,2026-09-08 18:40:16
4456,2026-08-23,Chevron Corp.,CVX,Energy,Provider_D,USD,229.21,3977282708334.0,395346676538.0,367245174.0,2026-09-08 05:30:16
7662,2026-08-23,Chevron Corp.,CVX,Energy,Provider_D,USD,229.21,3977282708334.0,395346676538.0,367245174.0,2026-09-08 05:30:16
4493,2026-08-23,Cisco Systems,CSCO,Technology,Provider_A,USD,73.8,880621217384.0,119524008926.0,73452084.0,2026-09-08 00:42:35
4494,2026-08-23,Cisco Systems,CSCO,Technology,Provider_B,USD,74.19,885347847292.0,120165539864.0,73846329.0,2026-09-08 10:31:05
4495,2026-08-23,Cisco Systems,CSCO,Technology,Provider_C,USD,74.02,883261627362.0,119882383651.0,73672319.0,2026-09-08 04:12:28
4496,2026-08-23,Cisco Systems,CSCO,Technology,Provider_D,USD,73.98,882846716502.0,119826069076.0,73637711.0,2026-09-08 13:49:59
4441,2026-08-23,Coca-Cola,KO,Consumer,Provider_A,USD,468.57,2823450817901.0,215699355971.0,263609693.0,2026-09-08 23:17:01
4442,2026-08-23,Coca-Cola,KO,Consumer,Provider_B,USD,467.16,2814951580630.0,215050051229.0,262816167.0,2026-09-08 07:55:16
4443,2026-08-23,Coca-Cola,KO,Consumer,Provider_C,USD,467.74,2818426829024.0,215315545083.0,263140631.0,2026-09-08 15:31:35
4444,2026-08-23,Coca-Cola,KO,Consumer,Provider_D,USD,468.05,2820347228024.0,215462255210.0,263319928.0,2026-09-08 02:07:22
4589,2026-08-23,Comcast,CMCSA,Communication,Provider_A,USD,605.27,367816256201.0,174132642648.0,27082502.0,2026-09-08 20:19:50
4590,2026-08-23,Comcast,CMCSA,Communication,Provider_B,USD,604.4,367287069965.0,173882113760.0,27043538.0,2026-09-08 02:29:48
4591,2026-08-23,Comcast,CMCSA,Communication,Provider_C,USD,604.12,367119236704.0,173802657649.0,27031181.0,2026-09-08 20:25:09
4592,2026-08-23,Comcast,CMCSA,Communication,Provider_D,USD,603.31,366628681466.0,173570417561.0,26995061.0,2026-09-08 05:09:10
4549,2026-08-23,ConocoPhillips,COP,Energy,Provider_A,USD,290.51,207447809393.0,448114120920.0,48591758.0,2026-09-08 20:17:49
4550,2026-08-23,ConocoPhillips,COP,Energy,Provider_B,USD,289.55,206760511648.0,446629468826.0,48430768.0,2026-09-08 23:59:28
4551,2026-08-23,ConocoPhillips,COP,Energy,Provider_C,USD,290.47,207421994541.0,448058357499.0,48585711.0,2026-09-08 20:23:30
4552,2026-08-23,ConocoPhillips,COP,Energy,Provider_D,USD,290.11,207161783473.0,447496267909.0,48524760.0,2026-09-08 18:09:28
4545,2026-08-23,Duke Energy,DUK,Utilities,Provider_A,USD,660.42,298865117302.0,390053502579.0,65836680.0,2026-09-08 14:26:14
4546,2026-08-23,Duke Energy,DUK,Utilities,Provider_B,USD,661.65,299418069996.0,390775169720.0,65958490.0,2026-09-08 17:32:29
7645,2026-08-23,Duke Energy,DUK,Utilities,Provider_B,USD,661.65,299418069996.0,390775169720.0,65958490.0,2026-09-08 17:32:29
4547,2026-08-23,Duke Energy,DUK,Utilities,Provider_C,USD,661.67,299431110203.0,390792188698.0,65961362.0,2026-09-08 07:04:38
4548,2026-08-23,Duke Energy,DUK,Utilities,Provider_D,USD,661.82,299499168357.0,390881012450.0,65976355.0,2026-09-08 07:07:24
4449,2026-08-23,Exxon Mobil,XOM,Energy,Provider_A,USD,46.1,1401446092676.0,96218841422.0,99118955.0,2026-09-08 17:42:56
4450,2026-08-23,Exxon Mobil,XOM,Energy,Provider_B,USD,45.97,1397560229653.0,95952050398.0,98844123.0,2026-09-08 09:38:03
4451,2026-08-23,Exxon Mobil,XOM,Energy,Provider_C,USD,46.09,1401078316252.0,96193591060.0,99092943.0,2026-09-08 02:35:20
4452,2026-08-23,Exxon Mobil,XOM,Energy,Provider_D,USD,46.11,1401873585679.0,96248191735.0,99149190.0,2026-09-08 01:41:02
4521,2026-08-23,Goldman Sachs,GS,Financials,Provider_A,USD,679.83,3774374962441.0,100546321764.0,749277435.0,2026-09-08 04:29:02
4522,2026-08-23,Goldman Sachs,GS,Financials,Provider_B,USD,679.78,3774102208484.0,100539055817.0,749223289.0,2026-09-08 13:55:31
4523,2026-08-23,Goldman Sachs,GS,Financials,Provider_C,USD,676.92,3758254368954.0,100116882083.0,746077224.0,2026-09-08 01:03:13
4524,2026-08-23,Goldman Sachs,GS,Financials,Provider_D,USD,677.15,3759490527227.0,100149812348.0,746322622.0,2026-09-08 10:26:51
4573,2026-08-23,Home Depot,HD,Consumer,Provider_A,USD,294.01,1337625663479.0,179771291732.0,322650537.0,2026-09-08 06:29:50
4574,2026-08-23,Home Depot,HD,Consumer,Provider_B,USD,293.57,1335607908952.0,179500113967.0,322163832.0,2026-09-08 16:47:29
7652,2026-08-23,Home Depot,HD,Consumer,Provider_B,USD,293.57,1335607908952.0,179500113967.0,322163832.0,2026-09-08 16:47:29
4575,2026-08-23,Home Depot,HD,Consumer,Provider_C,USD,294.22,1338592023232.0,179901166439.0,322883634.0,2026-09-08 23:39:26
4576,2026-08-23,Home Depot,HD,Consumer,Provider_D,USD,293.08,1333403521504.0,179203853518.0,321632109.0,2026-09-08 09:29:52
4485,2026-08-23,Intel Corp.,INTC,Technology,Provider_A,USD,175.27,2203516235535.0,207841214432.0,236761806.0,2026-09-08 08:32:18
4486,2026-08-23,Intel Corp.,INTC,Technology,Provider_B,USD,175.61,2207839909584.0,208249034284.0,237226372.0,2026-09-08 19:01:01
4487,2026-08-23,Intel Corp.,INTC,Technology,Provider_C,USD,175.38,2204925729165.0,207974161430.0,236913252.0,2026-09-08 07:16:32
4488,2026-08-23,Intel Corp.,INTC,Technology,Provider_D,USD,175.32,2204094959788.0,207895801165.0,236823988.0,2026-09-08 17:03:14
4429,2026-08-23,JPMorgan Chase,JPM,Financials,Provider_A,USD,721.65,2172319034717.0,165509874824.0,373727320.0,2026-09-08 05:22:54
4430,2026-08-23,JPMorgan Chase,JPM,Financials,Provider_B,USD,720.73,2169564154957.0,165299979410.0,373253369.0,2026-09-08 18:10:15
4431,2026-08-23,JPMorgan Chase,JPM,Financials,Provider_C,USD,721.96,2173254243674.0,165581128777.0,373888214.0,2026-09-08 21:59:19
4432,2026-08-23,JPMorgan Chase,JPM,Financials,Provider_D,USD,722.7,2175488928147.0,165751390300.0,374272671.0,2026-09-08 07:08:50
4445,2026-08-23,Johnson & Johnson,JNJ,Healthcare,Provider_A,USD,580.74,1888266751719.8953,292492831875.0,326148788.0,2026-09-08 22:38:12
4446,2026-08-23,Johnson & Johnson,JNJ,Healthcare,Provider_B,USD,581.33,1399955294666.0,292788962927.0,326478994.0,2026-09-08 19:49:18
4447,2026-08-23,Johnson & Johnson,JNJ,Healthcare,Provider_C,USD,580.75,1398566409250.0,292498489137.0,326155096.0,2026-09-08 21:42:44
4448,2026-08-23,Johnson & Johnson,JNJ,Healthcare,Provider_D,USD,581.92,2000351617394.3674,293088243359.0,326812711.0,2026-09-08 20:04:15
4553,2026-08-23,Lockheed Martin,LMT,Industrials,Provider_A,USD,489.51,3928159446973.0,141302281381.0,939947471.0,2026-09-08 04:20:54
4554,2026-08-23,Lockheed Martin,LMT,Industrials,Provider_B,USD,490.49,3936072968954.0,141586943632.0,941841054.0,2026-09-08 02:08:00
4555,2026-08-23,Lockheed Martin,LMT,Industrials,Provider_C,USD,171.626,3935010615028.0,141548729034.0,941586849.0,2026-09-08 05:49:23
4556,2026-08-23,Lockheed Martin,LMT,Industrials,Provider_D,USD,489.21,3925818592976.0,141218077057.0,939387342.0,2026-09-08 14:25:49
4577,2026-08-23,Lowe's,LOW,Consumer,Provider_A,USD,401.38,1025778792032.0,330016168998.0,253725213.0,2026-09-08 04:09:51
7692,2026-08-23,Lowe's,LOW,Consumer,Provider_A,USD,401.38,1025778792032.0,330016168998.0,253725213.0,2026-09-08 04:09:51
4578,2026-08-23,Lowe's,LOW,Consumer,Provider_B,USD,400.41,1023295122720.0,329217116573.0,253110880.0,2026-09-08 10:19:32
4579,2026-08-23,Lowe's,LOW,Consumer,Provider_C,USD,400.15,1022630357591.0,329003246640.0,252946451.0,2026-09-08 13:49:45
4580,2026-08-23,Lowe's,LOW,Consumer,Provider_D,USD,400.64,1023879832595.0,329405230925.0,253255508.0,2026-09-08 13:24:57
4461,2026-08-23,Mastercard Inc.,MA,Financials,Provider_A,USD,669.23,2005350862651.0,421696013432.0,93661661.0,2026-09-08 09:12:36
4462,2026-08-23,Mastercard Inc.,MA,Financials,Provider_B,USD,668.98,2004587881671.0,421535569670.0,93626026.0,2026-09-08 20:23:01
4463,2026-08-23,Mastercard Inc.,MA,Financials,Provider_C,USD,668.6,2003452029445.0,421296716527.0,93572975.0,2026-09-08 06:13:53
4464,2026-08-23,Mastercard Inc.,MA,Financials,Provider_D,USD,667.13,1999059244047.0,420372977881.0,93367806.0,2026-09-08 14:40:40
4501,2026-08-23,McDonald's,MCD,Consumer,Provider_A,USD,605.5,1228109412858.0,443966005100.0,263704559.0,2026-09-08 14:27:42
4502,2026-08-23,McDonald's,MCD,Consumer,Provider_B,USD,606.07,1229253987753.0,444379773075.0,263950326.0,2026-09-08 19:29:44
4503,2026-08-23,McDonald's,MCD,Consumer,Provider_C,USD,603.44,1223934555439.0,442456779008.0,,2026-09-08 04:19:28
4504,2026-08-23,McDonald's,MCD,Consumer,Provider_D,USD,604.16,1225390856105.0,442983236979.0,263120819.0,2026-09-08 02:07:14
4513,2026-08-23,Merck & Co.,MRK,Healthcare,Provider_A,USD,161.81,1993668447964.0,58395132989.0,417630044.0,2026-09-08 15:38:27
4514,2026-08-23,Merck & Co.,MRK,Healthcare,Provider_B,USD,161.74,2438752209556.6104,58369144882.0,417444182.0,2026-09-08 20:46:13
4515,2026-08-23,Merck & Co.,MRK,Healthcare,Provider_C,USD,161.64,1991486094122.0,58331211205.0,417172889.0,2026-09-08 09:48:06
4516,2026-08-23,Merck & Co.,MRK,Healthcare,Provider_D,USD,162.0,1995969724069.0,58462538040.0,418112111.0,2026-09-08 04:47:02
4421,2026-08-23,Meta Platforms,META,Communication,Provider_A,USD,316.59,1728126573922.0,293180637080.0,375577381.0,2026-09-08 06:54:08
4422,2026-08-23,Meta Platforms,META,Communication,Provider_B,USD,317.4,1732570554027.0,293934568498.0,376543201.0,2026-09-08 15:01:17
7615,2026-08-23,Meta Platforms,META,Communication,Provider_B,USD,317.4,1732570554027.0,293934568498.0,376543201.0,2026-09-08 15:01:17
4423,2026-08-23,Meta Platforms,META,Communication,Provider_C,USD,315.48,1722079932704.0,292154810528.0,374263252.0,2026-09-08 02:04:47
4424,2026-08-23,Meta Platforms,META,Communication,Provider_D,USD,316.22,1726127200352.0,292841438768.0,375142853.0,2026-09-08 11:32:41
4405,2026-08-23,Microsoft Corp.,MSFT,Technology,Provider_A,USD,215.9,3045326097248.0,65019515460.0,202885085.0,2026-09-08 12:47:50
4406,2026-08-23,Microsoft Corp.,MSFT,Technology,Provider_B,USD,216.1,3048224974661.0,65081408209.0,203078213.0,2026-09-08 23:52:48
4407,2026-08-23,Microsoft Corp.,MSFT,Technology,Provider_C,USD,215.86,3044829701629.0,65008917120.0,202852014.0,2026-09-08 11:42:45
4408,2026-08-23,Microsoft Corp.,MSFT,Technology,Provider_D,USD,216.08,3047863200900.0,65073684125.0,203054111.0,2026-09-08 08:24:05
4525,2026-08-23,Morgan Stanley,MS,Financials,Provider_A,USD,71.22,1923768953923.0,229927796471.0,103681442.0,2026-09-08 22:31:57
4526,2026-08-23,Morgan Stanley,MS,Financials,Provider_B,USD,71.39,1928252543104.0,230463672558.0,103923085.0,2026-09-08 06:51:18
4527,2026-08-23,Morgan Stanley,MS,Financials,Provider_C,USD,71.26,1924845924666.0,230056515415.0,103739485.0,2026-09-08 21:27:50
4528,2026-08-23,Morgan Stanley,MS,Financials,Provider_D,USD,71.46,1930243091319.0,230701581775.0,104030365.0,2026-09-08 17:28:20
4409,2026-08-23,NVIDIA Corp.,NVDA,Technology,Provider_A,USD,218.13,211986096803.0,257598017793.0,23456770.0,2026-09-08 23:41:37
4410,2026-08-23,NVIDIA Corp.,NVDA,Technology,Provider_B,USD,218.22,212079909669.0,257712015875.0,23467150.0,2026-09-08 02:57:02
4411,2026-08-23,NVIDIA Corp.,NVDA,Technology,Provider_C,USD,217.93,211791031343.0,257360981137.0,23435185.0,2026-09-08 21:12:47
4412,2026-08-23,NVIDIA Corp.,NVDA,Technology,Provider_D,USD,217.96,211825949184.0,257403412063.0,23439049.0,2026-09-08 00:36:13
4473,2026-08-23,Netflix Inc.,NFLX,Communication,Provider_A,USD,260.52,1712365204126.0,140334772624.0,177537740.0,2026-09-08 18:45:50
4474,2026-08-23,Netflix Inc.,NFLX,Communication,Provider_B,USD,261.25,1717161930730.0,140727882421.0,178035064.0,2026-09-08 12:23:10
4475,2026-08-23,Netflix Inc.,NFLX,Communication,Provider_C,USD,260.79,1714146473522.0,140480754354.0,177722422.0,2026-09-08 16:27:13
4476,2026-08-23,Netflix Inc.,NFLX,Communication,Provider_D,USD,260.98,1715405369701.0,140583925634.0,177852944.0,2026-09-08 21:13:20
4541,2026-08-23,NextEra Energy,NEE,Utilities,Provider_A,USD,46.68,2642566033970.0,415759791890.0,221125775.0,2026-09-08 18:21:11
4542,2026-08-23,NextEra Energy,NEE,Utilities,Provider_B,USD,46.6,2637929947493.0,415030387848.0,220737834.0,2026-09-08 11:04:30
4543,2026-08-23,NextEra Energy,NEE,Utilities,Provider_C,USD,46.67,2641508137323.0,415593351058.0,221037252.0,2026-09-08 06:01:13
4544,2026-08-23,NextEra Energy,NEE,Utilities,Provider_D,USD,46.63,2639589870229.0,415291546556.0,220876734.0,2026-09-08 16:47:41
4505,2026-08-23,Nike Inc.,NKE,Consumer,Provider_A,USD,391.08,1490894634203.713,359067063455.0,217190948.0,2026-09-08 21:43:59
4506,2026-08-23,Nike Inc.,NKE,Consumer,Provider_B,USD,390.76,1102976094848.0,358777802817.0,217015981.0,2026-09-08 09:44:24
4507,2026-08-23,Nike Inc.,NKE,Consumer,Provider_C,USD,391.09,1103906485216.0,359080441663.0,217199040.0,2026-09-08 16:29:40
4508,2026-08-23,Nike Inc.,NKE,Consumer,Provider_D,USD,391.7,1105628852813.0,359640696110.0,217537924.0,2026-09-08 10:15:00
4469,2026-08-23,Oracle Corp.,ORCL,Technology,Provider_A,USD,543.03,1534320917435.0,368225431792.0,133347473.0,2026-09-08 03:53:41
4470,2026-08-23,Oracle Corp.,ORCL,Technology,Provider_B,USD,543.45,1535492988312.0,368506719950.0,133449337.0,2026-09-08 03:05:22
4471,2026-08-23,Oracle Corp.,ORCL,Technology,Provider_C,USD,543.25,1534935127858.0,368372837655.0,133400854.0,2026-09-08 06:06:28
4472,2026-08-23,Oracle Corp.,ORCL,Technology,Provider_D,USD,543.31,1535114229917.0,368415820796.0,133416420.0,2026-09-08 19:27:44
4497,2026-08-23,PepsiCo,PEP,Consumer,Provider_A,USD,233.76,3343121025502.0,409703500945.0,137109175.0,2026-09-08 00:10:25
4498,2026-08-23,PepsiCo,PEP,Consumer,Provider_B,USD,233.38,3337603758845.0,409027353283.0,136882899.0,2026-09-08 00:31:43
4499,2026-08-23,PepsiCo,PEP,Consumer,Provider_C,USD,233.09,3333457845197.0,408519266581.0,136712866.0,2026-09-08 19:32:25
4500,2026-08-23,PepsiCo,PEP,Consumer,Provider_D,USD,232.89,3330630476036.0,408172769091.0,136596909.0,2026-09-08 13:39:41
4509,2026-08-23,Pfizer Inc.,PFE,Healthcare,Provider_A,USD,231.0,5116606507255.548,199792418156.0,346471123.0,2026-09-08 12:00:52
4510,2026-08-23,Pfizer Inc.,PFE,Healthcare,Provider_B,USD,231.54,3744209308216.0,200252764413.0,347269435.0,2026-09-08 09:25:37
4511,2026-08-23,Pfizer Inc.,PFE,Healthcare,Provider_C,USD,231.71,3747075348703.0,200406049789.0,347535255.0,2026-09-08 23:56:55
4512,2026-08-23,Pfizer Inc.,PFE,Healthcare,Provider_D,USD,230.48,3727166431462.0,199341254692.0,345688735.0,2026-09-08 22:57:04
4457,2026-08-23,Procter & Gamble,PG,Consumer,Provider_A,USD,685.81,3132574684982.0,65484383875.0,425233576.0,2026-09-08 02:25:07
4458,2026-08-23,Procter & Gamble,PG,Consumer,Provider_B,USD,686.17,3134204401580.0,65518452013.0,425454803.0,2026-09-08 16:26:59
4459,2026-08-23,Procter & Gamble,PG,Consumer,Provider_C,USD,685.6,3131610801073.0,65464234525.0,425102733.0,2026-09-08 14:43:27
4460,2026-08-23,Procter & Gamble,PG,Consumer,Provider_D,USD,687.29,3139313228104.0,65625248624.0,426148304.0,2026-09-08 22:21:25
4593,2026-08-23,Qualcomm,QCOM,Technology,Provider_A,USD,485.33,2446760451782.0,60247103328.0,545224497.0,2026-09-08 07:00:57
4594,2026-08-23,Qualcomm,QCOM,Technology,Provider_B,USD,485.14,2445777217456.0,60222892940.0,545005398.0,2026-09-08 02:28:40
4595,2026-08-23,Qualcomm,QCOM,Technology,Provider_C,USD,486.08,2450535058126.0,60340046263.0,546065613.0,2026-09-08 02:46:56
4596,2026-08-23,Qualcomm,QCOM,Technology,Provider_D,USD,485.7,2448624651330.0,60293005910.0,545639907.0,2026-09-08 12:06:03
4481,2026-08-23,Salesforce Inc.,CRM,Technology,Provider_A,USD,589.06,3269648489783.0,55615602819.0,737468881.0,2026-09-08 17:46:04
4482,2026-08-23,Salesforce Inc.,CRM,Technology,Provider_B,USD,586.57,3255800758149.0,55380057639.0,734345527.0,2026-09-08 11:07:32
4483,2026-08-23,Salesforce Inc.,CRM,Technology,Provider_C,USD,589.06,3269614134241.0,55615018443.0,737461132.0,2026-09-08 04:50:17
4484,2026-08-23,Salesforce Inc.,CRM,Technology,Provider_D,USD,589.92,3274427824831.0,55696897674.0,738546860.0,2026-09-08 18:30:56
4425,2026-08-23,Tesla Inc.,TSLA,Automotive,Provider_A,USD,437.01,3229670074584.0,185758381496.0,152936602.0,2026-09-08 18:57:04
4426,2026-08-23,Tesla Inc.,TSLA,Automotive,Provider_B,USD,435.96,3221913816040.0,185312270902.0,152569315.0,2026-09-08 22:11:36
4427,2026-08-23,Tesla Inc.,TSLA,Automotive,Provider_C,USD,436.27,3224146481526.0,185440685359.0,152675040.0,2026-09-08 18:58:42
4428,2026-08-23,Tesla Inc.,TSLA,Automotive,Provider_D,USD,436.17,3223419441311.0,185398868761.0,152640612.0,2026-09-08 15:44:14
4597,2026-08-23,Texas Instruments,TXN,Technology,Provider_A,USD,139.71,3674717698469.0,312121967147.0,683761336.0,2026-09-08 23:47:37
4598,2026-08-23,Texas Instruments,TXN,Technology,Provider_B,USD,139.65,3673201025154.0,311993144446.0,683479126.0,2026-09-08 19:24:49
4599,2026-08-23,Texas Instruments,TXN,Technology,Provider_C,USD,140.01,3682647658542.0,312795519496.0,685236878.0,2026-09-08 12:42:21
4600,2026-08-23,Texas Instruments,TXN,Technology,Provider_D,USD,139.74,3675323083577.0,312173387149.0,683873981.0,2026-09-08 16:00:13
4569,2026-08-23,UPS,UPS,Industrials,Provider_A,USD,126.78,2104776304568.0,96005983676.0,72326505.0,2026-09-08 11:56:33
4570,2026-08-23,UPS,UPS,Industrials,Provider_B,USD,126.51,2100312493892.0,95802374136.0,72173115.0,2026-09-08 11:23:09
4571,2026-08-23,UPS,UPS,Industrials,Provider_C,USD,127.05,2109152987057.0,96205619004.0,72476901.0,2026-09-08 12:52:56
4572,2026-08-23,UPS,UPS,Industrials,Provider_D,USD,126.39,2098229085043.0,95707342795.0,72101523.0,2026-09-08 14:02:30
4565,2026-08-23,Union Pacific,UNP,Industrials,Provider_A,USD,125.65,3555257370292.0,379587207917.0,517154815.0,2026-09-08 20:23:06
4566,2026-08-23,Union Pacific,UNP,Industrials,Provider_B,USD,125.5,3550939272269.0,379126173848.0,516526696.0,2026-09-08 13:05:29
4567,2026-08-23,Union Pacific,UNP,Industrials,Provider_C,USD,125.55,3552396472004.0,379281755940.0,516738663.0,2026-09-08 20:56:59
4568,2026-08-23,Union Pacific,UNP,Industrials,Provider_D,USD,125.47,3550258876766.0,379053529478.0,516427724.0,2026-09-08 06:03:54
4585,2026-08-23,Verizon,VZ,Communication,Provider_A,USD,630.89,3872397688678.0,30282985593.0,357724701.0,2026-09-08 21:12:59
4586,2026-08-23,Verizon,VZ,Communication,Provider_B,USD,1577.8999999999999,3874038902595.0,30295820240.0,357876313.0,2026-09-08 02:12:04
4587,2026-08-23,Verizon,VZ,Communication,Provider_C,USD,632.21,3880473273959.0,30346138413.0,358470708.0,2026-09-08 22:53:47
4588,2026-08-23,Verizon,VZ,Communication,Provider_D,USD,631.59,3876694556691.0,30316588028.0,358121637.0,2026-09-08 22:56:08
4433,2026-08-23,Visa Inc.,V,Financials,Provider_A,USD,126.78,1083865410420.0,75884611044.0,147441945.0,2026-09-08 19:04:57
4434,2026-08-23,Visa Inc.,V,Financials,Provider_B,USD,127.49,1089915945062.0,76308226802.0,148265020.0,2026-09-08 20:06:44
4435,2026-08-23,Visa Inc.,V,Financials,Provider_C,USD,127.41,1089300690546.0,76265151021.0,148181325.0,2026-09-08 10:35:59
4436,2026-08-23,Visa Inc.,V,Financials,Provider_D,USD,127.18,1087259382406.0,76122233023.0,147903639.0,2026-09-08 00:33:29
4437,2026-08-23,Walmart Inc.,WMT,Consumer,Provider_A,USD,676.82,1296602018775.0,45395104263.0,99638490.0,2026-09-08 06:19:37
4438,2026-08-23,Walmart Inc.,WMT,Consumer,Provider_B,USD,679.67,1302063396815.0,45586311604.0,100058174.0,2026-09-08 20:54:01
4439,2026-08-23,Walmart Inc.,WMT,Consumer,Provider_C,USD,680.24,1303147699827.0,45624273946.0,100141498.0,2026-09-08 12:02:18
4440,2026-08-23,Walmart Inc.,WMT,Consumer,Provider_D,USD,678.88,1300548686334.0,45533280343.0,99941775.0,2026-09-08 15:03:26
4533,2026-08-23,Wells Fargo,WFC,Financials,Provider_A,USD,616.0,891420883408.1122,11709926093.0,95614935.0,2026-09-08 17:24:14
4534,2026-08-23,Wells Fargo,WFC,Financials,Provider_B,USD,614.49,629050094513.0,-11681228692.0,95380612.0,2026-09-08 08:28:26
4535,2026-08-23,Wells Fargo,WFC,Financials,Provider_C,USD,613.01,627532587174.0,11653049139.0,95150518.0,2026-09-08 17:01:14
4536,2026-08-23,Wells Fargo,WFC,Financials,Provider_D,USD,615.7,630285757578.0,11704174500.0,95567972.0,2026-09-08 19:31:15
4689,2026-08-24,AMD,AMD,Technology,Provider_A,USD,106.51,1473453025188.0,405532531165.0,191823298.0,2026-09-08 05:45:16
4690,2026-08-24,AMD,AMD,Technology,Provider_B,USD,106.39,1471802295247.0,405078207423.0,191608396.0,2026-09-08 22:30:30
4691,2026-08-24,AMD,AMD,Technology,Provider_C,USD,106.02,1466671539743.0,403666090287.0,190940442.0,2026-09-08 14:39:31
4692,2026-08-24,AMD,AMD,Technology,Provider_D,USD,106.04,1466960441263.0,403745603487.0,190978053.0,2026-09-08 11:52:17
4781,2026-08-24,AT&T,T,Communication,Provider_A,USD,279.16,923396304468.0,384486282356.0,130237989.0,2026-09-08 17:57:33
4782,2026-08-24,AT&T,T,Communication,Provider_B,USD,278.8,922225428676.0,383998749887.0,130072846.0,2026-09-08 16:07:06
4783,2026-08-24,AT&T,T,Communication,Provider_C,USD,278.36,920761611041.0,383389241491.0,129866385.0,2026-09-08 21:45:03
7647,2026-08-24,AT&T,T,Communication,Provider_C,USD,278.36,920761611041.0,383389241491.0,129866385.0,2026-09-08 21:45:03
4784,2026-08-24,AT&T,T,Communication,Provider_D,USD,279.09,923182968430.0,384397452912.0,130207899.0,2026-09-08 12:22:53
4717,2026-08-24,AbbVie Inc.,ABBV,Healthcare,Provider_A,USD,636.73,3908752510624.0,379654171439.0,246105749.0,2026-09-08 00:16:39
4718,2026-08-24,AbbVie Inc.,ABBV,Healthcare,Provider_B,USD,637.37,3912716158922.0,380039157597.0,246355311.0,2026-09-08 19:17:41
4719,2026-08-24,AbbVie Inc.,ABBV,Healthcare,Provider_C,USD,637.09,3911018775566.0,379874292037.0,246248439.0,2026-09-08 22:57:09
4720,2026-08-24,AbbVie Inc.,ABBV,Healthcare,Provider_D,USD,638.94,3922355931281.0,380975461387.0,246962258.0,2026-09-08 11:31:55
4677,2026-08-24,Adobe Inc.,ADBE,Technology,Provider_A,USD,37.65,2383410905256.0,437773228062.0,495746258.0,2026-09-08 05:52:45
4678,2026-08-24,Adobe Inc.,ADBE,Technology,Provider_B,USD,37.58,2378879986301.0,436941011086.0,494803833.0,2026-09-08 06:08:14
4679,2026-08-24,Adobe Inc.,ADBE,Technology,Provider_C,USD,37.59,2379678644775.0,437087704758.0,494969953.0,2026-09-08 14:04:03
4680,2026-08-24,Adobe Inc.,ADBE,Technology,Provider_D,USD,37.64,2382549041178.0,437614925094.0,495566991.0,2026-09-08 03:40:10
4617,2026-08-24,Alphabet Inc.,GOOGL,Communication,Provider_A,USD,482.45,2357910946545.0,321742684515.0,127854937.0,2026-09-08 18:16:53
4618,2026-08-24,Alphabet Inc.,GOOGL,Communication,Provider_B,USD,483.93,2365131123522.0,322727895227.0,128246443.0,2026-09-08 19:06:51
4619,2026-08-24,Alphabet Inc.,GOOGL,Communication,Provider_C,USD,483.32,2362173166629.0,322324274813.0,128086051.0,2026-09-08 09:10:03
4620,2026-08-24,Alphabet Inc.,GOOGL,Communication,Provider_D,USD,482.24,2356849345152.0,321597826422.0,127797373.0,2026-09-08 20:33:46
4613,2026-08-24,Amazon.com Inc.,AMZN,Consumer,Provider_A,USD,68.97,1661812775086.0,-127346111329.0,133346455.0,2026-09-08 12:40:25
4614,2026-08-24,Amazon.com Inc.,AMZN,Consumer,Provider_B,USD,68.8,1657869833528.0,127043960399.0,133030067.0,2026-09-08 05:27:57
4615,2026-08-24,Amazon.com Inc.,AMZN,Consumer,Provider_C,USD,68.9,1660258982648.0,127227042907.0,133221776.0,2026-09-08 22:32:54
4616,2026-08-24,Amazon.com Inc.,AMZN,Consumer,Provider_D,USD,68.88,1659688518207.0,127183327737.0,133176001.0,2026-09-08 22:41:12
4601,2026-08-24,Apple Inc.,AAPL,Technology,Provider_A,USD,695.02,1860612719324.0,,168445466.0,2026-09-08 02:39:37
4602,2026-08-24,Apple Inc.,AAPL,Technology,Provider_B,USD,697.05,1866058557610.0,50141676036.0,168938490.0,2026-09-08 00:04:29
4603,2026-08-24,Apple Inc.,AAPL,Technology,Provider_C,USD,695.29,1861337112019.0,50014809066.0,168511047.0,2026-09-08 16:56:17
4604,2026-08-24,Apple Inc.,AAPL,Technology,Provider_D,USD,696.86,1865538722254.0,50127707870.0,168891428.0,2026-09-08 12:07:09
4729,2026-08-24,Bank of America,BAC,Financials,Provider_A,USD,63.83,358836240846.0,173808200366.0,59597979.0,2026-09-08 01:21:50
4730,2026-08-24,Bank of America,BAC,Financials,Provider_B,USD,63.71,358173101623.0,173486998041.0,59487841.0,2026-09-08 07:02:35
4731,2026-08-24,Bank of America,BAC,Financials,Provider_C,USD,63.8,358679665848.0,173732360706.0,59571974.0,2026-09-08 22:48:54
4732,2026-08-24,Bank of America,BAC,Financials,Provider_D,USD,190.92000000000002,357779466191.0,173296334283.0,59422463.0,2026-09-08 03:29:01
4737,2026-08-24,Berkshire Hathaway,BRK.B,Financials,Provider_A,USD,483.63,1787255152416.0,41345726923.0,332698084.0,2026-09-08 10:40:10
4738,2026-08-24,Berkshire Hathaway,BRK.B,Financials,Provider_B,USD,482.67,1783709622154.0,41263705883.0,332038083.0,2026-09-08 04:15:03
4739,2026-08-24,Berkshire Hathaway,BRK.B,Financials,Provider_C,USD,483.52,1786872560500.0,41336876177.0,332626865.0,2026-09-08 08:57:03
4740,2026-08-24,Berkshire Hathaway,BRK.B,Financials,Provider_D,USD,483.37,1786309465323.0,41323849733.0,332522045.0,2026-09-08 05:03:50
4757,2026-08-24,Boeing Co.,BA,Industrials,Provider_A,USD,574.25,724120365366.0,269220582290.0,66527754.0,2026-09-08 07:10:17
4758,2026-08-24,Boeing Co.,BA,Industrials,Provider_B,USD,575.51,725708515453.0,269811040330.0,66673664.0,2026-09-08 21:18:43
4759,2026-08-24,Boeing Co.,BA,Industrials,Provider_C,USD,573.48,723157526644.0,268862608653.0,66439295.0,2026-09-08 08:01:05
4760,2026-08-24,Boeing Co.,BA,Industrials,Provider_D,USD,571.86,721113838614.0,268102786242.0,66251533.0,2026-09-08 01:15:23
4665,2026-08-24,Broadcom Inc.,AVGO,Technology,Provider_A,USD,694.39,1322368425569.0,299044478617.0,325994858.0,2026-09-08 22:34:18
4666,2026-08-24,Broadcom Inc.,AVGO,Technology,Provider_B,USD,693.87,1565598853362.9902,298820682387.0,325750892.0,2026-09-08 04:56:43
4667,2026-08-24,Broadcom Inc.,AVGO,Technology,Provider_C,USD,693.19,1320080777422.0,298527142802.0,325430899.0,2026-09-08 07:13:24
4668,2026-08-24,Broadcom Inc.,AVGO,Technology,Provider_D,USD,692.4,1318567347935.0,298184891185.0,325057803.0,2026-09-08 12:05:12
4761,2026-08-24,Caterpillar Inc.,CAT,Industrials,Provider_A,USD,332.63,3384319823105.0,328428035956.0,637820861.0,2026-09-08 17:22:28
4762,2026-08-24,Caterpillar Inc.,CAT,Industrials,Provider_B,USD,330.71,3385337514044.0,328526796786.0,638012658.0,2026-09-08 12:45:03
4763,2026-08-24,Caterpillar Inc.,CAT,Industrials,Provider_C,USD,333.41,3392237471528.0,329196396470.0,639313049.0,2026-09-08 10:50:23
4764,2026-08-24,Caterpillar Inc.,CAT,Industrials,Provider_D,USD,332.81,3386133594246.0,328604051618.0,638162690.0,2026-09-08 02:31:18
4653,2026-08-24,Chevron Corp.,CVX,Energy,Provider_A,USD,226.68,3985154162275.0,396085141754.0,969021771.0,2026-09-08 23:35:59
4654,2026-08-24,Chevron Corp.,CVX,Energy,Provider_B,USD,226.22,3977067706128.0,395281427519.0,967055486.0,2026-09-08 08:39:22
4655,2026-08-24,Chevron Corp.,CVX,Energy,Provider_C,USD,226.75,3986405112538.0,396209473911.0,969325950.0,2026-09-08 15:20:14
4656,2026-08-24,Chevron Corp.,CVX,Energy,Provider_D,USD,226.75,3986362913451.0,396205279736.0,969315689.0,2026-09-08 16:36:19
4693,2026-08-24,Cisco Systems,CSCO,Technology,Provider_A,USD,73.13,885370549932.0,120070617187.0,183359891.0,2026-09-08 10:43:21
4694,2026-08-24,Cisco Systems,CSCO,Technology,Provider_B,USD,73.1,884960023016.0,120014943073.0,183274871.0,2026-09-08 07:07:49
4695,2026-08-24,Cisco Systems,CSCO,Technology,Provider_C,USD,73.06,884520767883.0,119955372948.0,183183901.0,2026-09-08 13:01:14
4696,2026-08-24,Cisco Systems,CSCO,Technology,Provider_D,GBP,73.07,884577018083.0,119963001388.0,183195551.0,2026-09-08 22:09:18
4641,2026-08-24,Coca-Cola,KO,Consumer,Provider_A,USD,459.08,2808643140374.0,215046353106.0,509136879.0,2026-09-08 23:58:17
4642,2026-08-24,Coca-Cola,KO,Consumer,Provider_B,USD,461.08,2820869061915.0,215982442068.0,511353133.0,2026-09-08 23:18:55
4643,2026-08-24,Coca-Cola,KO,Consumer,Provider_C,USD,459.72,2812579852839.0,215347771128.0,509850506.0,2026-09-08 08:23:14
4644,2026-08-24,Coca-Cola,KO,Consumer,Provider_D,USD,460.27,2815929457753.0,215604236718.0,510457706.0,2026-09-08 17:23:01
4789,2026-08-24,Comcast,CMCSA,Communication,Provider_A,USD,610.03,366235470921.0,173212233303.0,11696744.0,2026-09-08 02:46:09
4790,2026-08-24,Comcast,CMCSA,Communication,Provider_B,USD,611.27,366981422259.0,173565033366.0,11720568.0,2026-09-08 10:14:11
4791,2026-08-24,Comcast,CMCSA,Communication,Provider_C,USD,604.12,367811925943.0,173957822731.0,11747092.0,INVALID_TIMESTAMP
4792,2026-08-24,Comcast,CMCSA,Communication,Provider_D,USD,612.42,367673225417.0,173892223875.0,11742662.0,2026-09-08 09:22:17
4749,2026-08-24,ConocoPhillips,COP,Energy,Provider_A,USD,288.14,206318977262.0,446159524123.0,47597521.0,2026-09-08 16:17:25
4750,2026-08-24,ConocoPhillips,COP,Energy,Provider_B,USD,288.54,206605156141.0,446778378647.0,47663543.0,2026-09-08 11:21:38
4751,2026-08-24,ConocoPhillips,COP,Energy,Provider_C,USD,288.33,206455072153.0,446453825852.0,47628918.0,2026-09-08 03:56:14
4752,2026-08-24,ConocoPhillips,COP,Energy,Provider_D,USD,289.68,207422970850.0,448546882088.0,47852211.0,2026-09-08 19:40:19
4745,2026-08-24,Duke Energy,DUK,Utilities,Provider_A,USD,670.36,299247210764.0,391344912863.0,32307196.0,2026-09-08 16:44:50
4746,2026-08-24,Duke Energy,DUK,Utilities,Provider_B,USD,668.85,298575019556.0,390465844988.0,32234625.0,2026-09-08 14:08:05
4747,2026-08-24,Duke Energy,DUK,Utilities,Provider_C,USD,668.79,298547963571.0,390430462128.0,32231704.0,2026-09-08 03:48:14
4748,2026-08-24,Duke Energy,DUK,Utilities,Provider_D,USD,667.6,298017912553.0,389737280164.0,32174479.0,2026-09-08 19:47:39
4649,2026-08-24,Exxon Mobil,XOM,Energy,Provider_A,USD,44.73,1840584653223.0137,96359522990.0,87604603.0,2026-09-08 10:37:34
4650,2026-08-24,Exxon Mobil,XOM,Energy,Provider_B,USD,44.72,1406722300785.0,96352721846.0,87598420.0,2026-09-08 12:17:21
4651,2026-08-24,Exxon Mobil,XOM,Energy,Provider_C,USD,44.56,1401638688857.0,96004522457.0,87281857.0,2026-09-08 12:08:38
4652,2026-08-24,Exxon Mobil,XOM,Energy,Provider_D,USD,44.6,1402850225593.0,96087506044.0,87357301.0,2026-09-08 20:17:47
4721,2026-08-24,Goldman Sachs,GS,Financials,Provider_A,USD,685.88,3769706173469.0,100346303562.0,792771273.0,2026-09-08 08:48:57
4722,2026-08-24,Goldman Sachs,GS,Financials,Provider_B,USD,684.36,3761333451034.0,100123428964.0,791010485.0,2026-09-08 09:56:16
4723,2026-08-24,Goldman Sachs,GS,Financials,Provider_C,USD,686.46,3772879717913.0,100430780558.0,793438671.0,2026-09-08 21:58:12
4724,2026-08-24,Goldman Sachs,GS,Financials,Provider_D,USD,685.93,3769986359160.0,100353761862.0,792830196.0,2026-09-08 16:28:54
4773,2026-08-24,Home Depot,HD,Consumer,Provider_A,USD,296.14,1337453835274.0,179653224479.0,229391049.0,2026-09-08 15:13:51
4774,2026-08-24,Home Depot,HD,Consumer,Provider_B,USD,296.29,1338157009166.0,179747678174.0,229511653.0,2026-09-08 09:27:35
4775,2026-08-24,Home Depot,HD,Consumer,Provider_C,USD,297.09,1341782265381.0,180234640005.0,230133432.0,2026-09-08 01:21:30
4776,2026-08-24,Home Depot,HD,Consumer,Provider_D,USD,295.63,1335173732676.0,179346950144.0,228999981.0,2026-09-08 21:23:22
4685,2026-08-24,Intel Corp.,INTC,Technology,Provider_A,USD,172.34,2201378740193.0,208126154528.0,241445297.0,2026-09-08 19:47:42
4686,2026-08-24,Intel Corp.,INTC,Technology,Provider_B,USD,172.16,2723894842814.8145,207913910375.0,241199074.0,2026-09-08 16:59:27
4687,2026-08-24,Intel Corp.,INTC,Technology,Provider_C,USD,172.38,2201889633974.0,208174456238.0,241501331.0,2026-09-08 04:25:48
4688,2026-08-24,Intel Corp.,INTC,Technology,Provider_D,USD,172.69,2205910153896.0,208554570453.0,241942298.0,2026-09-08 03:08:22
4629,2026-08-24,JPMorgan Chase,JPM,Financials,Provider_A,USD,721.11,2171131916071.0,165527415820.0,76553432.0,2026-09-08 09:42:39
4630,2026-08-24,JPMorgan Chase,JPM,Financials,Provider_B,USD,721.67,2172819786697.0,165656099324.0,76612946.0,2026-09-08 21:00:33
4631,2026-08-24,JPMorgan Chase,JPM,Financials,Provider_C,USD,721.07,2171032117190.0,165519807138.0,76549913.0,2026-09-08 12:31:57
4632,2026-08-24,JPMorgan Chase,JPM,Financials,Provider_D,USD,722.1,2174129173779.0,165755927187.0,76659114.0,2026-09-08 21:53:26
4645,2026-08-24,Johnson & Johnson,JNJ,Healthcare,Provider_A,USD,588.08,1403067595401.0,293448517840.0,178476051.0,2026-09-08 14:19:26
4646,2026-08-24,Johnson & Johnson,JNJ,Healthcare,Provider_B,USD,587.87,1402553856513.0,-293341070475.0,178410701.0,2026-09-08 10:12:32
4647,2026-08-24,Johnson & Johnson,JNJ,Healthcare,Provider_C,USD,587.61,1401943855023.0,293213489998.0,178333106.0,2026-09-08 01:41:14
4648,2026-08-24,Johnson & Johnson,JNJ,Healthcare,Provider_D,USD,586.77,1399921251370.0,292790466869.0,178075823.0,2026-09-08 11:49:52
4753,2026-08-24,Lockheed Martin,LMT,Industrials,Provider_A,USD,484.9,3916551495775.0,141071496381.0,914389218.0,2026-09-08 23:36:37
4754,2026-08-24,Lockheed Martin,LMT,Industrials,Provider_B,USD,484.9,3916617111239.0,141073859805.0,914404538.0,2026-09-08 04:45:09
4755,2026-08-24,Lockheed Martin,LMT,Industrials,Provider_C,USD,483.13,3902321365961.0,140558936873.0,911066939.0,2026-09-08 20:52:36
4756,2026-08-24,Lockheed Martin,LMT,Industrials,Provider_D,USD,485.4,3920662116216.0,141219558108.0,915348917.0,2026-09-08 05:15:07
4777,2026-08-24,Lowe's,LOW,Consumer,Provider_A,USD,403.49,1022714849340.0,328960752757.0,70525579.0,2026-09-08 03:00:59
4778,2026-08-24,Lowe's,LOW,Consumer,Provider_B,USD,403.9,1023736094823.0,329289240882.0,70596003.0,2026-09-08 21:55:57
4779,2026-08-24,Lowe's,LOW,Consumer,Provider_C,USD,403.36,1252732019199.095,328850878651.0,70502023.0,2026-09-08 02:46:12
4780,2026-08-24,Lowe's,LOW,Consumer,Provider_D,USD,404.08,1024202651430.0,329439310877.0,70628176.0,2026-09-08 00:09:04
4661,2026-08-24,Mastercard Inc.,MA,Financials,Provider_A,USD,679.1,2003965242327.0,421556494055.0,266499386.0,2026-09-08 08:22:56
4662,2026-08-24,Mastercard Inc.,MA,Financials,Provider_B,USD,678.31,2001642083898.0,421067791705.0,266190438.0,2026-09-08 04:04:44
4663,2026-08-24,Mastercard Inc.,MA,Financials,Provider_C,USD,679.71,2005775564357.0,421937315534.0,266740134.0,2026-09-08 23:22:36
4664,2026-08-24,Mastercard Inc.,MA,Financials,Provider_D,USD,677.75,1999974517029.0,420717000370.0,,2026-09-08 12:16:48
4701,2026-08-24,McDonald's,MCD,Consumer,Provider_A,USD,619.81,1228501381349.0,-444245284475.0,41424672.0,2026-09-08 23:16:35
4702,2026-08-24,McDonald's,MCD,Consumer,Provider_B,USD,618.2,1225309002280.0,443090870350.0,41317026.0,2026-09-08 14:55:01
4703,2026-08-24,McDonald's,MCD,Consumer,Provider_C,USD,617.63,1224178873708.0,442682198210.0,41278919.0,2026-09-08 09:27:57
4704,2026-08-24,McDonald's,MCD,Consumer,Provider_D,USD,618.08,1225063749615.0,443002183157.0,41308757.0,2026-09-08 21:14:40
4713,2026-08-24,Merck & Co.,MRK,Healthcare,Provider_A,USD,163.52,2406563108325.388,58291514033.0,285312093.0,2026-09-08 07:00:10
4714,2026-08-24,Merck & Co.,MRK,Healthcare,Provider_B,USD,163.9,1996439570534.0,58425868788.0,285969702.0,2026-09-08 20:49:42
4715,2026-08-24,Merck & Co.,MRK,Healthcare,Provider_C,USD,164.26,2000838343012.0,58554599008.0,286599782.0,2026-09-08 21:26:11
4716,2026-08-24,Merck & Co.,MRK,Healthcare,Provider_D,USD,163.35,1989754387055.0,58230226677.0,285012118.0,2026-09-08 12:10:53
4621,2026-08-24,Meta Platforms,META,Communication,Provider_A,USD,316.13,1725229281007.0,292399872356.0,224579122.0,2026-09-08 16:17:50
4622,2026-08-24,Meta Platforms,META,Communication,Provider_B,USD,316.58,1727712408962.0,292820724416.0,224902360.0,2026-09-08 09:53:31
4623,2026-08-24,Meta Platforms,META,Communication,Provider_C,USD,317.12,1730645164496.0,293317781447.0,225284127.0,2026-09-08 15:26:41
4624,2026-08-24,Meta Platforms,META,Communication,Provider_D,USD,,1733909880328.0,293871100651.0,225709106.0,2026-09-08 06:22:26
4605,2026-08-24,Microsoft Corp.,MSFT,Technology,Provider_A,USD,218.69,3045103107720.0,65144930951.0,730089129.0,2026-09-08 23:18:35
4606,2026-08-24,Microsoft Corp.,MSFT,Technology,Provider_B,USD,218.47,3042057731865.0,65079780185.0,729358974.0,2026-09-08 10:20:57
4607,2026-08-24,Microsoft Corp.,MSFT,Technology,Provider_C,USD,218.64,3044425154533.0,65130427267.0,729926584.0,2026-09-08 23:23:50
4608,2026-08-24,Microsoft Corp.,MSFT,Technology,Provider_D,USD,218.6,3043922937046.0,65119683157.0,729806173.0,2026-09-08 23:40:38
4725,2026-08-24,Morgan Stanley,MS,Financials,Provider_A,USD,71.38,1928007377115.0,230339370727.0,79448024.0,2026-09-08 02:29:28
4726,2026-08-24,Morgan Stanley,MS,Financials,Provider_B,USD,71.31,1926319003782.0,230137660476.0,79378450.0,2026-09-08 02:52:57
4727,2026-08-24,Morgan Stanley,MS,Financials,Provider_C,USD,71.3,1926058934302.0,230106589931.0,79367734.0,2026-09-08 09:40:44
4728,2026-08-24,Morgan Stanley,MS,Financials,Provider_D,USD,71.43,1929480357620.0,230515347959.0,79508721.0,2026-09-08 18:45:24
4609,2026-08-24,NVIDIA Corp.,NVDA,Technology,Provider_A,USD,216.12,210927676739.0,256931807925.0,11528095.0,2026-09-08 08:23:43
4610,2026-08-24,NVIDIA Corp.,NVDA,Technology,Provider_B,USD,215.9,210713627382.0,256671073586.0,11516396.0,2026-09-08 08:31:45
4611,2026-08-24,NVIDIA Corp.,NVDA,Technology,Provider_C,USD,216.68,211475792699.0,257599470067.0,11558052.0,2026-09-08 19:00:04
4612,2026-08-24,NVIDIA Corp.,NVDA,Technology,Provider_D,USD,216.2,211005163389.0,-257026194709.0,11532330.0,2026-09-08 16:35:39
4673,2026-08-24,Netflix Inc.,NFLX,Communication,Provider_A,USD,261.01,1717107755783.0,140552479004.0,69981340.0,2026-09-08 15:56:06
4674,2026-08-24,Netflix Inc.,NFLX,Communication,Provider_B,USD,260.1,1711123670977.0,140062656539.0,69737457.0,2026-09-08 00:28:43
4675,2026-08-24,Netflix Inc.,NFLX,Communication,Provider_C,USD,260.9,1716440000953.0,140497820468.0,69954126.0,2026-09-08 12:01:07
4676,2026-08-24,Netflix Inc.,NFLX,Communication,Provider_D,USD,260.39,1713070454319.0,140222008929.0,69816799.0,2026-09-08 03:47:40
4741,2026-08-24,NextEra Energy,NEE,Utilities,Provider_A,USD,46.93,2645395674281.0,415739392310.0,414582267.0,2026-09-08 08:31:23
4742,2026-08-24,NextEra Energy,NEE,Utilities,Provider_B,USD,46.87,2641606862438.0,415143958384.0,413988490.0,2026-09-08 17:05:20
4743,2026-08-24,NextEra Energy,NEE,Utilities,Provider_C,USD,46.86,2641464470712.0,415121580692.0,413966175.0,2026-09-08 17:54:24
4744,2026-08-24,NextEra Energy,NEE,Utilities,Provider_D,USD,47.01,2649657257969.0,416409125095.0,415250136.0,2026-09-08 19:55:40
4705,2026-08-24,Nike Inc.,NKE,Consumer,Provider_A,USD,399.87,1105299124952.0,359108270947.0,250723246.0,2026-09-08 10:04:32
4706,2026-08-24,Nike Inc.,NKE,Consumer,Provider_B,USD,399.57,1104456571950.0,358834528080.0,250532123.0,2026-09-08 04:51:00
4707,2026-08-24,Nike Inc.,NKE,Consumer,Provider_C,USD,400.99,1108400535059.0,360115909509.0,251426762.0,2026-09-08 15:05:05
4708,2026-08-24,Nike Inc.,NKE,Consumer,Provider_D,USD,399.55,1104412294456.0,358820142459.0,250522079.0,2026-09-08 16:07:49
4669,2026-08-24,Oracle Corp.,ORCL,Technology,Provider_A,USD,539.92,1529834944059.0,367735445025.0,98101864.0,2026-09-08 21:57:18
4670,2026-08-24,Oracle Corp.,ORCL,Technology,Provider_B,USD,541.76,1535037121336.0,368985923048.0,98435457.0,2026-09-08 11:07:17
4671,2026-08-24,Oracle Corp.,ORCL,Technology,Provider_C,USD,540.9,1532612400544.0,368403078616.0,98279970.0,2026-09-08 09:34:54
4672,2026-08-24,Oracle Corp.,ORCL,Technology,Provider_D,USD,539.88,1529716262140.0,-367706916753.0,98094253.0,2026-09-08 02:52:15
4697,2026-08-24,PepsiCo,PEP,Consumer,Provider_A,USD,232.77,3328575050969.0,408453970805.0,568348448.0,2026-09-08 09:03:35
4698,2026-08-24,PepsiCo,PEP,Consumer,Provider_B,USD,233.04,3332392209701.0,408922379543.0,569000222.0,2026-09-08 22:31:13
4699,2026-08-24,PepsiCo,PEP,Consumer,Provider_C,USD,233.75,3342628539864.0,410178493537.0,570748057.0,2026-09-08 08:11:18
4700,2026-08-24,PepsiCo,PEP,Consumer,Provider_D,USD,233.27,3335641207075.0,409321068429.0,569554982.0,2026-09-08 10:41:09
4709,2026-08-24,Pfizer Inc.,PFE,Healthcare,Provider_A,INR,230.56,3730898474718.0,199673886787.0,591145189.0,2026-09-08 05:42:55
4710,2026-08-24,Pfizer Inc.,PFE,Healthcare,Provider_B,USD,230.66,3732566105185.0,199763136671.0,591409418.0,2026-09-08 02:55:35
4711,2026-08-24,Pfizer Inc.,PFE,Healthcare,Provider_C,USD,230.66,3732604757810.0,199765205320.0,591415543.0,2026-09-08 11:34:50
4712,2026-08-24,Pfizer Inc.,PFE,Healthcare,Provider_D,USD,231.15,3740385714847.0,200181634216.0,592648403.0,2026-09-08 22:32:28
4657,2026-08-24,Procter & Gamble,PG,Consumer,Provider_A,USD,693.19,3136443930809.0,65514445131.0,597249278.0,2026-09-08 03:44:35
4658,2026-08-24,Procter & Gamble,PG,Consumer,Provider_B,USD,694.29,3141434705431.0,65618693075.0,598199634.0,2026-09-08 16:13:38
4659,2026-08-24,Procter & Gamble,PG,Consumer,Provider_C,USD,693.77,3139067607083.0,65569248819.0,597748885.0,2026-09-08 01:33:32
4660,2026-08-24,Procter & Gamble,PG,Consumer,Provider_D,USD,691.13,3127121609510.0,65319719282.0,595474099.0,2026-09-08 19:02:20
4793,2026-08-24,Qualcomm,QCOM,Technology,Provider_A,USD,490.0,2439653352451.0,60154463700.0,249640868.0,2026-09-08 08:44:47
4794,2026-08-24,Qualcomm,QCOM,Technology,Provider_B,USD,490.04,2439836912153.0,60158989726.0,249659651.0,2026-09-08 00:45:48
4795,2026-08-24,Qualcomm,QCOM,Technology,Provider_C,USD,490.48,2442025360041.0,60212950224.0,249883587.0,2026-09-08 13:51:09
4796,2026-08-24,Qualcomm,QCOM,Technology,Provider_D,USD,488.97,2434506721390.0,60027563363.0,249114232.0,2026-09-08 01:19:40
4681,2026-08-24,Salesforce Inc.,CRM,Technology,Provider_A,USD,592.66,3265929698825.0,55513479617.0,103408176.0,2026-09-08 18:55:58
4682,2026-08-24,Salesforce Inc.,CRM,Technology,Provider_B,USD,593.78,3272095997108.0,55618292858.0,103603417.0,2026-09-08 10:23:43
4683,2026-08-24,Salesforce Inc.,CRM,Technology,Provider_C,USD,592.19,3972140827844.6694,55468683484.0,103324731.0,2026-09-08 02:46:50
4684,2026-08-24,Salesforce Inc.,CRM,Technology,Provider_D,USD,296.645,3269375539978.0,55572051188.0,103517280.0,2026-09-08 01:20:12
4625,2026-08-24,Tesla Inc.,TSLA,Automotive,Provider_A,USD,439.37,3219690579010.0,185544498637.0,706550982.0,2026-09-08 01:33:05
4626,2026-08-24,Tesla Inc.,TSLA,Automotive,Provider_B,USD,438.23,3211352042571.0,185063965019.0,704721117.0,2026-09-08 21:26:29
4627,2026-08-24,Tesla Inc.,TSLA,Automotive,Provider_C,USD,438.42,3212760595899.0,185145137204.0,705030219.0,2026-09-08 15:37:47
4628,2026-08-24,Tesla Inc.,TSLA,Automotive,Provider_D,USD,438.38,3212456820389.0,185127631213.0,704963557.0,2026-09-08 15:45:40
4797,2026-08-24,Texas Instruments,TXN,Technology,Provider_A,USD,139.47,3661845937700.0,311154129669.0,219851350.0,2026-09-08 22:37:12
4798,2026-08-24,Texas Instruments,TXN,Technology,Provider_B,USD,139.85,3671884152930.0,312007096227.0,220454029.0,2026-09-08 08:03:00
4799,2026-08-24,Texas Instruments,TXN,Technology,Provider_C,USD,139.76,3669514773719.0,311805765494.0,220311775.0,2026-09-08 23:55:49
4800,2026-08-24,Texas Instruments,TXN,Technology,Provider_D,USD,139.67,3667266673535.0,311614740074.0,220176803.0,2026-09-08 04:00:15
4769,2026-08-24,UPS,UPS,Industrials,Provider_A,USD,127.07,2100738438008.0,96007916895.0,398002238.0,2026-09-08 10:29:40
4770,2026-08-24,UPS,UPS,Industrials,Provider_B,USD,126.71,2094660606046.0,95730147909.0,396850743.0,2026-09-08 08:24:05
4771,2026-08-24,UPS,UPS,Industrials,Provider_C,USD,127.06,2100493905139.0,95996741258.0,397955909.0,2026-09-08 05:01:21
4772,2026-08-24,UPS,UPS,Industrials,Provider_D,USD,-127.24,2103403167838.0,96129700338.0,398507093.0,2026-09-08 13:38:53
4765,2026-08-24,Union Pacific,UNP,Industrials,Provider_A,EUR,126.01,3551535618072.0,378966505222.0,842244312.0,2026-09-08 19:30:03
4766,2026-08-24,Union Pacific,UNP,Industrials,Provider_B,USD,125.97,3550484381939.0,378854333101.0,841995012.0,2026-09-08 03:38:19
4767,2026-08-24,Union Pacific,UNP,Industrials,Provider_C,USD,126.2,3557101074932.0,379560367135.0,843564156.0,2026-09-08 16:09:32
4768,2026-08-24,Union Pacific,UNP,Industrials,Provider_D,USD,125.85,3547232826416.0,378507375963.0,841223907.0,2026-09-08 16:52:39
4785,2026-08-24,Verizon,VZ,Communication,Provider_A,USD,630.47,3882272165337.0,30344368479.0,516808893.0,2026-09-08 16:46:36
4786,2026-08-24,Verizon,VZ,Communication,Provider_B,USD,626.95,3860627266406.0,30175188999.0,513927520.0,2026-09-08 17:52:00
4787,2026-08-24,Verizon,VZ,Communication,Provider_C,USD,630.23,3880792037751.0,30332799600.0,516611858.0,2026-09-08 07:09:35
4788,2026-08-24,Verizon,VZ,Communication,Provider_D,USD,627.71,3865265628688.0,30211443071.0,514544979.0,2026-09-08 21:27:21
4633,2026-08-24,Visa Inc.,V,Financials,Provider_A,USD,130.9,1091625202374.0,76553126351.0,268793930.0,2026-09-08 10:16:14
4634,2026-08-24,Visa Inc.,V,Financials,Provider_B,USD,129.9,1083247682460.0,75965630442.0,266731110.0,2026-09-08 02:25:08
4635,2026-08-24,Visa Inc.,V,Financials,Provider_C,USD,130.44,1087771405469.0,76282868573.0,267844999.0,2026-09-08 08:53:54
4636,2026-08-24,Visa Inc.,V,Financials,Provider_D,USD,130.27,1086328640946.0,76181690866.0,267489743.0,2026-09-08 20:36:54
4637,2026-08-24,Walmart Inc.,WMT,Consumer,Provider_A,USD,667.83,1303686327503.0,45515437184.0,257328446.0,2026-09-08 18:33:16
4638,2026-08-24,Walmart Inc.,WMT,Consumer,Provider_B,USD,668.08,1304162113542.0,45532048242.0,257422359.0,2026-09-08 08:30:58
4639,2026-08-24,Walmart Inc.,WMT,Consumer,Provider_C,USD,666.47,1301029673376.0,45422685752.0,256804062.0,2026-09-08 13:50:56
4640,2026-08-24,Walmart Inc.,WMT,Consumer,Provider_D,USD,668.52,1305029840643.0,45562343090.0,257593636.0,2026-09-08 16:50:44
4733,2026-08-24,Wells Fargo,WFC,Financials,Provider_A,USD,616.0,629162418603.0,11679170308.0,35531251.0,2026-09-08 22:52:01
4734,2026-08-24,Wells Fargo,WFC,Financials,Provider_B,USD,,627156234642.0,11641929425.0,35417954.0,2026-09-08 02:38:58
4735,2026-08-24,Wells Fargo,WFC,Financials,Provider_C,USD,619.27,628424827320.0,11665478368.0,35489596.0,2026-09-08 14:09:06
4736,2026-08-24,Wells Fargo,WFC,Financials,Provider_D,USD,619.67,628835514595.0,11673101974.0,35512789.0,2026-09-08 08:32:20
4889,2026-08-25,AMD,AMD,Technology,Provider_A,USD,105.64,1468206876709.0,403180279784.0,147798004.0,2026-09-08 16:13:55
4890,2026-08-25,AMD,AMD,Technology,Provider_B,USD,105.72,1469352276500.0,403494814892.0,147913306.0,2026-09-08 22:03:58
4891,2026-08-25,AMD,AMD,Technology,Provider_C,USD,105.89,1471654105700.0,404126913921.0,148145021.0,2026-09-08 13:29:01
4892,2026-08-25,AMD,AMD,Technology,Provider_D,USD,105.75,1469661725668.0,403579791883.0,147944457.0,2026-09-08 04:39:21
4981,2026-08-25,AT&T,T,Communication,Provider_A,USD,279.26,918670678755.0,383162135161.0,186902115.0,2026-09-08 10:30:04
4982,2026-08-25,AT&T,T,Communication,Provider_B,USD,279.53,919539551364.0,383524527357.0,187078886.0,2026-09-08 16:35:47
4983,2026-08-25,AT&T,T,Communication,Provider_C,USD,279.66,919957504971.0,383698848797.0,187163918.0,2026-09-08 18:20:25
4984,2026-08-25,AT&T,T,Communication,Provider_D,USD,279.78,-920356819535.0,383865396206.0,187245158.0,2026-09-08 13:26:46
4917,2026-08-25,AbbVie Inc.,ABBV,Healthcare,Provider_A,USD,627.18,3917413669983.0,380482377697.0,300797430.0,2026-09-08 22:49:28
4918,2026-08-25,AbbVie Inc.,ABBV,Healthcare,Provider_B,USD,626.74,3914682454656.0,380217105916.0,300587715.0,2026-09-08 10:31:55
4919,2026-08-25,AbbVie Inc.,ABBV,Healthcare,Provider_C,USD,628.23,3924004696099.0,381122537123.0,301303520.0,2026-09-08 07:33:38
4920,2026-08-25,AbbVie Inc.,ABBV,Healthcare,Provider_D,USD,626.48,3913077199041.0,,300464456.0,2026-09-08 04:56:39
4877,2026-08-25,Adobe Inc.,ADBE,Technology,Provider_A,USD,37.62,2374531755920.0,436285894656.0,213649296.0,2026-09-08 05:22:39
4878,2026-08-25,Adobe Inc.,ADBE,Technology,Provider_B,USD,37.72,2380670192811.0,437413743726.0,214201604.0,2026-09-08 01:15:42
4879,2026-08-25,Adobe Inc.,ADBE,Technology,Provider_C,USD,37.72,2380785128784.0,437434861550.0,214211946.0,2026-09-08 11:11:09
4880,2026-08-25,Adobe Inc.,ADBE,Technology,Provider_D,USD,,2384404752153.0,438099915035.0,214537623.0,2026-09-08 12:01:09
4817,2026-08-25,Alphabet Inc.,GOOGL,Communication,Provider_A,USD,489.36,2362432232555.0,322261650465.0,115956653.0,2026-09-08 15:43:42
4818,2026-08-25,Alphabet Inc.,GOOGL,Communication,Provider_B,USD,489.38,2362536954549.0,322275935693.0,115961794.0,2026-09-08 10:17:14
4819,2026-08-25,Alphabet Inc.,GOOGL,Communication,Provider_C,USD,489.14,2361348452239.0,322113810951.0,115903458.0,2026-09-08 22:41:30
4820,2026-08-25,Alphabet Inc.,GOOGL,Communication,Provider_D,USD,487.84,2355095544522.0,321260845802.0,115596542.0,2026-09-08 09:26:49
4813,2026-08-25,Amazon.com Inc.,AMZN,Consumer,Provider_A,USD,68.29,1659248253165.0,127152167160.0,58262458.0,2026-09-08 16:44:39
4814,2026-08-25,Amazon.com Inc.,AMZN,Consumer,Provider_B,USD,68.47,1663816074062.0,127502210214.0,,2026-09-08 17:29:20
4815,2026-08-25,Amazon.com Inc.,AMZN,Consumer,Provider_C,USD,68.37,1661158275837.0,127298536771.0,58329526.0,2026-09-08 06:45:44
4816,2026-08-25,Amazon.com Inc.,AMZN,Consumer,Provider_D,USD,68.27,1658885231067.0,127124347907.0,58249711.0,2026-09-08 11:34:07
4801,2026-08-25,Apple Inc.,AAPL,Technology,Provider_A,USD,696.14,1863041158970.0,50079994677.0,453872823.0,2026-09-08 04:35:18
4802,2026-08-25,Apple Inc.,AAPL,Technology,Provider_B,USD,698.02,1868062670249.0,50214976804.0,455096160.0,2026-09-08 01:33:37
4803,2026-08-25,Apple Inc.,AAPL,Technology,Provider_C,USD,696.29,1863437498340.0,50090648588.0,453969379.0,2026-09-08 08:22:11
4804,2026-08-25,Apple Inc.,AAPL,Technology,Provider_D,USD,696.91,1865097602835.0,50135273487.0,454373812.0,2026-09-08 04:12:55
4929,2026-08-25,Bank of America,BAC,Financials,Provider_A,USD,64.06,358168437898.0,173287897068.0,57267453.0,2026-09-08 17:54:29
4930,2026-08-25,Bank of America,BAC,Financials,Provider_B,USD,64.31,359531556498.0,173947396708.0,57485401.0,2026-09-08 14:31:43
4931,2026-08-25,Bank of America,BAC,Financials,Provider_C,USD,64.18,358844163648.0,173614824519.0,57375494.0,2026-09-08 15:46:58
4932,2026-08-25,Bank of America,BAC,Financials,Provider_D,USD,64.11,358437451288.0,173418050258.0,57310465.0,2026-09-08 04:27:24
4937,2026-08-25,Berkshire Hathaway,BRK.B,Financials,Provider_A,USD,480.14,1785237672486.0,41286274430.0,74082469.0,2026-09-08 02:31:25
4938,2026-08-25,Berkshire Hathaway,BRK.B,Financials,Provider_B,USD,480.8,1787695026184.0,41343104387.0,74184442.0,2026-09-08 22:32:55
4939,2026-08-25,Berkshire Hathaway,BRK.B,Financials,Provider_C,USD,480.81,1787722497843.0,41343739710.0,74185582.0,2026-09-08 07:51:13
4940,2026-08-25,Berkshire Hathaway,BRK.B,Financials,Provider_D,USD,478.35,1778570641460.0,41132089429.0,73805805.0,2026-09-08 23:02:34
7634,2026-08-25,Berkshire Hathaway,BRK.B,Financials,Provider_D,USD,478.35,1778570641460.0,41132089429.0,73805805.0,2026-09-08 23:02:34
4957,2026-08-25,Boeing Co.,BA,Industrials,Provider_A,USD,568.69,721506484084.0,268617050036.0,153976840.0,2026-09-08 19:12:42
4958,2026-08-25,Boeing Co.,BA,Industrials,Provider_B,USD,568.82,721668757672.0,268677464535.0,154011471.0,2026-09-08 23:19:42
4959,2026-08-25,Boeing Co.,BA,Industrials,Provider_C,USD,568.68,721490519925.0,268611106576.0,153973433.0,2026-09-08 00:16:46
4960,2026-08-25,Boeing Co.,BA,Industrials,Provider_D,USD,569.18,722131941648.0,268849908049.0,154110319.0,2026-09-08 17:07:24
4865,2026-08-25,Broadcom Inc.,AVGO,Technology,Provider_A,USD,694.39,1318468358665.0,298702872795.0,108496873.0,2026-09-08 17:50:13
4866,2026-08-25,Broadcom Inc.,AVGO,Technology,Provider_B,USD,699.93,1319055235995.0,298835831575.0,108545167.0,2026-09-08 16:48:26
4867,2026-08-25,Broadcom Inc.,AVGO,Technology,Provider_C,USD,699.22,1317720709355.0,298533490652.0,108435349.0,2026-09-08 10:10:02
4868,2026-08-25,Broadcom Inc.,AVGO,Technology,Provider_D,USD,700.27,1319697525737.0,298981344200.0,108598021.0,2026-09-08 11:19:34
4961,2026-08-25,Caterpillar Inc.,CAT,Industrials,Provider_A,USD,325.73,3381807490932.0,328101285615.0,666527339.0,2026-09-08 07:25:29
4962,2026-08-25,Caterpillar Inc.,CAT,Industrials,Provider_B,USD,325.6,3380497750508.0,327974215248.0,666269200.0,2026-09-08 16:43:50
4963,2026-08-25,Caterpillar Inc.,CAT,Industrials,Provider_C,USD,325.8,,328176405676.0,666679943.0,2026-09-08 12:48:40
4964,2026-08-25,Caterpillar Inc.,CAT,Industrials,Provider_D,USD,325.43,3378715563903.0,327801308388.0,665917945.0,2026-09-08 03:58:47
4853,2026-08-25,Chevron Corp.,CVX,Energy,Provider_A,USD,229.96,3987987607143.0,395404548595.0,187071738.0,2026-09-08 08:17:47
4854,2026-08-25,Chevron Corp.,CVX,Energy,Provider_B,USD,230.04,3989314824079.0,395536140682.0,187133996.0,2026-09-08 21:22:58
4855,2026-08-25,Chevron Corp.,CVX,Energy,Provider_C,USD,230.39,3995341623258.0,396133691137.0,,2026-09-08 23:04:46
4856,2026-08-25,Chevron Corp.,CVX,Energy,Provider_D,USD,229.53,3980548737519.0,394666992921.0,186722789.0,2026-09-08 11:44:04
4893,2026-08-25,Cisco Systems,CSCO,Technology,Provider_A,USD,72.85,885292906264.0,120116611617.0,115142072.0,2026-09-08 12:12:00
4894,2026-08-25,Cisco Systems,CSCO,Technology,Provider_B,USD,72.64,882780563859.0,119775736800.0,114815315.0,2026-09-08 20:16:45
4895,2026-08-25,Cisco Systems,CSCO,Technology,Provider_C,USD,72.87,885585429341.0,120156301171.0,115180118.0,2026-09-08 14:06:56
4896,2026-08-25,Cisco Systems,CSCO,Technology,Provider_D,USD,72.81,884841591048.0,120055377133.0,115083374.0,2026-09-08 20:27:28
4841,2026-08-25,Coca-Cola,KO,Consumer,Provider_A,USD,459.44,-2819255900496.0,215667250655.0,669516040.0,2026-09-08 10:08:40
4842,2026-08-25,Coca-Cola,KO,Consumer,Provider_B,USD,459.06,2816967997574.0,215492230810.0,668972710.0,2026-09-08 07:28:16
4843,2026-08-25,Coca-Cola,KO,Consumer,Provider_C,USD,459.77,2821299641521.0,215823592621.0,670001387.0,2026-09-08 07:47:18
4844,2026-08-25,Coca-Cola,KO,Consumer,Provider_D,USD,458.73,2814954408379.0,215338195397.0,668494523.0,2026-09-08 08:29:50
4989,2026-08-25,Comcast,CMCSA,Communication,Provider_A,USD,627.44,368747049043.0,174735071360.0,81530323.0,2026-09-08 14:34:10
4990,2026-08-25,Comcast,CMCSA,Communication,Provider_B,USD,624.07,366768905407.0,173797705027.0,81092953.0,2026-09-08 01:00:52
4991,2026-08-25,Comcast,CMCSA,Communication,Provider_C,USD,623.51,366435877747.0,173639896002.0,81019321.0,2026-09-08 12:17:43
4992,2026-08-25,Comcast,CMCSA,Communication,Provider_D,USD,624.48,367006581496.0,173910330601.0,81145504.0,2026-09-08 03:38:14
4949,2026-08-25,ConocoPhillips,COP,Energy,Provider_A,USD,283.71,206319111067.0,446026764079.0,25594552.0,2026-09-08 09:39:21
4950,2026-08-25,ConocoPhillips,COP,Energy,Provider_B,USD,285.09,207320808929.0,448192264181.0,25718816.0,2026-09-08 04:02:44
4951,2026-08-25,ConocoPhillips,COP,Energy,Provider_C,USD,284.37,206796225700.0,447058204621.0,25653740.0,2026-09-08 21:32:41
4952,2026-08-25,ConocoPhillips,COP,Energy,Provider_D,USD,284.25,206711827377.0,446875749826.0,25643270.0,2026-09-08 09:24:10
4945,2026-08-25,Duke Energy,DUK,Utilities,Provider_A,USD,655.45,298590356624.0,390001057156.0,30151966.0,2026-09-08 19:07:03
4946,2026-08-25,Duke Energy,DUK,Utilities,Provider_B,USD,656.65,299136353412.0,390714205856.0,30207101.0,2026-09-08 13:44:04
4947,2026-08-25,Duke Energy,DUK,Utilities,Provider_C,USD,658.35,299908078997.0,391722188154.0,30285031.0,2026-09-08 15:45:43
4948,2026-08-25,Duke Energy,DUK,Utilities,Provider_D,USD,657.48,299511870342.0,391204683852.0,30245021.0,2026-09-08 21:45:37
4849,2026-08-25,Exxon Mobil,XOM,Energy,Provider_A,USD,44.2,1401819829440.0,96242494021.0,91197399.0,2026-09-08 04:21:27
4850,2026-08-25,Exxon Mobil,XOM,Energy,Provider_B,USD,44.14,1400073828395.0,96122621629.0,91083811.0,2026-09-08 02:37:39
4851,2026-08-25,Exxon Mobil,XOM,Energy,Provider_C,USD,44.21,1402106687864.0,96262188399.0,91216061.0,2026-09-08 13:59:35
4852,2026-08-25,Exxon Mobil,XOM,Energy,Provider_D,USD,44.05,1397143668950.0,95921450375.0,90893185.0,2026-09-08 20:10:21
4921,2026-08-25,Goldman Sachs,GS,Financials,Provider_A,USD,692.39,3764399745827.0,100243610304.0,908655481.0,2026-09-08 18:10:03
4922,2026-08-25,Goldman Sachs,GS,Financials,Provider_B,USD,691.61,3760148130388.0,100130392445.0,907629221.0,2026-09-08 20:03:25
4923,2026-08-25,Goldman Sachs,GS,Financials,Provider_C,USD,693.71,,100433792921.0,910379386.0,2026-09-08 23:52:23
4924,2026-08-25,Goldman Sachs,GS,Financials,Provider_D,USD,692.79,5154348551330.588,100300865216.0,909174467.0,2026-09-08 14:18:18
4973,2026-08-25,Home Depot,HD,Consumer,Provider_A,USD,298.18,1336606064170.0,179581651613.0,134145600.0,2026-09-08 06:10:14
4974,2026-08-25,Home Depot,HD,Consumer,Provider_B,USD,298.25,1336929546688.0,179625113577.0,134178066.0,2026-09-08 02:57:24
4975,2026-08-25,Home Depot,HD,Consumer,Provider_C,USD,298.13,1336376880503.0,179550859308.0,134122599.0,2026-09-08 18:44:16
4976,2026-08-25,Home Depot,HD,Consumer,Provider_D,USD,297.99,1335759125157.0,179467859890.0,134060599.0,2026-09-08 15:02:47
4885,2026-08-25,Intel Corp.,INTC,Technology,Provider_A,USD,172.05,2196650698583.0,207462193971.0,528795759.0,2026-09-08 00:42:21
4886,2026-08-25,Intel Corp.,INTC,Technology,Provider_B,USD,172.7,2204931420576.0,208244264946.0,530789163.0,2026-09-08 15:01:43
4887,2026-08-25,Intel Corp.,INTC,Technology,Provider_C,USD,172.66,2204421018046.0,208196060091.0,530666294.0,2026-09-08 22:11:20
4888,2026-08-25,Intel Corp.,INTC,Technology,Provider_D,USD,172.3,2199811390034.0,207760704783.0,529556627.0,2026-09-08 05:41:21
4829,2026-08-25,JPMorgan Chase,JPM,Financials,Provider_A,INR,724.57,2168990539843.0,165525392921.0,70636211.0,2026-09-08 04:19:56
4830,2026-08-25,JPMorgan Chase,JPM,Financials,Provider_B,USD,724.19,2167836023908.0,165437286633.0,70598613.0,2026-09-08 08:17:22
4831,2026-08-25,JPMorgan Chase,JPM,Financials,Provider_C,USD,726.44,2174582747264.0,165952159342.0,70818329.0,2026-09-08 20:05:25
4832,2026-08-25,JPMorgan Chase,JPM,Financials,Provider_D,USD,723.71,2166405013340.0,165328079801.0,70552010.0,2026-09-08 23:11:47
4845,2026-08-25,Johnson & Johnson,JNJ,Healthcare,Provider_A,USD,593.98,1402155132863.0,293374313324.0,274063840.0,2026-09-08 19:19:26
4846,2026-08-25,Johnson & Johnson,JNJ,Healthcare,Provider_B,USD,594.09,1402409913387.0,293427621307.0,274113639.0,2026-09-08 22:41:27
4847,2026-08-25,Johnson & Johnson,JNJ,Healthcare,Provider_C,USD,592.02,1397515525433.0,292403563646.0,273156987.0,2026-09-08 10:39:29
4848,2026-08-25,Johnson & Johnson,JNJ,Healthcare,Provider_D,USD,593.41,1400800913741.0,293090968710.0,273799145.0,2026-09-08 11:04:45
4953,2026-08-25,Lockheed Martin,LMT,Industrials,Provider_A,USD,486.2,3909427271438.0,140840599754.0,881940641.0,2026-09-08 17:14:27
4954,2026-08-25,Lockheed Martin,LMT,Industrials,Provider_B,USD,487.04,3916255734330.0,141086601212.0,883481097.0,2026-09-08 03:53:48
4955,2026-08-25,Lockheed Martin,LMT,Industrials,Provider_C,USD,170.43599999999998,3915562801571.0,141061637693.0,883324776.0,2026-09-08 08:24:22
4956,2026-08-25,Lockheed Martin,LMT,Industrials,Provider_D,USD,486.43,3911290068270.0,140907708670.0,882360876.0,2026-09-08 12:17:25
4977,2026-08-25,Lowe's,LOW,Consumer,Provider_A,USD,-396.06,1021969786706.0,328754139253.0,117861400.0,2026-09-08 17:37:02
4978,2026-08-25,Lowe's,LOW,Consumer,Provider_B,USD,396.81,1023900513166.0,329375228373.0,118084066.0,2026-09-08 05:29:00
4979,2026-08-25,Lowe's,LOW,Consumer,Provider_C,USD,396.15,1022213484571.0,328832533627.0,117889505.0,2026-09-08 07:21:19
4980,2026-08-25,Lowe's,LOW,Consumer,Provider_D,USD,395.88,1021513450869.0,328607342061.0,117808772.0,2026-09-08 22:44:31
4861,2026-08-25,Mastercard Inc.,MA,Financials,Provider_A,USD,,2006071412893.0,421710335949.0,70352609.0,2026-09-08 19:44:45
4862,2026-08-25,Mastercard Inc.,MA,Financials,Provider_B,USD,674.63,2007493666709.0,422009317895.0,70402488.0,2026-09-08 15:04:57
4863,2026-08-25,Mastercard Inc.,MA,Financials,Provider_C,USD,673.05,2002773654152.0,421017090964.0,70236957.0,2026-09-08 23:22:13
4864,2026-08-25,Mastercard Inc.,MA,Financials,Provider_D,USD,673.39,2003778964332.0,421228424265.0,70272214.0,2026-09-08 06:13:07
4901,2026-08-25,McDonald's,MCD,Consumer,Provider_A,USD,614.74,1455255067118.2278,442751101082.0,70998187.0,2026-09-08 00:27:39
4902,2026-08-25,McDonald's,MCD,Consumer,Provider_B,USD,618.16,1230875760542.0,445211494578.0,71392728.0,2026-09-08 16:34:55
4903,2026-08-25,McDonald's,MCD,Consumer,Provider_C,USD,615.04,1224662494893.0,442964137554.0,71032349.0,2026-09-08 19:16:14
4904,2026-08-25,McDonald's,MCD,Consumer,Provider_D,USD,618.08,1225154687674.0,443142165175.0,71060897.0,2026-09-08 05:32:19
4913,2026-08-25,Merck & Co.,MRK,Healthcare,Provider_A,USD,165.09,1993882817289.0,58385297481.0,446580293.0,2026-09-08 17:38:56
4914,2026-08-25,Merck & Co.,MRK,Healthcare,Provider_B,USD,165.04,1993360105519.0,58369991324.0,446463219.0,2026-09-08 03:54:04
4915,2026-08-25,Merck & Co.,MRK,Healthcare,Provider_C,USD,165.69,2001203997321.0,58599677820.0,448220056.0,2026-09-08 18:49:03
4916,2026-08-25,Merck & Co.,MRK,Healthcare,Provider_D,USD,165.16,1994764519040.0,58411115658.0,446777773.0,2026-09-08 12:25:39
4821,2026-08-25,Meta Platforms,META,Communication,Provider_A,USD,315.36,1728076686630.0,293307306907.0,82466778.0,2026-09-08 19:10:08
4822,2026-08-25,Meta Platforms,META,Communication,Provider_B,USD,315.82,1730626684017.0,293740119219.0,82588468.0,2026-09-08 02:32:18
4823,2026-08-25,Meta Platforms,META,Communication,Provider_C,USD,315.2,1727183213248.0,293155657230.0,82424140.0,2026-09-08 21:56:12
4824,2026-08-25,Meta Platforms,META,Communication,Provider_D,USD,314.44,1723027709886.0,292450341598.0,82225832.0,2026-09-08 11:16:49
4805,2026-08-25,Microsoft Corp.,MSFT,Technology,Provider_A,USD,216.84,3051990767449.0,65091029121.0,614816098.0,2026-09-08 17:18:40
4806,2026-08-25,Microsoft Corp.,MSFT,Technology,Provider_B,USD,217.0,3054134443227.0,65136748152.0,615247937.0,2026-09-08 10:37:36
4807,2026-08-25,Microsoft Corp.,MSFT,Technology,Provider_C,USD,216.39,3045687314908.0,64956592865.0,613546283.0,2026-09-08 11:06:33
4808,2026-08-25,Microsoft Corp.,MSFT,Technology,Provider_D,USD,,3046897348058.0,64982399726.0,613790041.0,2026-09-08 12:03:07
4925,2026-08-25,Morgan Stanley,MS,Financials,Provider_A,USD,-70.82,1932016623944.0,230570665605.0,436399756.0,2026-09-08 21:20:09
4926,2026-08-25,Morgan Stanley,MS,Financials,Provider_B,USD,70.77,1930652658998.0,230407887345.0,436091666.0,2026-09-08 16:11:45
4927,2026-08-25,Morgan Stanley,MS,Financials,Provider_C,USD,70.66,1927824602697.0,230070381541.0,435452871.0,2026-09-08 16:40:10
4928,2026-08-25,Morgan Stanley,MS,Financials,Provider_D,USD,70.78,1930978627035.0,230446789012.0,436165295.0,2026-09-08 10:40:50
4809,2026-08-25,NVIDIA Corp.,NVDA,Technology,Provider_A,USD,214.88,211538530975.0,257128596161.0,19069199.0,2026-09-08 06:26:05
4810,2026-08-25,NVIDIA Corp.,NVDA,Technology,Provider_B,USD,214.98,211643606108.0,257256316730.0,19078671.0,2026-09-08 13:12:50
4811,2026-08-25,NVIDIA Corp.,NVDA,Technology,Provider_C,USD,214.8,211459488068.0,257032518195.0,19062074.0,2026-09-08 07:20:17
4812,2026-08-25,NVIDIA Corp.,NVDA,Technology,Provider_D,USD,214.8,211465610677.0,257039960329.0,19062626.0,2026-09-08 01:17:18
4873,2026-08-25,Netflix Inc.,NFLX,Communication,Provider_A,USD,259.96,1706215226787.0,140033198019.0,318264360.0,2026-09-08 23:12:33
4874,2026-08-25,Netflix Inc.,NFLX,Communication,Provider_B,USD,260.61,1710478039004.0,140383057297.0,319059513.0,2026-09-08 16:01:28
4875,2026-08-25,Netflix Inc.,NFLX,Communication,Provider_C,USD,260.42,1709190396894.0,140277377404.0,318819326.0,2026-09-08 05:51:22
4876,2026-08-25,Netflix Inc.,NFLX,Communication,Provider_D,USD,260.78,1711570134636.0,140472688219.0,319263224.0,2026-09-08 19:25:56
4941,2026-08-25,NextEra Energy,NEE,Utilities,Provider_A,USD,46.65,2636726179787.0,414923273468.0,194758935.0,2026-09-08 05:06:55
4942,2026-08-25,NextEra Energy,NEE,Utilities,Provider_B,USD,46.72,2640616629159.0,415535486447.0,195046299.0,2026-09-08 21:41:35
4943,2026-08-25,NextEra Energy,NEE,Utilities,Provider_C,USD,46.77,2643037166066.0,415916389517.0,195225090.0,2026-09-08 18:00:29
4944,2026-08-25,NextEra Energy,NEE,Utilities,Provider_D,USD,46.73,2640758903068.0,415557875103.0,195056808.0,2026-09-08 16:59:25
4905,2026-08-25,Nike Inc.,NKE,Consumer,Provider_A,USD,391.99,1109942901506.0,359778677173.0,210293597.0,2026-09-08 13:34:02
4906,2026-08-25,Nike Inc.,NKE,Consumer,Provider_B,USD,391.3,1107980946518.0,359142725928.0,209921878.0,2026-09-08 18:06:10
4907,2026-08-25,Nike Inc.,NKE,Consumer,Provider_C,USD,391.06,1107306543897.0,358924123978.0,209794103.0,2026-09-08 02:27:53
4908,2026-08-25,Nike Inc.,NKE,Consumer,Provider_D,USD,391.32,1108050217241.0,359165179452.0,209935002.0,2026-09-08 08:32:50
4869,2026-08-25,Oracle Corp.,ORCL,Technology,Provider_A,USD,548.71,1531687616512.0,367786627654.0,67867249.0,2026-09-08 13:49:05
4870,2026-08-25,Oracle Corp.,ORCL,Technology,Provider_B,USD,549.9,1535023963708.0,368587746545.0,68015079.0,2026-09-08 00:27:29
4871,2026-08-25,Oracle Corp.,ORCL,Technology,Provider_C,USD,548.81,1531973934063.0,367855377813.0,67879936.0,2026-09-08 12:30:05
7636,2026-08-25,Oracle Corp.,ORCL,Technology,Provider_C,USD,548.81,1531973934063.0,367855377813.0,67879936.0,2026-09-08 12:30:05
4872,2026-08-25,Oracle Corp.,ORCL,Technology,Provider_D,GBP,549.83,1534820865516.0,368538978899.0,68006080.0,2026-09-08 19:49:28
4897,2026-08-25,PepsiCo,PEP,Consumer,Provider_A,USD,,3338275801383.0,409200078921.0,785758976.0,2026-09-08 17:25:30
4898,2026-08-25,PepsiCo,PEP,Consumer,Provider_B,USD,233.55,3329768369500.0,408157252622.0,783756508.0,2026-09-08 00:06:21
4899,2026-08-25,PepsiCo,PEP,Consumer,Provider_C,USD,234.1,3337589556803.0,409115960246.0,785597449.0,2026-09-08 15:46:55
4900,2026-08-25,PepsiCo,PEP,Consumer,Provider_D,USD,234.1,3337625137492.0,409120321665.0,785605824.0,2026-09-08 09:03:56
4909,2026-08-25,Pfizer Inc.,PFE,Healthcare,Provider_A,USD,226.88,3730239188346.0,199738015286.0,228483644.0,2026-09-08 16:39:41
4910,2026-08-25,Pfizer Inc.,PFE,Healthcare,Provider_B,USD,226.7,3727360424077.0,199583870034.0,228307314.0,2026-09-08 23:57:27
4911,2026-08-25,Pfizer Inc.,PFE,Healthcare,Provider_C,USD,227.6,3742041385251.0,200369971380.0,229206549.0,2026-09-08 21:29:05
4912,2026-08-25,Pfizer Inc.,PFE,Healthcare,Provider_D,USD,226.54,3724727242162.0,199442874644.0,228146028.0,2026-09-08 05:07:36
4857,2026-08-25,Procter & Gamble,PG,Consumer,Provider_A,USD,697.21,3133306493981.0,65594850607.0,281934728.0,2026-09-08 01:28:49
4858,2026-08-25,Procter & Gamble,PG,Consumer,Provider_B,USD,695.64,3126256373050.0,65447258398.0,281300358.0,2026-09-08 20:20:09
4859,2026-08-25,Procter & Gamble,PG,Consumer,Provider_C,USD,695.68,3126421243728.0,65450709917.0,281315193.0,2026-09-08 11:51:04
4860,2026-08-25,Procter & Gamble,PG,Consumer,Provider_D,USD,696.33,3129369043009.0,65512421229.0,281580436.0,2026-09-08 13:38:10
4993,2026-08-25,Qualcomm,QCOM,Technology,Provider_A,USD,484.02,2441414905395.0,60199435172.0,118345769.0,2026-09-08 00:04:58
4994,2026-08-25,Qualcomm,QCOM,Technology,Provider_B,INR,483.87,2440660367395.0,60180830075.0,118309193.0,2026-09-08 19:22:04
4995,2026-08-25,Qualcomm,QCOM,Technology,Provider_C,USD,490.48,2439332315199.0,60148083493.0,118244817.0,2026-09-08 13:27:31
4996,2026-08-25,Qualcomm,QCOM,Technology,Provider_D,USD,485.29,2447792135663.0,60356682373.0,118654900.0,2026-09-08 13:59:02
4881,2026-08-25,Salesforce Inc.,CRM,Technology,Provider_A,USD,597.11,3262635038426.0,55495281705.0,488247505.0,2026-09-08 19:31:58
4882,2026-08-25,Salesforce Inc.,CRM,Technology,Provider_B,USD,598.63,3270947550987.0,55636672090.0,489491457.0,2026-09-08 07:16:36
4883,2026-08-25,Salesforce Inc.,CRM,Technology,Provider_C,USD,,3271594444763.0,55647675329.0,489588264.0,2026-09-08 06:02:14
4884,2026-08-25,Salesforce Inc.,CRM,Technology,Provider_D,USD,597.67,3265696586275.0,55547356625.0,488705660.0,2026-09-08 20:10:39
4825,2026-08-25,Tesla Inc.,TSLA,Automotive,Provider_A,USD,439.37,3219506289204.0,185486150514.0,732148006.0,2026-09-08 07:45:56
4826,2026-08-25,Tesla Inc.,TSLA,Automotive,Provider_B,USD,442.16,3218805013459.0,185445747755.0,731988529.0,2026-09-08 19:49:52
4827,2026-08-25,Tesla Inc.,TSLA,Automotive,Provider_C,USD,443.34,3227409649593.0,185941488620.0,733945310.0,2026-09-08 16:52:50
4828,2026-08-25,Tesla Inc.,TSLA,Automotive,Provider_D,USD,442.71,3222873617585.0,185680153173.0,,2026-09-08 13:37:52
4997,2026-08-25,Texas Instruments,TXN,Technology,Provider_A,USD,139.84,3670929810932.0,312127089138.0,854933850.0,2026-09-08 18:03:55
4998,2026-08-25,Texas Instruments,TXN,Technology,Provider_B,USD,139.93,3673146416755.0,312315559841.0,855450081.0,2026-09-08 14:19:14
4999,2026-08-25,Texas Instruments,TXN,Technology,Provider_C,USD,139.54,3662999516499.0,311452802283.0,853086939.0,2026-09-08 05:18:40
5000,2026-08-25,Texas Instruments,TXN,Technology,Provider_D,USD,139.64,3665621155805.0,311675711651.0,853697501.0,2026-09-08 22:33:56
4969,2026-08-25,UPS,UPS,Industrials,Provider_A,USD,126.06,2105922298443.0,96098010165.0,502318534.0,2026-09-08 17:45:09
4970,2026-08-25,UPS,UPS,Industrials,Provider_B,USD,125.82,2101829687817.0,95911255061.0,501342337.0,2026-09-08 19:24:27
4971,2026-08-25,UPS,UPS,Industrials,Provider_C,USD,125.55,2097440836796.0,95710981836.0,500295479.0,2026-09-08 10:56:49
4972,2026-08-25,UPS,UPS,Industrials,Provider_D,USD,126.38,2111259115822.0,96341541245.0,503591507.0,2026-09-08 08:28:10
4965,2026-08-25,Union Pacific,UNP,Industrials,Provider_A,USD,126.05,3544138900248.0,379194141700.0,356276370.0,2026-09-08 20:15:03
4966,2026-08-25,Union Pacific,UNP,Industrials,Provider_B,USD,125.77,3536314401293.0,378356983719.0,355489808.0,2026-09-08 17:19:47
4967,2026-08-25,Union Pacific,UNP,Industrials,Provider_C,USD,125.99,3542403736295.0,379008493218.0,356101941.0,2026-09-08 04:24:12
4968,2026-08-25,Union Pacific,UNP,Industrials,Provider_D,USD,125.83,3538030866100.0,378540631544.0,355662356.0,2026-09-08 20:15:09
4985,2026-08-25,Verizon,VZ,Communication,Provider_A,USD,621.82,3876307652876.0,30293914628.0,890482625.0,2026-09-08 11:03:14
4986,2026-08-25,Verizon,VZ,Communication,Provider_B,USD,620.11,3865671961468.0,30210795135.0,888039347.0,2026-09-08 12:23:13
4987,2026-08-25,Verizon,VZ,Communication,Provider_C,USD,621.26,3872839602433.0,30266811303.0,889685929.0,2026-09-08 04:01:48
7700,2026-08-25,Verizon,VZ,Communication,Provider_C,USD,621.26,3872839602433.0,30266811303.0,889685929.0,2026-09-08 04:01:48
4988,2026-08-25,Verizon,VZ,Communication,Provider_D,USD,623.18,3884820733852.0,30360445608.0,892438288.0,2026-09-08 01:46:50
4833,2026-08-25,Visa Inc.,V,Financials,Provider_A,USD,130.46,1087328938569.0,76204985832.0,195324222.0,2026-09-08 14:56:14
4834,2026-08-25,Visa Inc.,V,Financials,Provider_B,USD,130.53,1087922538114.0,76246588003.0,195430854.0,2026-09-08 18:56:52
4835,2026-08-25,Visa Inc.,V,Financials,Provider_C,USD,130.28,1085861665474.0,76102152621.0,195060645.0,2026-09-08 11:35:12
4836,2026-08-25,Visa Inc.,V,Financials,Provider_D,USD,130.49,1087586622715.0,76223045515.0,195370511.0,2026-09-08 18:55:10
4837,2026-08-25,Walmart Inc.,WMT,Consumer,Provider_A,USD,672.38,1303954845709.0,45637672009.0,286530959.0,2026-09-08 04:46:43
4838,2026-08-25,Walmart Inc.,WMT,Consumer,Provider_B,USD,669.02,1297437846961.0,45409580789.0,285098915.0,2026-09-08 10:56:04
4839,2026-08-25,Walmart Inc.,WMT,Consumer,Provider_C,USD,670.5,1300314093189.0,45510247758.0,285730941.0,2026-09-08 19:47:30
4840,2026-08-25,Walmart Inc.,WMT,Consumer,Provider_D,USD,671.87,1302971213873.0,45603245459.0,286314816.0,2026-09-08 11:09:05
4933,2026-08-25,Wells Fargo,WFC,Financials,Provider_A,USD,615.44,628762165311.0,11671381553.0,30658032.0,2026-09-08 06:00:28
4934,2026-08-25,Wells Fargo,WFC,Financials,Provider_B,USD,616.23,629573005022.0,11686432745.0,30697568.0,2026-09-08 21:03:46
4935,2026-08-25,Wells Fargo,WFC,Financials,Provider_C,USD,614.42,627726269040.0,11652152755.0,30607522.0,2026-09-08 04:25:50
4936,2026-08-25,Wells Fargo,WFC,Financials,Provider_D,USD,614.86,628167827777.0,11660349178.0,30629052.0,2026-09-08 12:48:47
5089,2026-08-26,AMD,AMD,Technology,Provider_A,USD,104.96,,403412684172.0,101088281.0,2026-09-08 20:34:14
5090,2026-08-26,AMD,AMD,Technology,Provider_B,USD,105.08,1467791829622.0,403852810296.0,101198569.0,2026-09-08 06:22:04
5091,2026-08-26,AMD,AMD,Technology,Provider_C,USD,105.02,1467047920196.0,403648128742.0,101147279.0,2026-09-08 11:55:31
5092,2026-08-26,AMD,AMD,Technology,Provider_D,USD,105.75,1469507200493.0,404324782774.0,101316837.0,2026-09-08 01:25:21
5181,2026-08-26,AT&T,T,Communication,Provider_A,USD,282.0,920124366207.0,383980921126.0,44282466.0,2026-09-08 02:47:17
5182,2026-08-26,AT&T,T,Communication,Provider_B,USD,281.3,917820892827.0,383019649082.0,44171608.0,2026-09-08 03:37:03
5183,2026-08-26,AT&T,T,Communication,Provider_C,USD,281.59,918774765465.0,383417713635.0,44217515.0,INVALID_TIMESTAMP
5184,2026-08-26,AT&T,T,Communication,Provider_D,USD,281.03,916939228738.0,382651718179.0,44129176.0,2026-09-08 04:38:47
5117,2026-08-26,AbbVie Inc.,ABBV,Healthcare,Provider_A,USD,623.43,3901112950478.0,379531302149.0,781745892.0,2026-09-08 18:34:38
5118,2026-08-26,AbbVie Inc.,ABBV,Healthcare,Provider_B,USD,623.81,3903486209028.0,379762191621.0,782221471.0,2026-09-08 19:09:17
5119,2026-08-26,AbbVie Inc.,ABBV,Healthcare,Provider_C,USD,623.37,3900740932866.0,379495109316.0,781671343.0,2026-09-08 23:56:46
5120,2026-08-26,AbbVie Inc.,ABBV,Healthcare,Provider_D,USD,624.1,3905315758926.0,379940184789.0,782588095.0,2026-09-08 06:54:45
5077,2026-08-26,Adobe Inc.,ADBE,Technology,Provider_A,USD,,2376018057350.0,436495029924.0,518202127.0,INVALID_TIMESTAMP
5078,2026-08-26,Adobe Inc.,ADBE,Technology,Provider_B,USD,37.71,2386869843410.0,,520568868.0,2026-09-08 05:23:01
5079,2026-08-26,Adobe Inc.,ADBE,Technology,Provider_C,USD,37.54,2376112777822.0,436512430893.0,518222786.0,2026-09-08 11:48:20
5080,2026-08-26,Adobe Inc.,ADBE,Technology,Provider_D,USD,37.56,2377684213718.0,436801117233.0,518565511.0,2026-09-08 08:07:58
5017,2026-08-26,Alphabet Inc.,GOOGL,Communication,Provider_A,USD,476.55,2361727782112.0,321780871067.0,466157644.0,2026-09-08 14:53:16
5018,2026-08-26,Alphabet Inc.,GOOGL,Communication,Provider_B,USD,477.41,2365965707762.0,322358280291.0,466994126.0,2026-09-08 11:21:32
5019,2026-08-26,Alphabet Inc.,GOOGL,Communication,Provider_C,USD,477.28,2365349564209.0,322274331916.0,466872511.0,2026-09-08 16:44:53
5020,2026-08-26,Alphabet Inc.,GOOGL,Communication,Provider_D,USD,477.55,2366673376877.0,322454698848.0,467133805.0,2026-09-08 22:31:56
5013,2026-08-26,Amazon.com Inc.,AMZN,Consumer,Provider_A,USD,69.3,1657093948832.0,127114318457.0,315930796.0,2026-09-08 07:02:44
5014,2026-08-26,Amazon.com Inc.,AMZN,Consumer,Provider_B,USD,69.37,1658647364557.0,127233479704.0,316226960.0,2026-09-08 17:05:26
5015,2026-08-26,Amazon.com Inc.,AMZN,Consumer,Provider_C,USD,69.35,1658214389155.0,127200266516.0,316144412.0,2026-09-08 19:31:11
5016,2026-08-26,Amazon.com Inc.,AMZN,Consumer,Provider_D,USD,69.51,1662029870465.0,127492948959.0,316871847.0,2026-09-08 16:06:56
5001,2026-08-26,Apple Inc.,AAPL,Technology,Provider_A,USD,689.27,1862332141808.0,50134254371.0,227962367.0,2026-09-08 17:29:56
5002,2026-08-26,Apple Inc.,AAPL,Technology,Provider_B,USD,688.51,1860268818595.0,50078709408.0,227709802.0,2026-09-08 01:40:05
5003,2026-08-26,Apple Inc.,AAPL,Technology,Provider_C,USD,688.52,1860293458876.0,,227712818.0,2026-09-08 13:59:21
5004,2026-08-26,Apple Inc.,AAPL,Technology,Provider_D,USD,688.41,1860011351366.0,50071778352.0,227678287.0,2026-09-08 08:23:34
5129,2026-08-26,Bank of America,BAC,Financials,Provider_A,USD,63.12,358075488332.0,173496650862.0,84158683.0,2026-09-08 09:02:18
5130,2026-08-26,Bank of America,BAC,Financials,Provider_B,USD,63.22,358622994292.0,173761931378.0,84287364.0,2026-09-08 02:06:54
5131,2026-08-26,Bank of America,BAC,Financials,Provider_C,USD,63.06,357730714713.0,173329599304.0,84077651.0,2026-09-08 00:53:54
5132,2026-08-26,Bank of America,BAC,Financials,Provider_D,USD,63.21,358608366732.0,173754843955.0,84283926.0,2026-09-08 06:02:46
5137,2026-08-26,Berkshire Hathaway,BRK.B,Financials,Provider_A,USD,475.92,1783813462435.0,41255743638.0,353151569.0,2026-09-08 05:31:39
5138,2026-08-26,Berkshire Hathaway,BRK.B,Financials,Provider_B,USD,476.51,1786031568455.0,41307043628.0,353590699.0,2026-09-08 01:42:49
5139,2026-08-26,Berkshire Hathaway,BRK.B,Financials,Provider_C,USD,475.5,1782257953070.0,41219768074.0,352843616.0,2026-09-08 09:33:41
5140,2026-08-26,Berkshire Hathaway,BRK.B,Financials,Provider_D,USD,476.19,1784846995613.0,41279647023.0,353356183.0,2026-09-08 22:22:27
5157,2026-08-26,Boeing Co.,BA,Industrials,Provider_A,USD,569.06,721416435440.0,268584718090.0,173861971.0,2026-09-08 05:02:28
5158,2026-08-26,Boeing Co.,BA,Industrials,Provider_B,USD,569.57,722064234120.0,268825894777.0,174018091.0,2026-09-08 23:43:16
5159,2026-08-26,Boeing Co.,BA,Industrials,Provider_C,USD,570.27,722950790148.0,269155961281.0,174231752.0,2026-09-08 08:06:10
5160,2026-08-26,Boeing Co.,BA,Industrials,Provider_D,USD,570.08,722708314390.0,269065687093.0,174173315.0,2026-09-08 18:02:49
5065,2026-08-26,Broadcom Inc.,AVGO,Technology,Provider_A,USD,696.62,1318342459569.0,298213717070.0,308004371.0,2026-09-08 12:11:40
5066,2026-08-26,Broadcom Inc.,AVGO,Technology,Provider_B,USD,696.88,1318840614569.0,298326401490.0,308120755.0,2026-09-08 11:17:32
5067,2026-08-26,Broadcom Inc.,AVGO,Technology,Provider_C,USD,699.22,1323387043110.0,299354819671.0,309182938.0,2026-09-08 09:54:13
5068,2026-08-26,Broadcom Inc.,AVGO,Technology,Provider_D,USD,696.79,1318664853296.0,298286643669.0,308079692.0,2026-09-08 05:43:58
5161,2026-08-26,Caterpillar Inc.,CAT,Industrials,Provider_A,USD,327.26,3370129693088.0,327594823110.0,619452153.0,2026-09-08 09:40:35
7671,2026-08-26,Caterpillar Inc.,CAT,Industrials,Provider_A,USD,327.26,3370129693088.0,327594823110.0,619452153.0,2026-09-08 09:40:35
5162,2026-08-26,Caterpillar Inc.,CAT,Industrials,Provider_B,USD,327.85,3376146503238.0,328179689580.0,620558083.0,2026-09-08 14:51:23
5163,2026-08-26,Caterpillar Inc.,CAT,Industrials,Provider_C,USD,327.41,3371699927937.0,327747458425.0,619740773.0,2026-09-08 11:47:01
5164,2026-08-26,Caterpillar Inc.,CAT,Industrials,Provider_D,USD,327.24,3369912280345.0,327573689417.0,619412191.0,2026-09-08 11:39:45
5053,2026-08-26,Chevron Corp.,CVX,Energy,Provider_A,USD,228.9,3970040223182.0,394131698929.0,555603641.0,2026-09-08 00:12:29
5054,2026-08-26,Chevron Corp.,CVX,Energy,Provider_B,USD,230.2,3992686027397.0,396379895115.0,558772901.0,2026-09-08 12:15:12
5055,2026-08-26,Chevron Corp.,CVX,Energy,Provider_C,USD,229.89,3987310293645.0,395846211082.0,558020572.0,2026-09-08 11:57:17
5056,2026-08-26,Chevron Corp.,CVX,Energy,Provider_D,USD,230.06,3990158400460.0,396128961159.0,558419162.0,2026-09-08 19:01:57
5093,2026-08-26,Cisco Systems,CSCO,Technology,Provider_A,USD,73.65,883968855642.0,119834654095.0,57631815.0,2026-09-08 03:16:50
5094,2026-08-26,Cisco Systems,CSCO,Technology,Provider_B,USD,73.64,883783481162.0,119809523926.0,57619729.0,2026-09-08 19:57:33
5095,2026-08-26,Cisco Systems,CSCO,Technology,Provider_C,USD,73.7,1193710852627.5557,119915383920.0,57670640.0,2026-09-08 01:44:50
5096,2026-08-26,Cisco Systems,CSCO,Technology,Provider_D,USD,73.72,884796883074.0,119946905087.0,57685800.0,2026-09-08 22:52:17
5041,2026-08-26,Coca-Cola,KO,Consumer,Provider_A,USD,463.73,2808779292898.0,215141266741.0,479363951.0,2026-09-08 07:35:32
5042,2026-08-26,Coca-Cola,KO,Consumer,Provider_B,USD,464.2,2811595877796.0,215357005885.0,479844647.0,2026-09-08 09:48:28
5043,2026-08-26,Coca-Cola,KO,Consumer,Provider_C,USD,464.44,2813083497983.0,215470951646.0,480098534.0,2026-09-08 02:46:38
5044,2026-08-26,Coca-Cola,KO,Consumer,Provider_D,USD,464.26,2811983293566.0,215386680385.0,479910766.0,2026-09-08 16:45:02
5189,2026-08-26,Comcast,CMCSA,Communication,Provider_A,USD,618.76,365339738105.0,173308750879.0,16690463.0,2026-09-08 16:44:15
5190,2026-08-26,Comcast,CMCSA,Communication,Provider_B,USD,622.35,367461689257.0,174315355596.0,16787404.0,2026-09-08 09:56:46
5191,2026-08-26,Comcast,CMCSA,Communication,Provider_C,USD,621.04,366686720584.0,173947728320.0,16751999.0,2026-09-08 06:39:53
5192,2026-08-26,Comcast,CMCSA,Communication,Provider_D,USD,619.8,365955172740.0,173600698884.0,16718579.0,2026-09-08 19:11:27
5149,2026-08-26,ConocoPhillips,COP,Energy,Provider_A,USD,281.58,206510606045.0,446256583131.0,10924659.0,2026-09-08 05:51:10
5150,2026-08-26,ConocoPhillips,COP,Energy,Provider_B,USD,282.8,207406482886.0,448192517298.0,10972052.0,2026-09-08 11:15:10
5151,2026-08-26,ConocoPhillips,COP,Energy,Provider_C,USD,281.93,206768011051.0,446812819350.0,10938276.0,2026-09-08 11:42:40
5152,2026-08-26,ConocoPhillips,COP,Energy,Provider_D,USD,282.73,207354738948.0,448080701865.0,10969315.0,2026-09-08 18:32:12
5145,2026-08-26,Duke Energy,DUK,Utilities,Provider_A,USD,653.74,299107655671.0,390670678355.0,52375259.0,2026-09-08 14:04:55
5146,2026-08-26,Duke Energy,DUK,Utilities,Provider_B,USD,652.89,298716557064.0,390159856398.0,52306776.0,2026-09-08 10:53:39
5147,2026-08-26,Duke Energy,DUK,Utilities,Provider_C,USD,653.66,299069377196.0,390620682049.0,52368557.0,2026-09-08 08:51:18
5148,2026-08-26,Duke Energy,DUK,Utilities,Provider_D,USD,657.48,299770029692.0,391535818726.0,52491244.0,2026-09-08 08:09:26
5049,2026-08-26,Exxon Mobil,XOM,Energy,Provider_A,USD,44.38,1408015522285.0,96400797810.0,340585050.0,2026-09-08 01:25:03
5050,2026-08-26,Exxon Mobil,XOM,Energy,Provider_B,USD,44.21,1997697723379.5688,96036551532.0,339298164.0,2026-09-08 01:34:08
5051,2026-08-26,Exxon Mobil,XOM,Energy,Provider_C,USD,44.23,1403300398030.0,96077973429.0,339444508.0,2026-09-08 01:06:29
5052,2026-08-26,Exxon Mobil,XOM,Energy,Provider_D,USD,44.22,1402891709100.0,96049992247.0,339345650.0,2026-09-08 00:44:35
5121,2026-08-26,Goldman Sachs,GS,Financials,Provider_A,USD,692.01,3773283809109.0,100376146182.0,874323977.0,2026-09-08 17:02:34
5122,2026-08-26,Goldman Sachs,GS,Financials,Provider_B,USD,690.68,3766044323657.0,100183562828.0,872646484.0,2026-09-08 21:05:51
5123,2026-08-26,Goldman Sachs,GS,Financials,Provider_C,USD,692.72,3777177000420.0,100479712083.0,875226085.0,2026-09-08 07:29:16
5124,2026-08-26,Goldman Sachs,GS,Financials,Provider_D,USD,690.69,3766089776800.0,100184771963.0,872657017.0,2026-09-08 23:05:02
5173,2026-08-26,Home Depot,HD,Consumer,Provider_A,USD,301.93,1340685540903.0,179895539540.0,221830870.0,2026-09-08 10:05:21
5174,2026-08-26,Home Depot,HD,Consumer,Provider_B,USD,301.43,1338452418684.0,179595895280.0,221461376.0,2026-09-08 17:10:36
5175,2026-08-26,Home Depot,HD,Consumer,Provider_C,USD,301.89,1340506442550.0,179871507808.0,221801237.0,2026-09-08 02:50:14
5176,2026-08-26,Home Depot,HD,Consumer,Provider_D,USD,301.34,1338070626383.0,179544665719.0,221398204.0,2026-09-08 05:57:01
5085,2026-08-26,Intel Corp.,INTC,Technology,Provider_A,USD,429.975,2204833704897.0,208737603109.0,124350407.0,2026-09-08 23:35:42
5086,2026-08-26,Intel Corp.,INTC,Technology,Provider_B,USD,171.65,2200395423090.0,208317418900.0,124100092.0,2026-09-08 07:36:47
5087,2026-08-26,Intel Corp.,INTC,Technology,Provider_C,USD,171.83,2202769400514.0,208542169799.0,124233982.0,2026-09-08 04:05:46
5088,2026-08-26,Intel Corp.,INTC,Technology,Provider_D,USD,171.32,2196231176832.0,207923178382.0,123865233.0,2026-09-08 05:32:15
5029,2026-08-26,JPMorgan Chase,JPM,Financials,Provider_A,USD,714.93,2170387035816.0,165362312472.0,349855009.0,2026-09-08 11:47:50
5030,2026-08-26,JPMorgan Chase,JPM,Financials,Provider_B,USD,715.84,2173131293550.0,165571398131.0,350297369.0,2026-09-08 15:36:07
5031,2026-08-26,JPMorgan Chase,JPM,Financials,Provider_C,USD,716.25,2174391720393.0,165667430357.0,350500543.0,2026-09-08 10:13:24
5032,2026-08-26,JPMorgan Chase,JPM,Financials,Provider_D,USD,714.72,2169721483337.0,165311603868.0,349747726.0,2026-09-08 08:45:50
5045,2026-08-26,Johnson & Johnson,JNJ,Healthcare,Provider_A,USD,596.56,1397280419356.0,292225509893.0,253233213.0,2026-09-08 13:41:34
5046,2026-08-26,Johnson & Johnson,JNJ,Healthcare,Provider_B,USD,596.77,1397760241027.0,292325859208.0,253320173.0,2026-09-08 11:02:10
5047,2026-08-26,Johnson & Johnson,JNJ,Healthcare,Provider_C,USD,600.23,1405873363841.0,294022627744.0,254790538.0,2026-09-08 03:13:04
5048,2026-08-26,Johnson & Johnson,JNJ,Healthcare,Provider_D,USD,600.11,1405580975561.0,293961478018.0,254737548.0,2026-09-08 09:54:50
5153,2026-08-26,Lockheed Martin,LMT,Industrials,Provider_A,USD,493.39,3924771088475.0,141201165710.0,483770012.0,2026-09-08 00:49:25
5154,2026-08-26,Lockheed Martin,LMT,Industrials,Provider_B,USD,493.22,3923448621824.0,141153587436.0,483607004.0,2026-09-08 09:00:31
5155,2026-08-26,Lockheed Martin,LMT,Industrials,Provider_C,USD,492.73,,141011736056.0,483121006.0,2026-09-08 04:02:26
5156,2026-08-26,Lockheed Martin,LMT,Industrials,Provider_D,USD,492.7,3919338133992.0,141005704754.0,483100342.0,2026-09-08 22:32:04
5177,2026-08-26,Lowe's,LOW,Consumer,Provider_A,USD,394.31,1022894476575.0,329446796084.0,61036006.0,2026-09-08 13:03:44
5178,2026-08-26,Lowe's,LOW,Consumer,Provider_B,USD,394.86,1024305242438.0,329901165821.0,61120186.0,2026-09-08 02:39:22
5179,2026-08-26,Lowe's,LOW,Consumer,Provider_C,USD,393.52,1020836648602.0,328784025048.0,60913216.0,INVALID_TIMESTAMP
5180,2026-08-26,Lowe's,LOW,Consumer,Provider_D,USD,393.92,1021873833386.0,329118074367.0,60975104.0,2026-09-08 06:24:51
5061,2026-08-26,Mastercard Inc.,MA,Financials,Provider_A,USD,669.16,2002927010408.0,421331822689.0,122797035.0,2026-09-08 02:07:01
5062,2026-08-26,Mastercard Inc.,MA,Financials,Provider_B,USD,668.78,2001795024390.0,421093700317.0,122727635.0,2026-09-08 11:22:55
5063,2026-08-26,Mastercard Inc.,MA,Financials,Provider_C,USD,669.02,2002508928410.0,421243875775.0,122771403.0,2026-09-08 06:36:39
5064,2026-08-26,Mastercard Inc.,MA,Financials,Provider_D,USD,668.87,2002068932097.0,421151319008.0,122744428.0,2026-09-08 08:23:55
7616,2026-08-26,Mastercard Inc.,MA,Financials,Provider_D,USD,668.87,2002068932097.0,421151319008.0,122744428.0,2026-09-08 08:23:55
5101,2026-08-26,McDonald's,MCD,Consumer,Provider_A,USD,612.98,1223293189661.0,442877045534.0,79068868.0,2026-09-08 12:56:15
5102,2026-08-26,McDonald's,MCD,Consumer,Provider_B,USD,613.76,1224852845909.0,443441698356.0,79169678.0,2026-09-08 18:27:27
5103,2026-08-26,McDonald's,MCD,Consumer,Provider_C,USD,611.44,1220211799603.0,441761469206.0,78869699.0,2026-09-08 04:50:17
5104,2026-08-26,McDonald's,MCD,Consumer,Provider_D,INR,614.77,1226868027235.0,444171267979.0,79299931.0,2026-09-08 21:12:38
5113,2026-08-26,Merck & Co.,MRK,Healthcare,Provider_A,USD,167.46,1993693531926.0,58402492996.0,436328787.0,2026-09-08 01:15:18
5114,2026-08-26,Merck & Co.,MRK,Healthcare,Provider_B,USD,167.59,1995285984943.0,58449141703.0,436677303.0,2026-09-08 16:48:22
5115,2026-08-26,Merck & Co.,MRK,Healthcare,Provider_C,USD,,1991800629092.0,58347043027.0,435914517.0,2026-09-08 09:23:04
5116,2026-08-26,Merck & Co.,MRK,Healthcare,Provider_D,USD,168.04,2000609135697.0,58605076038.0,437842298.0,2026-09-08 23:36:38
5021,2026-08-26,Meta Platforms,META,Communication,Provider_A,USD,316.89,1720232299187.0,292254526172.0,406795998.0,2026-09-08 16:55:36
5022,2026-08-26,Meta Platforms,META,Communication,Provider_B,USD,318.14,1727059950053.0,293414492690.0,408410583.0,2026-09-08 22:15:52
5023,2026-08-26,Meta Platforms,META,Communication,Provider_C,USD,317.99,1726235700197.0,293274458840.0,408215667.0,2026-09-08 17:02:29
5024,2026-08-26,Meta Platforms,META,Communication,Provider_D,USD,317.67,1724484008634.0,292976859621.0,407801431.0,2026-09-08 16:41:03
5005,2026-08-26,Microsoft Corp.,MSFT,Technology,Provider_A,USD,213.75,3042255050447.0,64943391497.0,292126149.0,2026-09-08 23:30:13
5006,2026-08-26,Microsoft Corp.,MSFT,Technology,Provider_B,USD,213.85,3043706047306.0,64974366104.0,292265478.0,2026-09-08 10:38:43
5007,2026-08-26,Microsoft Corp.,MSFT,Technology,Provider_C,USD,214.43,3051968624245.0,65150748347.0,293058875.0,2026-09-08 00:52:33
5008,2026-08-26,Microsoft Corp.,MSFT,Technology,Provider_D,USD,214.44,3052188713104.0,65155446611.0,293080008.0,2026-09-08 23:56:11
5125,2026-08-26,Morgan Stanley,MS,Financials,Provider_A,USD,71.65,1924888377112.0,230198662806.0,249631417.0,2026-09-08 07:30:50
5126,2026-08-26,Morgan Stanley,MS,Financials,Provider_B,USD,71.46,1919775733383.0,229587238391.0,248968378.0,2026-09-08 15:25:01
7656,2026-08-26,Morgan Stanley,MS,Financials,Provider_B,USD,71.46,1919775733383.0,229587238391.0,248968378.0,2026-09-08 15:25:01
5127,2026-08-26,Morgan Stanley,MS,Financials,Provider_C,USD,71.7,1926284876296.0,230365671059.0,249812524.0,2026-09-08 12:24:22
5128,2026-08-26,Morgan Stanley,MS,Financials,Provider_D,USD,71.72,1926922532466.0,230441928778.0,249895219.0,2026-09-08 00:44:00
5009,2026-08-26,NVIDIA Corp.,NVDA,Technology,Provider_A,USD,218.06,299796939693.3381,257106664793.0,45844713.0,2026-09-08 14:26:28
5010,2026-08-26,NVIDIA Corp.,NVDA,Technology,Provider_B,USD,218.23,211619849233.0,257312466805.0,45881410.0,2026-09-08 09:39:26
5011,2026-08-26,NVIDIA Corp.,NVDA,Technology,Provider_C,USD,218.11,211506063199.0,257174112273.0,45856740.0,2026-09-08 13:10:47
5012,2026-08-26,NVIDIA Corp.,NVDA,Technology,Provider_D,USD,217.59,211001492637.0,256560595647.0,45747344.0,2026-09-08 00:05:26
5073,2026-08-26,Netflix Inc.,NFLX,Communication,Provider_A,USD,252.83,1715709970502.0,140425202118.0,328413929.0,2026-09-08 16:04:31
5074,2026-08-26,Netflix Inc.,NFLX,Communication,Provider_B,USD,252.24,1711689501496.0,140096139990.0,327644348.0,2026-09-08 15:08:53
5075,2026-08-26,Netflix Inc.,NFLX,Communication,Provider_C,USD,252.86,1715882584681.0,140439330019.0,328446970.0,2026-09-08 04:48:05
5076,2026-08-26,Netflix Inc.,NFLX,Communication,Provider_D,USD,253.15,1717861571193.0,140601303538.0,328825779.0,2026-09-08 19:40:50
5141,2026-08-26,NextEra Energy,NEE,Utilities,Provider_A,USD,46.94,3341759297286.612,416035694604.0,320227296.0,2026-09-08 23:11:06
5142,2026-08-26,NextEra Energy,NEE,Utilities,Provider_B,USD,46.76,2636470143864.0,414419824530.0,318983543.0,2026-09-08 05:55:51
5143,2026-08-26,NextEra Energy,NEE,Utilities,Provider_C,USD,46.92,2645229369432.0,415796664216.0,320043311.0,2026-09-08 09:34:59
5144,2026-08-26,NextEra Energy,NEE,Utilities,Provider_D,USD,46.93,2646070641621.0,415928901584.0,320145096.0,2026-09-08 05:54:54
5105,2026-08-26,Nike Inc.,NKE,Consumer,Provider_A,USD,387.42,1104148804733.0,358328005685.0,167399235.0,2026-09-08 19:21:45
5106,2026-08-26,Nike Inc.,NKE,Consumer,Provider_B,USD,387.96,1105681384966.0,358825371997.0,167631589.0,2026-09-08 06:46:36
5107,2026-08-26,Nike Inc.,NKE,Consumer,Provider_C,USD,388.86,1108248929709.0,359658614023.0,168020852.0,2026-09-08 23:28:09
5108,2026-08-26,Nike Inc.,NKE,Consumer,Provider_D,USD,388.25,1106497072669.0,359090086089.0,167755254.0,2026-09-08 15:19:55
5069,2026-08-26,Oracle Corp.,ORCL,Technology,Provider_A,USD,538.57,1532402057339.0,367856443013.0,297293793.0,2026-09-08 01:21:53
5070,2026-08-26,Oracle Corp.,ORCL,Technology,Provider_B,USD,540.41,1537624812288.0,369110176685.0,298307034.0,2026-09-08 12:56:53
5071,2026-08-26,Oracle Corp.,ORCL,Technology,Provider_C,USD,538.93,1533433346671.0,368104006258.0,297493868.0,2026-09-08 15:32:54
5072,2026-08-26,Oracle Corp.,ORCL,Technology,Provider_D,USD,540.77,1538667552488.0,369360488736.0,298509331.0,2026-09-08 02:55:46
5097,2026-08-26,PepsiCo,PEP,Consumer,Provider_A,USD,696.09,3334639227350.0,408501181815.0,382306873.0,2026-09-08 10:26:40
5098,2026-08-26,PepsiCo,PEP,Consumer,Provider_B,USD,232.01,3334220598127.0,408449898746.0,382258878.0,2026-09-08 07:44:17
5099,2026-08-26,PepsiCo,PEP,Consumer,Provider_C,USD,232.49,3341205813180.0,409305604090.0,383059713.0,2026-09-08 07:11:18
5100,2026-08-26,PepsiCo,PEP,Consumer,Provider_D,USD,232.56,3342222850091.0,409430193513.0,383176313.0,2026-09-08 17:21:47
5109,2026-08-26,Pfizer Inc.,PFE,Healthcare,Provider_A,USD,228.1,3731301466702.0,199624290611.0,113548828.0,2026-09-08 04:27:30
5110,2026-08-26,Pfizer Inc.,PFE,Healthcare,Provider_B,USD,227.8,3726369100916.0,199360409488.0,113398729.0,2026-09-08 13:45:41
5111,2026-08-26,Pfizer Inc.,PFE,Healthcare,Provider_C,USD,228.41,3736359479367.0,199894893830.0,113702751.0,2026-09-08 14:57:29
5112,2026-08-26,Pfizer Inc.,PFE,Healthcare,Provider_D,USD,227.82,3726766026794.0,199381644986.0,113410808.0,2026-09-08 03:35:33
5057,2026-08-26,Procter & Gamble,PG,Consumer,Provider_A,USD,701.8,3131342296020.0,65344893575.0,500532843.0,2026-09-08 17:43:46
5058,2026-08-26,Procter & Gamble,PG,Consumer,Provider_B,USD,705.18,3146428023532.0,65659702742.0,502944237.0,2026-09-08 11:46:06
5059,2026-08-26,Procter & Gamble,PG,Consumer,Provider_C,USD,700.02,3123398991366.0,65179132586.0,499263136.0,2026-09-08 05:08:59
5060,2026-08-26,Procter & Gamble,PG,Consumer,Provider_D,USD,704.03,3141291569525.0,65552515150.0,502123195.0,2026-09-08 17:39:05
5193,2026-08-26,Qualcomm,QCOM,Technology,Provider_A,USD,485.13,2445735327230.0,60236764803.0,130415180.0,2026-09-08 14:53:20
5194,2026-08-26,Qualcomm,QCOM,Technology,Provider_B,USD,485.15,2445839601451.0,60239333005.0,130420740.0,2026-09-08 20:00:34
5195,2026-08-26,Qualcomm,QCOM,Technology,Provider_C,USD,485.85,2449380165215.0,60326534635.0,130609536.0,2026-09-08 09:47:04
5196,2026-08-26,Qualcomm,QCOM,Technology,Provider_D,USD,484.46,2442354201416.0,60153490020.0,130234887.0,2026-09-08 04:55:12
5081,2026-08-26,Salesforce Inc.,CRM,Technology,Provider_A,USD,599.08,3276015770368.0,55656648529.0,590814181.0,2026-09-08 07:50:44
5082,2026-08-26,Salesforce Inc.,CRM,Technology,Provider_B,USD,598.66,3273715989401.0,55617577258.0,590399426.0,2026-09-08 21:00:23
5083,2026-08-26,Salesforce Inc.,CRM,Technology,Provider_C,USD,599.24,3276887575049.0,55671459730.0,590971407.0,2026-09-08 19:36:04
5084,2026-08-26,Salesforce Inc.,CRM,Technology,Provider_D,USD,1797.54,3276593054180.0,55666456077.0,590918291.0,2026-09-08 21:55:57
5025,2026-08-26,Tesla Inc.,TSLA,Automotive,Provider_A,USD,433.4,3213390396772.0,185268431807.0,597369816.0,2026-09-08 12:45:58
5026,2026-08-26,Tesla Inc.,TSLA,Automotive,Provider_B,USD,432.14,3204058316901.0,184730389555.0,595634981.0,2026-09-08 10:42:12
5027,2026-08-26,Tesla Inc.,TSLA,Automotive,Provider_C,USD,434.03,3218003299695.0,185534389311.0,598227355.0,2026-09-08 08:26:27
5028,2026-08-26,Tesla Inc.,TSLA,Automotive,Provider_D,USD,433.63,3215077676027.0,185365712107.0,597683481.0,2026-09-08 17:57:06
5197,2026-08-26,Texas Instruments,TXN,Technology,Provider_A,USD,140.28,3677337159527.0,312468245286.0,280949529.0,2026-09-08 23:09:07
5198,2026-08-26,Texas Instruments,TXN,Technology,Provider_B,USD,140.06,3671739594881.0,311992612749.0,280521873.0,2026-09-08 20:45:50
5199,2026-08-26,Texas Instruments,TXN,Technology,Provider_C,USD,140.06,3671593256291.0,311980178163.0,280510693.0,2026-09-08 14:23:41
5200,2026-08-26,Texas Instruments,TXN,Technology,Provider_D,USD,-140.06,3671779234737.0,311995981000.0,280524902.0,2026-09-08 21:15:31
5169,2026-08-26,UPS,UPS,Industrials,Provider_A,USD,127.1,2107133943989.0,96205357651.0,471702198.0,2026-09-08 17:52:22
5170,2026-08-26,UPS,UPS,Industrials,Provider_B,USD,127.15,2107939850230.0,96242152890.0,471882607.0,2026-09-08 08:29:09
5171,2026-08-26,UPS,UPS,Industrials,Provider_C,USD,126.96,2104775297108.0,96097668973.0,471174192.0,2026-09-08 05:32:31
5172,2026-08-26,UPS,UPS,Industrials,Provider_D,USD,127.1,2107054634867.0,96201736636.0,471684443.0,2026-09-08 22:50:21
5165,2026-08-26,Union Pacific,UNP,Industrials,Provider_A,USD,130.08,3549325446051.0,379375099482.0,115251132.0,2026-09-08 14:10:49
5166,2026-08-26,Union Pacific,UNP,Industrials,Provider_B,USD,130.15,3551103406709.0,379565139536.0,115308865.0,2026-09-08 07:34:42
5167,2026-08-26,Union Pacific,UNP,Industrials,Provider_C,USD,129.85,3542886845452.0,378686899772.0,115042063.0,2026-09-08 00:15:17
5168,2026-08-26,Union Pacific,UNP,Industrials,Provider_D,USD,129.77,3540729389900.0,378456296823.0,114972007.0,2026-09-08 06:34:51
5185,2026-08-26,Verizon,VZ,Communication,Provider_A,USD,617.59,3879092330915.0,30270846000.0,575233004.0,2026-09-08 03:52:49
5186,2026-08-26,Verizon,VZ,Communication,Provider_B,USD,617.53,3878683847597.0,30267658363.0,575172430.0,2026-09-08 18:45:06
5187,2026-08-26,Verizon,VZ,Communication,Provider_C,USD,615.9,3868467402224.0,30187933413.0,573657427.0,2026-09-08 03:35:43
5188,2026-08-26,Verizon,VZ,Communication,Provider_D,USD,618.94,3887545937172.0,30336814477.0,576486594.0,2026-09-08 03:01:42
5033,2026-08-26,Visa Inc.,V,Financials,Provider_A,USD,128.73,1087530535080.0,76166099647.0,115197321.0,2026-09-08 03:12:50
5034,2026-08-26,Visa Inc.,V,Financials,Provider_B,USD,128.37,1084484248873.0,75952750475.0,114874641.0,2026-09-08 17:22:59
5035,2026-08-26,Visa Inc.,V,Financials,Provider_C,USD,128.97,1089525546520.0,76305821922.0,115408643.0,2026-09-08 14:35:36
5036,2026-08-26,Visa Inc.,V,Financials,Provider_D,USD,128.55,1086034193538.0,76061302131.0,115038820.0,2026-09-08 20:14:51
5037,2026-08-26,Walmart Inc.,WMT,Consumer,Provider_A,USD,675.13,1302471308791.0,45522368490.0,121267200.0,2026-09-08 14:03:31
5038,2026-08-26,Walmart Inc.,WMT,Consumer,Provider_B,USD,669.02,1303388331063.0,45554419120.0,121352580.0,2026-09-08 00:35:47
5039,2026-08-26,Walmart Inc.,WMT,Consumer,Provider_C,GBP,676.68,1305448069643.0,45626408558.0,121544353.0,2026-09-08 09:05:46
5040,2026-08-26,Walmart Inc.,WMT,Consumer,Provider_D,USD,676.41,1304933551353.0,45608425751.0,121496448.0,2026-09-08 04:48:51
5133,2026-08-26,Wells Fargo,WFC,Financials,Provider_A,USD,605.66,626818579822.0,11665949977.0,80328248.0,2026-09-08 10:48:54
5134,2026-08-26,Wells Fargo,WFC,Financials,Provider_B,USD,1515.375,627333779166.0,11675538541.0,80394272.0,2026-09-08 15:36:35
5135,2026-08-26,Wells Fargo,WFC,Financials,Provider_C,USD,604.93,626072930075.0,11652072417.0,80232691.0,2026-09-08 15:01:14
5136,2026-08-26,Wells Fargo,WFC,Financials,Provider_D,USD,606.67,627872217564.0,11685559615.0,80463274.0,2026-09-08 14:24:47
5289,2026-08-27,AMD,AMD,Technology,Provider_A,USD,104.96,1471269889539.0,403742558557.0,267753946.0,2026-09-08 03:44:02
5290,2026-08-27,AMD,AMD,Technology,Provider_B,USD,104.66,1474568384333.0,404647724045.0,268354234.0,2026-09-08 07:04:16
5291,2026-08-27,AMD,AMD,Technology,Provider_C,USD,104.43,,403754661192.0,267761973.0,2026-09-08 08:07:45
5292,2026-08-27,AMD,AMD,Technology,Provider_D,USD,104.41,1471009073685.0,403670986059.0,267706481.0,2026-09-08 22:19:23
5381,2026-08-27,AT&T,T,Communication,Provider_A,USD,285.59,921904294163.0,383873831865.0,191158960.0,2026-09-08 22:31:39
5382,2026-08-27,AT&T,T,Communication,Provider_B,USD,285.27,920887268632.0,383450350284.0,190948077.0,2026-09-08 03:36:19
5383,2026-08-27,AT&T,T,Communication,Provider_C,USD,285.48,921572318786.0,383735599880.0,191090124.0,2026-09-08 12:31:40
5384,2026-08-27,AT&T,T,Communication,Provider_D,USD,284.61,918742121310.0,382557127498.0,190503276.0,2026-09-08 10:00:55
5317,2026-08-27,AbbVie Inc.,ABBV,Healthcare,Provider_A,USD,620.43,3918729552665.0,380913578262.0,749945098.0,2026-09-08 09:35:27
5318,2026-08-27,AbbVie Inc.,ABBV,Healthcare,Provider_B,USD,618.98,3909551365119.0,380021427830.0,748188627.0,2026-09-08 13:29:17
5319,2026-08-27,AbbVie Inc.,ABBV,Healthcare,Provider_C,USD,618.53,3906768609230.0,379750934680.0,747656078.0,2026-09-08 10:15:55
5320,2026-08-27,AbbVie Inc.,ABBV,Healthcare,Provider_D,USD,618.16,3904416676701.0,379522318996.0,747205978.0,2026-09-08 13:40:59
5277,2026-08-27,Adobe Inc.,ADBE,Technology,Provider_A,USD,38.12,2385128229595.0,437916703256.0,455804655.0,2026-09-08 01:50:30
5278,2026-08-27,Adobe Inc.,ADBE,Technology,Provider_B,USD,38.11,2384498365751.0,437801058363.0,455684286.0,2026-09-08 13:03:04
5279,2026-08-27,Adobe Inc.,ADBE,Technology,Provider_C,USD,18.965,2373830855404.0,435842471439.0,453645695.0,2026-09-08 22:31:27
5280,2026-08-27,Adobe Inc.,ADBE,Technology,Provider_D,USD,38.08,2382776989917.0,437485008592.0,455355327.0,2026-09-08 13:16:39
5217,2026-08-27,Alphabet Inc.,GOOGL,Communication,Provider_A,USD,478.37,2353467565860.0,321188241625.0,521536948.0,2026-09-08 11:06:42
5218,2026-08-27,Alphabet Inc.,GOOGL,Communication,Provider_B,USD,479.5,2359009861035.0,321944623428.0,522765141.0,2026-09-08 04:43:36
5219,2026-08-27,Alphabet Inc.,GOOGL,Communication,Provider_C,USD,477.28,2359124414140.0,321960257002.0,522790526.0,2026-09-08 00:32:39
5220,2026-08-27,Alphabet Inc.,GOOGL,Communication,Provider_D,USD,480.55,2364208143217.0,322654056240.0,523917099.0,2026-09-08 14:47:20
5213,2026-08-27,Amazon.com Inc.,AMZN,Consumer,Provider_A,USD,68.7,1656522125080.0,127109862760.0,299835749.0,2026-09-08 11:00:14
5214,2026-08-27,Amazon.com Inc.,AMZN,Consumer,Provider_B,USD,68.69,1656432581554.0,127102991819.0,299819542.0,2026-09-08 03:24:39
5215,2026-08-27,Amazon.com Inc.,AMZN,Consumer,Provider_C,USD,68.77,1658436748856.0,127256777529.0,300182302.0,2026-09-08 00:32:02
5216,2026-08-27,Amazon.com Inc.,AMZN,Consumer,Provider_D,USD,68.82,1659558892014.0,127342882906.0,300385414.0,2026-09-08 03:10:38
5201,2026-08-27,Apple Inc.,AAPL,Technology,Provider_A,USD,702.96,1862986498302.0,50116264542.0,197341144.0,2026-09-08 15:22:28
5202,2026-08-27,Apple Inc.,AAPL,Technology,Provider_B,USD,703.86,1865365981732.0,50180275109.0,197593197.0,2026-09-08 03:36:43
5203,2026-08-27,Apple Inc.,AAPL,Technology,Provider_C,USD,704.0,1865744117401.0,50190447350.0,197633251.0,2026-09-08 20:45:09
5204,2026-08-27,Apple Inc.,AAPL,Technology,Provider_D,USD,703.44,1864259579134.0,50150511734.0,197475998.0,2026-09-08 08:03:34
5329,2026-08-27,Bank of America,BAC,Financials,Provider_A,USD,62.88,358031453657.0,173504616660.0,88457275.0,2026-09-08 20:34:26
5330,2026-08-27,Bank of America,BAC,Financials,Provider_B,USD,62.84,357822449834.0,173403331905.0,88405637.0,2026-09-08 16:18:04
5331,2026-08-27,Bank of America,BAC,Financials,Provider_C,USD,62.78,357471623447.0,173233318915.0,88318960.0,2026-09-08 16:03:01
5332,2026-08-27,Bank of America,BAC,Financials,Provider_D,USD,62.76,357360306036.0,173179373697.0,88291458.0,2026-09-08 12:31:17
5337,2026-08-27,Berkshire Hathaway,BRK.B,Financials,Provider_A,USD,475.48,1790318047615.0,41436661635.0,323964968.0,2026-09-08 07:02:38
5338,2026-08-27,Berkshire Hathaway,BRK.B,Financials,Provider_B,USD,473.74,1783745275233.0,41284535735.0,322775600.0,2026-09-08 15:26:40
5339,2026-08-27,Berkshire Hathaway,BRK.B,Financials,Provider_C,USD,474.35,1786029980225.0,41337414913.0,323189026.0,2026-09-08 20:39:43
5340,2026-08-27,Berkshire Hathaway,BRK.B,Financials,Provider_D,USD,473.65,1783427769493.0,,322718146.0,2026-09-08 02:42:07
5357,2026-08-27,Boeing Co.,BA,Industrials,Provider_A,USD,561.0,724497078292.0,269414344023.0,38618313.0,2026-09-08 20:13:05
5358,2026-08-27,Boeing Co.,BA,Industrials,Provider_B,USD,560.08,723310203402.0,268972988040.0,38555048.0,2026-09-08 02:05:34
5359,2026-08-27,Boeing Co.,BA,Industrials,Provider_C,USD,558.12,720773362070.0,-268029628207.0,38419826.0,2026-09-08 03:35:23
5360,2026-08-27,Boeing Co.,BA,Industrials,Provider_D,USD,558.62,721423752197.0,268271484847.0,38454494.0,2026-09-08 03:35:47
5265,2026-08-27,Broadcom Inc.,AVGO,Technology,Provider_A,USD,700.11,1321171294908.0,299136698642.0,48032411.0,2026-09-08 02:09:28
5266,2026-08-27,Broadcom Inc.,AVGO,Technology,Provider_B,USD,1745.425,1317507447802.0,298307138439.0,47899209.0,2026-09-08 09:04:46
5267,2026-08-27,Broadcom Inc.,AVGO,Technology,Provider_C,USD,698.35,1317836808517.0,298381711568.0,47911183.0,2026-09-08 04:32:56
5268,2026-08-27,Broadcom Inc.,AVGO,Technology,Provider_D,USD,699.4,1319815914040.0,298829816287.0,47983135.0,2026-09-08 14:28:36
5361,2026-08-27,Caterpillar Inc.,CAT,Industrials,Provider_A,USD,327.44,3368490833421.0,327491612790.0,391484392.0,2026-09-08 08:55:39
5362,2026-08-27,Caterpillar Inc.,CAT,Industrials,Provider_B,USD,328.29,3377219430317.0,328340224948.0,392498826.0,2026-09-08 13:17:32
5363,2026-08-27,Caterpillar Inc.,CAT,Industrials,Provider_C,USD,327.93,3373478893232.0,327976562233.0,392064102.0,2026-09-08 11:33:01
5364,2026-08-27,Caterpillar Inc.,CAT,Industrials,Provider_D,USD,328.32,3377545877906.0,328371962855.0,392536765.0,2026-09-08 20:12:22
5253,2026-08-27,Chevron Corp.,CVX,Energy,Provider_A,USD,227.69,3977354931300.0,395231287288.0,190815983.0,2026-09-08 06:55:34
5254,2026-08-27,Chevron Corp.,CVX,Energy,Provider_B,USD,-227.7,3977544808891.0,395250155497.0,190825093.0,2026-09-08 14:51:17
5255,2026-08-27,Chevron Corp.,CVX,Energy,Provider_C,USD,227.97,3982281687463.0,395720860940.0,191052347.0,2026-09-08 01:23:09
5256,2026-08-27,Chevron Corp.,CVX,Energy,Provider_D,USD,570.025,3982926189845.0,395784905390.0,191083268.0,2026-09-08 17:31:50
5293,2026-08-27,Cisco Systems,CSCO,Technology,Provider_A,USD,74.4,884008008584.0,119860048406.0,97641782.0,2026-09-08 12:12:20
5294,2026-08-27,Cisco Systems,CSCO,Technology,Provider_B,USD,-74.43,884349508538.0,119906351381.0,97679502.0,2026-09-08 00:05:43
5295,2026-08-27,Cisco Systems,CSCO,Technology,Provider_C,USD,74.44,884504234275.0,119927330189.0,97696592.0,2026-09-08 18:34:26
5296,2026-08-27,Cisco Systems,CSCO,Technology,Provider_D,USD,74.35,883482785789.0,119788834990.0,97583769.0,2026-09-08 06:22:33
5241,2026-08-27,Coca-Cola,KO,Consumer,Provider_A,USD,471.59,2810040600281.0,215090932658.0,621017247.0,2026-09-08 06:28:37
5242,2026-08-27,Coca-Cola,KO,Consumer,Provider_B,USD,472.13,2813280283557.0,215338910035.0,621733215.0,2026-09-08 02:15:15
5243,2026-08-27,Coca-Cola,KO,Consumer,Provider_C,USD,472.41,2814900369691.0,215462917438.0,622091253.0,2026-09-08 20:38:22
5244,2026-08-27,Coca-Cola,KO,Consumer,Provider_D,USD,471.69,2810608329509.0,215134388760.0,621142714.0,2026-09-08 14:37:30
5389,2026-08-27,Comcast,CMCSA,Communication,Provider_A,USD,620.8,367154554679.0,173664982982.0,59493399.0,2026-09-08 10:11:03
5390,2026-08-27,Comcast,CMCSA,Communication,Provider_B,USD,619.86,366592954560.0,173399344782.0,59402398.0,2026-09-08 09:22:40
5391,2026-08-27,Comcast,CMCSA,Communication,Provider_C,USD,622.16,367958773107.0,174045380223.0,59623714.0,2026-09-08 06:01:59
5392,2026-08-27,Comcast,CMCSA,Communication,Provider_D,USD,622.15,367951807218.0,174042085341.0,59622585.0,2026-09-08 18:23:23
5349,2026-08-27,ConocoPhillips,COP,Energy,Provider_A,USD,283.88,206936578449.0,447876526818.0,9845465.0,2026-09-08 10:03:16
5350,2026-08-27,ConocoPhillips,COP,Energy,Provider_B,USD,284.1,207097778441.0,448225414836.0,9853134.0,2026-09-08 14:26:55
5351,2026-08-27,ConocoPhillips,COP,Energy,Provider_C,USD,283.41,206588026418.0,447122149441.0,9828882.0,2026-09-08 09:52:24
5352,2026-08-27,ConocoPhillips,COP,Energy,Provider_D,USD,283.44,206613218664.0,447176673470.0,9830080.0,INVALID_TIMESTAMP
5345,2026-08-27,Duke Energy,DUK,Utilities,Provider_A,USD,661.12,298688396832.0,389907394942.0,10110718.0,2026-09-08 14:08:08
5346,2026-08-27,Duke Energy,DUK,Utilities,Provider_B,USD,661.51,298865812853.0,390138993555.0,10116723.0,2026-09-08 08:37:06
5347,2026-08-27,Duke Energy,DUK,Utilities,Provider_C,USD,661.86,299023210344.0,390344460009.0,10122051.0,2026-09-08 06:43:13
5348,2026-08-27,Duke Energy,DUK,Utilities,Provider_D,USD,661.44,298830984301.0,390093528414.0,10115544.0,2026-09-08 06:18:53
5249,2026-08-27,Exxon Mobil,XOM,Energy,Provider_A,USD,44.3,1401803756522.0,96253452503.0,97318920.0,2026-09-08 05:26:56
5250,2026-08-27,Exxon Mobil,XOM,Energy,Provider_B,USD,44.26,1400368502944.0,96154902252.0,97219279.0,2026-09-08 05:24:46
5251,2026-08-27,Exxon Mobil,XOM,Energy,Provider_C,USD,44.23,1399456652686.0,96092290967.0,97155974.0,2026-09-08 11:10:11
5252,2026-08-27,Exxon Mobil,XOM,Energy,Provider_D,USD,44.27,1400718634971.0,96178943718.0,97243586.0,2026-09-08 09:35:41
5321,2026-08-27,Goldman Sachs,GS,Financials,Provider_A,USD,684.52,3766879663850.0,100329162388.0,271711811.0,2026-09-08 22:51:32
5322,2026-08-27,Goldman Sachs,GS,Financials,Provider_B,USD,684.84,3768614728572.0,100375375064.0,271836964.0,2026-09-08 02:55:54
5323,2026-08-27,Goldman Sachs,GS,Financials,Provider_C,USD,686.12,3775683332413.0,100563644179.0,272346835.0,2026-09-08 05:30:33
5324,2026-08-27,Goldman Sachs,GS,Financials,Provider_D,USD,685.36,3771491580016.0,100451998721.0,272044477.0,2026-09-08 05:02:30
5373,2026-08-27,Home Depot,HD,Consumer,Provider_A,USD,301.93,1335080035043.0,179280105009.0,138553008.0,2026-09-08 08:45:31
5374,2026-08-27,Home Depot,HD,Consumer,Provider_B,USD,302.46,1336382632258.0,179455023186.0,138688190.0,2026-09-08 10:49:07
5375,2026-08-27,Home Depot,HD,Consumer,Provider_C,USD,304.04,1343364066644.0,180392519259.0,139412715.0,2026-09-08 21:29:07
5376,2026-08-27,Home Depot,HD,Consumer,Provider_D,USD,302.29,1335632629449.0,179354309686.0,,2026-09-08 04:20:33
5285,2026-08-27,Intel Corp.,INTC,Technology,Provider_A,USD,177.53,2201909030725.0,208408764598.0,447907188.0,2026-09-08 21:15:23
5286,2026-08-27,Intel Corp.,INTC,Technology,Provider_B,USD,177.28,2198826825972.0,208117036613.0,447280213.0,2026-09-08 01:20:19
5287,2026-08-27,Intel Corp.,INTC,Technology,Provider_C,USD,176.83,2193239195133.0,207588172240.0,446143590.0,2026-09-08 14:49:10
5288,2026-08-27,Intel Corp.,INTC,Technology,Provider_D,USD,177.43,2200724816840.0,208296679790.0,447666298.0,2026-09-08 18:37:58
5229,2026-08-27,JPMorgan Chase,JPM,Financials,Provider_A,USD,713.92,2175086803834.0,165936678389.0,387654540.0,2026-09-08 01:40:24
5230,2026-08-27,JPMorgan Chase,JPM,Financials,Provider_B,USD,712.85,2171812004492.0,165686844991.0,387070890.0,2026-09-08 11:59:14
5231,2026-08-27,JPMorgan Chase,JPM,Financials,Provider_C,USD,712.55,2170903059304.0,165617501853.0,386908893.0,2026-09-08 04:15:12
5232,2026-08-27,JPMorgan Chase,JPM,Financials,Provider_D,USD,711.55,2167855948244.0,165385038722.0,386365822.0,2026-09-08 20:26:44
5245,2026-08-27,Johnson & Johnson,JNJ,Healthcare,Provider_A,USD,585.58,1399590416979.0,292769662552.0,255306320.0,2026-09-08 22:26:45
5246,2026-08-27,Johnson & Johnson,JNJ,Healthcare,Provider_B,USD,585.67,1399789821756.0,292811374519.0,255342694.0,2026-09-08 16:04:11
5247,2026-08-27,Johnson & Johnson,JNJ,Healthcare,Provider_C,USD,584.49,1396981813824.0,292223988721.0,254830471.0,2026-09-08 17:04:55
5248,2026-08-27,Johnson & Johnson,JNJ,Healthcare,Provider_D,USD,585.16,1398568372009.0,292555868747.0,255119883.0,2026-09-08 12:49:41
5353,2026-08-27,Lockheed Martin,LMT,Industrials,Provider_A,USD,492.13,3914927922033.0,140935465939.0,660847347.0,2026-09-08 05:31:12
5354,2026-08-27,Lockheed Martin,LMT,Industrials,Provider_B,USD,490.97,3905656562092.0,140601701573.0,659282324.0,2026-09-08 00:30:40
5355,2026-08-27,Lockheed Martin,LMT,Industrials,Provider_C,USD,492.41,3917141254119.0,141015144797.0,661220962.0,2026-09-08 12:50:20
5356,2026-08-27,Lockheed Martin,LMT,Industrials,Provider_D,USD,492.57,3918397732938.0,141060377412.0,661433058.0,2026-09-08 20:50:17
5377,2026-08-27,Lowe's,LOW,Consumer,Provider_A,USD,387.33,1024126315374.0,329047678253.0,175747546.0,2026-09-08 19:18:06
5378,2026-08-27,Lowe's,LOW,Consumer,Provider_B,USD,388.05,1026021379886.0,329656554881.0,176072753.0,2026-09-08 03:17:57
5379,2026-08-27,Lowe's,LOW,Consumer,Provider_C,USD,387.65,1024986516063.0,329324057285.0,175895163.0,2026-09-08 11:42:19
5380,2026-08-27,Lowe's,LOW,Consumer,Provider_D,USD,135.583,1024264154811.0,329091965511.0,175771200.0,2026-09-08 15:27:05
5261,2026-08-27,Mastercard Inc.,MA,Financials,Provider_A,USD,673.81,2009408254967.0,422015478568.0,245049112.0,2026-09-08 22:25:22
5262,2026-08-27,Mastercard Inc.,MA,Financials,Provider_B,USD,672.42,2005270963170.0,421146565457.0,244544565.0,2026-09-08 13:26:11
5263,2026-08-27,Mastercard Inc.,MA,Financials,Provider_C,USD,672.16,2004500474476.0,420984747591.0,244450603.0,2026-09-08 17:07:50
5264,2026-08-27,Mastercard Inc.,MA,Financials,Provider_D,USD,672.3,2004896915871.0,421068008126.0,244498950.0,2026-09-08 10:01:52
5301,2026-08-27,McDonald's,MCD,Consumer,Provider_A,USD,617.2,1224399759341.0,442956036957.0,261497477.0,2026-09-08 23:44:21
5302,2026-08-27,McDonald's,MCD,Consumer,Provider_B,USD,618.95,1227867728547.0,444210658157.0,262238138.0,2026-09-08 00:28:43
5303,2026-08-27,McDonald's,MCD,Consumer,Provider_C,USD,620.23,1230407113919.0,445129341840.0,262780479.0,2026-09-08 19:55:55
5304,2026-08-27,McDonald's,MCD,Consumer,Provider_D,USD,616.7,1223397208960.0,442593340264.0,261283360.0,2026-09-08 14:40:48
5313,2026-08-27,Merck & Co.,MRK,Healthcare,Provider_A,USD,-169.67,1995433306902.0,58438708766.0,414779090.0,2026-09-08 23:30:44
5314,2026-08-27,Merck & Co.,MRK,Healthcare,Provider_B,USD,169.81,1997040020882.0,58485763353.0,415113068.0,2026-09-08 14:11:32
5315,2026-08-27,Merck & Co.,MRK,Healthcare,Provider_C,USD,169.94,1998548102968.0,58529929384.0,415426545.0,2026-09-08 13:45:07
5316,2026-08-27,Merck & Co.,MRK,Healthcare,Provider_D,USD,169.61,1994745391915.0,58418562333.0,414636097.0,2026-09-08 23:20:01
5221,2026-08-27,Meta Platforms,META,Communication,Provider_A,USD,327.37,1722265743462.0,292544361273.0,88715153.0,2026-09-08 09:57:50
5222,2026-08-27,Meta Platforms,META,Communication,Provider_B,USD,326.39,1717079472605.0,291663420396.0,88448004.0,2026-09-08 15:39:45
5223,2026-08-27,Meta Platforms,META,Communication,Provider_C,USD,326.55,1717956457746.0,291812385246.0,88493178.0,2026-09-08 05:42:59
5224,2026-08-27,Meta Platforms,META,Communication,Provider_D,USD,328.31,1727190173177.0,293380825769.0,88968814.0,2026-09-08 12:46:22
5205,2026-08-27,Microsoft Corp.,MSFT,Technology,Provider_A,USD,382.446,3051110857804.0,65001547445.0,448431432.0,2026-09-08 13:06:52
5206,2026-08-27,Microsoft Corp.,MSFT,Technology,Provider_B,USD,212.95,3057958221677.0,65147425215.0,449437811.0,2026-09-08 23:41:18
5207,2026-08-27,Microsoft Corp.,MSFT,Technology,Provider_C,USD,212.2,3047286559975.0,64920073749.0,447869363.0,2026-09-08 00:43:25
5208,2026-08-27,Microsoft Corp.,MSFT,Technology,Provider_D,USD,212.4,3050045938356.0,64978860163.0,448274917.0,2026-09-08 02:51:51
5325,2026-08-27,Morgan Stanley,MS,Financials,Provider_A,USD,72.12,1926382692502.0,230239818709.0,258197265.0,2026-09-08 03:47:12
5326,2026-08-27,Morgan Stanley,MS,Financials,Provider_B,USD,72.02,1923583618788.0,229905275512.0,257822099.0,2026-09-08 13:25:16
5327,2026-08-27,Morgan Stanley,MS,Financials,Provider_C,USD,71.97,1922414110850.0,229765496798.0,257665347.0,2026-09-08 02:51:52
5328,2026-08-27,Morgan Stanley,MS,Financials,Provider_D,USD,72.18,1927878114385.0,230418550414.0,258397699.0,2026-09-08 04:10:03
5209,2026-08-27,NVIDIA Corp.,NVDA,Technology,Provider_A,USD,220.32,211031417809.0,257248668213.0,17662573.0,2026-09-08 09:50:56
5210,2026-08-27,NVIDIA Corp.,NVDA,Technology,Provider_B,USD,219.86,210592409589.0,,17625830.0,2026-09-08 10:54:37
5211,2026-08-27,NVIDIA Corp.,NVDA,Technology,Provider_C,USD,219.98,210701989609.0,256847093099.0,17635001.0,2026-09-08 09:21:35
5212,2026-08-27,NVIDIA Corp.,NVDA,Technology,Provider_D,INR,220.49,211194923130.0,257447982261.0,17676258.0,2026-09-08 03:15:19
5273,2026-08-27,Netflix Inc.,NFLX,Communication,Provider_A,USD,254.18,1717682534328.0,140580930463.0,414740401.0,2026-09-08 00:05:06
5274,2026-08-27,Netflix Inc.,NFLX,Communication,Provider_B,USD,253.7,1714481075231.0,140318912255.0,413967398.0,2026-09-08 13:27:35
5275,2026-08-27,Netflix Inc.,NFLX,Communication,Provider_C,USD,252.92,1709149429538.0,139882552394.0,412680054.0,2026-09-08 00:37:54
5276,2026-08-27,Netflix Inc.,NFLX,Communication,Provider_D,USD,254.05,,140508275345.0,414526055.0,2026-09-08 09:58:38
5341,2026-08-27,NextEra Energy,NEE,Utilities,Provider_A,USD,47.43,2640499604263.0,415429924596.0,517491218.0,2026-09-08 05:28:59
5342,2026-08-27,NextEra Energy,NEE,Utilities,Provider_B,USD,47.43,2640163054447.0,415376975197.0,517425260.0,2026-09-08 21:49:12
5343,2026-08-27,NextEra Energy,NEE,Utilities,Provider_C,USD,47.46,2641870596564.0,415645622878.0,517759908.0,2026-09-08 16:32:45
5344,2026-08-27,NextEra Energy,NEE,Utilities,Provider_D,USD,47.5,2644267859694.0,416022784396.0,518229730.0,2026-09-08 01:52:15
5305,2026-08-27,Nike Inc.,NKE,Consumer,Provider_A,USD,379.53,1108626228380.0,360073929256.0,188035328.0,2026-09-08 02:36:39
5306,2026-08-27,Nike Inc.,NKE,Consumer,Provider_B,USD,377.48,1102638880547.0,358129281182.0,187019807.0,2026-09-08 16:43:30
5307,2026-08-27,Nike Inc.,NKE,Consumer,Provider_C,USD,378.25,1104887409712.0,358859587494.0,187401183.0,2026-09-08 22:17:08
5308,2026-08-27,Nike Inc.,NKE,Consumer,Provider_D,USD,378.95,1106941049729.0,359526595193.0,187749503.0,2026-09-08 09:47:58
5269,2026-08-27,Oracle Corp.,ORCL,Technology,Provider_A,USD,536.07,1535490094029.0,368332623808.0,274129039.0,INVALID_TIMESTAMP
5270,2026-08-27,Oracle Corp.,ORCL,Technology,Provider_B,USD,537.94,1540844389361.0,369617009592.0,275084934.0,2026-09-08 13:57:29
5271,2026-08-27,Oracle Corp.,ORCL,Technology,Provider_C,USD,535.8,1534709625683.0,368145405437.0,273989703.0,2026-09-08 21:07:31
5272,2026-08-27,Oracle Corp.,ORCL,Technology,Provider_D,USD,537.79,1540409071626.0,369512585783.0,275007217.0,2026-09-08 15:53:59
5297,2026-08-27,PepsiCo,PEP,Consumer,Provider_A,USD,233.61,3334085187783.0,408430184279.0,711025082.0,2026-09-08 13:35:51
5298,2026-08-27,PepsiCo,PEP,Consumer,Provider_B,USD,234.14,4431378209495.207,409356796110.0,712638196.0,2026-09-08 21:40:26
5299,2026-08-27,PepsiCo,PEP,Consumer,Provider_C,USD,234.17,3341978025626.0,409397068157.0,712708304.0,2026-09-08 13:33:22
5300,2026-08-27,PepsiCo,PEP,Consumer,Provider_D,USD,233.77,3336341431671.0,408706577369.0,711506247.0,2026-09-08 19:52:58
5309,2026-08-27,Pfizer Inc.,PFE,Healthcare,Provider_A,USD,233.57,3726394887476.0,199516717605.0,622222498.0,2026-09-08 04:35:32
5310,2026-08-27,Pfizer Inc.,PFE,Healthcare,Provider_B,USD,234.52,3741573691855.0,200329413339.0,624757011.0,2026-09-08 22:47:42
5311,2026-08-27,Pfizer Inc.,PFE,Healthcare,Provider_C,USD,233.94,3732297827210.0,199832769767.0,623208154.0,2026-09-08 15:16:29
5312,2026-08-27,Pfizer Inc.,PFE,Healthcare,Provider_D,USD,232.93,3716306793079.0,198976586046.0,620538018.0,2026-09-08 00:06:09
5257,2026-08-27,Procter & Gamble,PG,Consumer,Provider_A,USD,722.7,3130039936168.0,65450804383.0,486565378.0,2026-09-08 02:53:48
5258,2026-08-27,Procter & Gamble,PG,Consumer,Provider_B,USD,722.43,4053533063237.9683,65426730926.0,486386414.0,2026-09-08 10:10:44
5259,2026-08-27,Procter & Gamble,PG,Consumer,Provider_C,USD,723.35,3132871792126.0,65510020002.0,487005590.0,2026-09-08 11:39:04
5260,2026-08-27,Procter & Gamble,PG,Consumer,Provider_D,USD,724.19,3136489599233.0,65585670278.0,487567979.0,2026-09-08 19:00:13
5393,2026-08-27,Qualcomm,QCOM,Technology,Provider_A,USD,497.71,2450503332953.0,60235278415.0,544681450.0,2026-09-08 23:02:53
5394,2026-08-27,Qualcomm,QCOM,Technology,Provider_B,USD,497.46,2449263736008.0,60204808158.0,544405920.0,2026-09-08 19:12:52
5395,2026-08-27,Qualcomm,QCOM,Technology,Provider_C,USD,498.18,-2452812619308.0,60292042471.0,545194742.0,2026-09-08 13:51:30
5396,2026-08-27,Qualcomm,QCOM,Technology,Provider_D,USD,498.19,2452897606817.0,60294131530.0,545213633.0,2026-09-08 14:19:37
5281,2026-08-27,Salesforce Inc.,CRM,Technology,Provider_A,USD,597.42,3271813519054.0,55512898085.0,180424754.0,2026-09-08 14:35:10
5282,2026-08-27,Salesforce Inc.,CRM,Technology,Provider_B,USD,599.57,3283546230999.0,55711967145.0,181071756.0,2026-09-08 13:29:48
5283,2026-08-27,Salesforce Inc.,CRM,Technology,Provider_C,USD,598.44,3277401934581.0,55607716796.0,180732928.0,2026-09-08 17:10:17
5284,2026-08-27,Salesforce Inc.,CRM,Technology,Provider_D,USD,598.66,3278563029242.0,55627417103.0,180796957.0,2026-09-08 13:27:50
5225,2026-08-27,Tesla Inc.,TSLA,Automotive,Provider_A,USD,433.82,3210018229425.0,185353260036.0,690499257.0,2026-09-08 12:36:58
5226,2026-08-27,Tesla Inc.,TSLA,Automotive,Provider_B,USD,433.25,3205792739428.0,185109271283.0,689590322.0,2026-09-08 03:34:58
5227,2026-08-27,Tesla Inc.,TSLA,Automotive,Provider_C,USD,433.6,3208420184753.0,185260985548.0,690155505.0,2026-09-08 13:36:51
5228,2026-08-27,Tesla Inc.,TSLA,Automotive,Provider_D,USD,433.21,3205526990511.0,185093926377.0,689533157.0,2026-09-08 21:47:21
5397,2026-08-27,Texas Instruments,TXN,Technology,Provider_A,USD,136.75,3669065502963.0,312152556557.0,144336655.0,2026-09-08 18:15:21
5398,2026-08-27,Texas Instruments,TXN,Technology,Provider_B,USD,136.34,3658145525076.0,311223519174.0,143907076.0,2026-09-08 06:52:24
5399,2026-08-27,Texas Instruments,TXN,Technology,Provider_C,USD,136.83,3671301963580.0,312342827594.0,144424635.0,2026-09-08 02:51:18
5400,2026-08-27,Texas Instruments,TXN,Technology,Provider_D,USD,136.87,3672468006379.0,312442030850.0,144470505.0,2026-09-08 12:11:45
5369,2026-08-27,UPS,UPS,Industrials,Provider_A,USD,129.1,2105323066147.0,96257207965.0,455542118.0,2026-09-08 17:13:36
5370,2026-08-27,UPS,UPS,Industrials,Provider_B,USD,129.12,2105681539954.0,96273597700.0,455619683.0,2026-09-08 06:21:10
5371,2026-08-27,UPS,UPS,Industrials,Provider_C,USD,128.76,2099856773012.0,96007284272.0,454359341.0,2026-09-08 01:06:38
5372,2026-08-27,UPS,UPS,Industrials,Provider_D,USD,128.82,2100855729945.0,96052957455.0,454575492.0,2026-09-08 17:11:49
5365,2026-08-27,Union Pacific,UNP,Industrials,Provider_A,USD,127.36,3544581338313.0,378636432928.0,517111598.0,2026-09-08 14:01:10
5366,2026-08-27,Union Pacific,UNP,Industrials,Provider_B,USD,127.28,3542261730655.0,378388649654.0,516773195.0,2026-09-08 07:23:22
5367,2026-08-27,Union Pacific,UNP,Industrials,Provider_C,USD,127.36,3544593027067.0,378637681535.0,517113303.0,2026-09-08 09:45:01
5368,2026-08-27,Union Pacific,UNP,Industrials,Provider_D,USD,127.37,3544740288539.0,378653412182.0,517134786.0,2026-09-08 05:52:17
5385,2026-08-27,Verizon,VZ,Communication,Provider_A,USD,618.95,3872782462444.0,30258285642.0,886259519.0,2026-09-08 17:52:10
5386,2026-08-27,Verizon,VZ,Communication,Provider_B,USD,618.95,3872737623529.0,30257935313.0,886249258.0,2026-09-08 09:21:27
5387,2026-08-27,Verizon,VZ,Communication,Provider_C,USD,619.77,3877897888115.0,30298252775.0,887430148.0,2026-09-08 07:07:56
5388,2026-08-27,Verizon,VZ,Communication,Provider_D,USD,618.91,3872516452379.0,30256207290.0,886198644.0,2026-09-08 05:00:48
5233,2026-08-27,Visa Inc.,V,Financials,Provider_A,USD,130.53,1083818749287.0,76026818700.0,226190768.0,2026-09-08 07:38:03
5234,2026-08-27,Visa Inc.,V,Financials,Provider_B,USD,130.69,1085156654240.0,76120668947.0,226469986.0,2026-09-08 21:43:29
5235,2026-08-27,Visa Inc.,V,Financials,Provider_C,USD,130.73,,76141265471.0,226531263.0,2026-09-08 01:06:38
5236,2026-08-27,Visa Inc.,V,Financials,Provider_D,USD,130.57,1084154064699.0,76050340127.0,226260747.0,2026-09-08 19:59:46
5237,2026-08-27,Walmart Inc.,WMT,Consumer,Provider_A,USD,675.13,1303186410417.0,45596794386.0,218218913.0,2026-09-08 14:40:17
5238,2026-08-27,Walmart Inc.,WMT,Consumer,Provider_B,USD,696.56,1299050518011.0,45452084900.0,217526357.0,2026-09-08 02:59:37
5239,2026-08-27,Walmart Inc.,WMT,Consumer,Provider_C,USD,698.19,1302095032828.0,45558608507.0,218036161.0,2026-09-08 07:22:00
5240,2026-08-27,Walmart Inc.,WMT,Consumer,Provider_D,USD,698.15,1302007346348.0,45555540471.0,218021478.0,2026-09-08 13:54:16
5333,2026-08-27,Wells Fargo,WFC,Financials,Provider_A,USD,593.96,628777792177.0,11663225840.0,133348917.0,2026-09-08 06:39:51
5334,2026-08-27,Wells Fargo,WFC,Financials,Provider_B,USD,594.67,629533567784.0,11677244753.0,133509199.0,2026-09-08 20:42:26
5335,2026-08-27,Wells Fargo,WFC,Financials,Provider_C,USD,593.15,627921826009.0,11647348487.0,133167387.0,2026-09-08 23:35:25
5336,2026-08-27,Wells Fargo,WFC,Financials,Provider_D,USD,594.01,628838755034.0,11664356642.0,133361846.0,2026-09-08 04:33:42
5489,2026-08-28,AMD,AMD,Technology,Provider_A,USD,107.27,1469503322269.0,403754531305.0,282132356.0,2026-09-08 23:04:43
5490,2026-08-28,AMD,AMD,Technology,Provider_B,USD,107.2,1468558509750.0,403494938605.0,281950960.0,2026-09-08 01:46:01
5491,2026-08-28,AMD,AMD,Technology,Provider_C,USD,107.29,1469806242293.0,403837760333.0,282190514.0,2026-09-08 04:19:11
5492,2026-08-28,AMD,AMD,Technology,Provider_D,USD,107.3,1469999025807.0,403890728717.0,282227527.0,2026-09-08 10:09:21
5581,2026-08-28,AT&T,T,Communication,Provider_A,USD,283.96,921926183560.0,383117981621.0,210761224.0,2026-09-08 12:21:12
5582,2026-08-28,AT&T,T,Communication,Provider_B,USD,283.45,920261528363.0,382426213288.0,210380668.0,2026-09-08 16:36:16
5583,2026-08-28,AT&T,T,Communication,Provider_C,USD,284.16,922586044583.0,383392195140.0,210912075.0,2026-09-08 10:27:11
5584,2026-08-28,AT&T,T,Communication,Provider_D,USD,284.38,923300911602.0,383689267090.0,211075500.0,2026-09-08 18:29:49
5517,2026-08-28,AbbVie Inc.,ABBV,Healthcare,Provider_A,USD,622.12,3910725469763.0,380255992218.0,256489232.0,2026-09-08 03:59:37
5518,2026-08-28,AbbVie Inc.,ABBV,Healthcare,Provider_B,USD,622.54,3913398102063.0,380515863297.0,256664519.0,2026-09-08 11:26:19
5519,2026-08-28,AbbVie Inc.,ABBV,Healthcare,Provider_C,USD,622.59,3913707298455.0,380545927739.0,256684798.0,2026-09-08 16:21:20
5520,2026-08-28,AbbVie Inc.,ABBV,Healthcare,Provider_D,USD,621.0,3903687703380.0,379571681120.0,256027652.0,2026-09-08 10:49:23
5477,2026-08-28,Adobe Inc.,ADBE,Technology,Provider_A,USD,37.72,2374793815968.0,436331077277.0,557861511.0,2026-09-08 18:13:30
5478,2026-08-28,Adobe Inc.,ADBE,Technology,Provider_B,USD,37.78,2378282335864.0,436972038035.0,558680997.0,2026-09-08 14:59:06
5479,2026-08-28,Adobe Inc.,ADBE,Technology,Provider_C,USD,37.87,2383904692168.0,438005057730.0,560001742.0,2026-09-08 06:30:10
5480,2026-08-28,Adobe Inc.,ADBE,Technology,Provider_D,USD,37.77,2377837964446.0,436890391764.0,558576610.0,2026-09-08 12:40:26
5417,2026-08-28,Alphabet Inc.,GOOGL,Communication,Provider_A,USD,483.38,3204976425067.8364,322566412527.0,446077724.0,2026-09-08 18:25:23
5418,2026-08-28,Alphabet Inc.,GOOGL,Communication,Provider_B,USD,483.16,2364075593308.0,322424258648.0,445881140.0,2026-09-08 10:50:25
5419,2026-08-28,Alphabet Inc.,GOOGL,Communication,Provider_C,USD,481.38,2355340271742.0,321232892523.0,444233597.0,2026-09-08 10:20:20
5420,2026-08-28,Alphabet Inc.,GOOGL,Communication,Provider_D,USD,482.07,2358743227576.0,321697004379.0,444875418.0,2026-09-08 04:24:45
5413,2026-08-28,Amazon.com Inc.,AMZN,Consumer,Provider_A,USD,,1661644742824.0,127430876004.0,168748858.0,2026-09-08 16:23:25
5414,2026-08-28,Amazon.com Inc.,AMZN,Consumer,Provider_B,USD,67.99,1657405754016.0,127105789634.0,168318366.0,2026-09-08 01:01:30
5415,2026-08-28,Amazon.com Inc.,AMZN,Consumer,Provider_C,USD,68.14,1660999193266.0,127381369064.0,168683299.0,2026-09-08 07:08:54
5416,2026-08-28,Amazon.com Inc.,AMZN,Consumer,Provider_D,USD,68.24,1663425042064.0,127567406446.0,168929657.0,2026-09-08 13:44:02
5401,2026-08-28,Apple Inc.,AAPL,Technology,Provider_A,USD,696.09,1860833913757.0,50083695833.0,399869567.0,2026-09-08 03:04:54
5402,2026-08-28,Apple Inc.,AAPL,Technology,Provider_B,USD,695.52,1859310722539.0,50042699673.0,399542252.0,2026-09-08 14:57:40
5403,2026-08-28,Apple Inc.,AAPL,Technology,Provider_C,USD,696.79,1862695174052.0,50133791005.0,400269528.0,2026-09-08 22:21:46
5404,2026-08-28,Apple Inc.,AAPL,Technology,Provider_D,USD,695.56,1859407399167.0,50045301690.0,399563027.0,2026-09-08 02:22:38
5529,2026-08-28,Bank of America,BAC,Financials,Provider_A,USD,62.29,356932098898.0,173167902713.0,34420577.0,2026-09-08 02:57:36
5530,2026-08-28,Bank of America,BAC,Financials,Provider_B,USD,62.3,356968144992.0,173185390707.0,34424053.0,2026-09-08 08:46:58
5531,2026-08-28,Bank of America,BAC,Financials,Provider_C,USD,62.44,357810135960.0,173593888039.0,34505250.0,2026-09-08 16:24:41
5532,2026-08-28,Bank of America,BAC,Financials,Provider_D,USD,62.38,357463127766.0,173425534783.0,34471787.0,2026-09-08 19:24:33
5537,2026-08-28,Berkshire Hathaway,BRK.B,Financials,Provider_A,USD,473.55,1781070096997.0,41159152190.0,236830186.0,2026-09-08 22:57:49
5538,2026-08-28,Berkshire Hathaway,BRK.B,Financials,Provider_B,USD,166.17299999999997,1785693101161.0,41265986240.0,237444910.0,2026-09-08 14:15:56
5539,2026-08-28,Berkshire Hathaway,BRK.B,Financials,Provider_C,USD,476.6,1792522429347.0,41423806731.0,238353011.0,2026-09-08 03:47:22
5540,2026-08-28,Berkshire Hathaway,BRK.B,Financials,Provider_D,USD,474.83,1785881364177.0,41270336852.0,237469943.0,2026-09-08 01:54:49
5557,2026-08-28,Boeing Co.,BA,Industrials,Provider_A,USD,580.74,725188670683.0,269882046769.0,79493384.0,2026-09-08 08:25:28
5558,2026-08-28,Boeing Co.,BA,Industrials,Provider_B,USD,578.01,721769254852.0,268609496631.0,79118556.0,2026-09-08 14:09:49
5559,2026-08-28,Boeing Co.,BA,Industrials,Provider_C,USD,558.12,723407242920.0,269219080854.0,79298108.0,2026-09-08 02:08:37
5560,2026-08-28,Boeing Co.,BA,Industrials,Provider_D,USD,577.62,721286020428.0,268429658886.0,79065585.0,2026-09-08 13:52:17
5465,2026-08-28,Broadcom Inc.,AVGO,Technology,Provider_A,USD,699.39,1601622318397.1816,298421574253.0,167428644.0,2026-09-08 08:51:39
5466,2026-08-28,Broadcom Inc.,AVGO,Technology,Provider_B,USD,698.76,1316904439281.0,298153699291.0,167278353.0,2026-09-08 12:31:52
5467,2026-08-28,Broadcom Inc.,AVGO,Technology,Provider_C,USD,700.0,1319228177573.0,298679805171.0,167573524.0,2026-09-08 17:36:51
5468,2026-08-28,Broadcom Inc.,AVGO,Technology,Provider_D,USD,700.33,1319863995023.0,298823757396.0,167654288.0,2026-09-08 08:08:17
5561,2026-08-28,Caterpillar Inc.,CAT,Industrials,Provider_A,USD,339.33,3371795608054.0,327507737742.0,682694152.0,2026-09-08 11:26:52
5562,2026-08-28,Caterpillar Inc.,CAT,Industrials,Provider_B,USD,339.65,3374997966963.0,327818787830.0,683342540.0,2026-09-08 07:52:25
5563,2026-08-28,Caterpillar Inc.,CAT,Industrials,Provider_C,USD,341.1,3389391976951.0,329216900349.0,686256924.0,2026-09-08 02:31:58
5564,2026-08-28,Caterpillar Inc.,CAT,Industrials,Provider_D,USD,339.86,3377067239183.0,-328019779451.0,683761510.0,2026-09-08 14:00:43
5453,2026-08-28,Chevron Corp.,CVX,Energy,Provider_A,USD,230.18,3978933920694.0,395422306504.0,737211688.0,2026-09-08 12:43:08
5454,2026-08-28,Chevron Corp.,CVX,Energy,Provider_B,USD,230.27,3980578708257.0,395585763778.0,737516432.0,2026-09-08 05:37:14
5455,2026-08-28,Chevron Corp.,CVX,Energy,Provider_C,USD,229.74,3971434651325.0,394677036930.0,735822233.0,2026-09-08 19:32:59
5456,2026-08-28,Chevron Corp.,CVX,Energy,Provider_D,USD,230.08,3977340584473.0,395263962411.0,736916477.0,2026-09-08 15:39:33
5493,2026-08-28,Cisco Systems,CSCO,Technology,Provider_A,USD,74.42,881579302449.0,119606231764.0,162842380.0,2026-09-08 03:22:06
5494,2026-08-28,Cisco Systems,CSCO,Technology,Provider_B,USD,74.31,880326945880.0,119436321185.0,162611049.0,2026-09-08 07:12:21
5495,2026-08-28,Cisco Systems,CSCO,Technology,Provider_C,USD,74.34,880697705599.0,119486623152.0,162679534.0,2026-09-08 20:42:11
5496,2026-08-28,Cisco Systems,CSCO,Technology,Provider_D,USD,74.42,881589966796.0,119607678625.0,162844350.0,2026-09-08 14:14:49
5441,2026-08-28,Coca-Cola,KO,Consumer,Provider_A,USD,467.9,2822507456729.0,215856498759.0,444646374.0,2026-09-08 19:51:49
5442,2026-08-28,Coca-Cola,KO,Consumer,Provider_B,USD,468.06,2823464383139.0,215929681484.0,444797125.0,2026-09-08 14:15:37
5443,2026-08-28,Coca-Cola,KO,Consumer,Provider_C,USD,468.11,2823782538885.0,215954013035.0,444847246.0,2026-09-08 16:05:33
5444,2026-08-28,Coca-Cola,KO,Consumer,Provider_D,USD,467.01,2817170946962.0,215448379266.0,443805682.0,2026-09-08 10:37:47
5589,2026-08-28,Comcast,CMCSA,Communication,Provider_A,USD,607.78,366688710424.0,173547258740.0,82808928.0,2026-09-08 15:28:22
5590,2026-08-28,Comcast,CMCSA,Communication,Provider_B,USD,609.13,367501771509.0,173932066122.0,82992541.0,2026-09-08 01:47:58
5591,2026-08-28,Comcast,CMCSA,Communication,Provider_C,USD,608.5,367125342026.0,173753908728.0,82907532.0,2026-09-08 04:51:51
5592,2026-08-28,Comcast,CMCSA,Communication,Provider_D,USD,609.42,367681294000.0,174017030931.0,83033082.0,2026-09-08 10:38:52
5549,2026-08-28,ConocoPhillips,COP,Energy,Provider_A,USD,283.49,207578530534.0,448167183068.0,40852193.0,2026-09-08 10:38:13
5550,2026-08-28,ConocoPhillips,COP,Energy,Provider_B,USD,282.6,206925924234.0,446758189921.0,40723757.0,2026-09-08 05:07:22
5551,2026-08-28,ConocoPhillips,COP,Energy,Provider_C,USD,283.43,207535833809.0,448074999783.0,40843790.0,2026-09-08 21:32:09
5552,2026-08-28,ConocoPhillips,COP,Energy,Provider_D,USD,282.94,207177625246.0,447301618632.0,40773293.0,2026-09-08 23:38:49
7705,2026-08-28,ConocoPhillips,COP,Energy,Provider_D,USD,282.94,207177625246.0,447301618632.0,40773293.0,2026-09-08 23:38:49
5545,2026-08-28,Duke Energy,DUK,Utilities,Provider_A,USD,653.2,298513202089.0,389543565909.0,72978418.0,2026-09-08 13:03:42
5546,2026-08-28,Duke Energy,DUK,Utilities,Provider_B,USD,654.61,299153009870.0,390378480421.0,73134834.0,2026-09-08 07:34:13
5547,2026-08-28,Duke Energy,DUK,Utilities,Provider_C,USD,655.83,299712728310.0,391108882681.0,73271670.0,2026-09-08 07:51:40
5548,2026-08-28,Duke Energy,DUK,Utilities,Provider_D,USD,653.15,298487089883.0,389509490895.0,72972035.0,2026-09-08 05:54:50
5449,2026-08-28,Exxon Mobil,XOM,Energy,Provider_A,USD,43.82,1401211144285.0,96311549808.0,173434134.0,2026-09-08 20:10:08
5450,2026-08-28,Exxon Mobil,XOM,Energy,Provider_B,USD,43.66,1396227130687.0,95968976117.0,172817241.0,2026-09-08 18:49:20
5451,2026-08-28,Exxon Mobil,XOM,Energy,Provider_C,USD,43.8,1790047248463.2244,96257688373.0,173337143.0,2026-09-08 03:39:04
5452,2026-08-28,Exxon Mobil,XOM,Energy,Provider_D,USD,43.75,1398887410344.0,96151829114.0,173146515.0,2026-09-08 21:02:29
5521,2026-08-28,Goldman Sachs,GS,Financials,Provider_A,USD,668.8,3767660490135.0,100260840030.0,347741336.0,2026-09-08 03:58:22
5522,2026-08-28,Goldman Sachs,GS,Financials,Provider_B,USD,670.13,3775113158786.0,100459162257.0,348429190.0,2026-09-08 17:17:42
5523,2026-08-28,Goldman Sachs,GS,Financials,Provider_C,USD,669.22,3770017196051.0,100323554097.0,347958851.0,2026-09-08 10:36:46
5524,2026-08-28,Goldman Sachs,GS,Financials,Provider_D,USD,335.675,3782017280182.0,100642887147.0,349066415.0,2026-09-08 08:24:48
5573,2026-08-28,Home Depot,HD,Consumer,Provider_A,USD,303.21,1336821776897.0,179741308677.0,79872362.0,2026-09-08 09:47:30
5574,2026-08-28,Home Depot,HD,Consumer,Provider_B,USD,303.26,1337025918976.0,179768756438.0,79884559.0,2026-09-08 11:39:11
5575,2026-08-28,Home Depot,HD,Consumer,Provider_C,USD,303.17,1336612027714.0,179713107017.0,79859830.0,2026-09-08 16:34:04
5576,2026-08-28,Home Depot,HD,Consumer,Provider_D,USD,304.2,1341163283477.0,180325042491.0,80131758.0,2026-09-08 12:46:15
5485,2026-08-28,Intel Corp.,INTC,Technology,Provider_A,USD,176.13,2198513782112.0,207975010397.0,244100182.0,2026-09-08 11:02:30
5486,2026-08-28,Intel Corp.,INTC,Technology,Provider_B,USD,176.09,2198005706752.0,207926947483.0,244043771.0,2026-09-08 12:17:49
5487,2026-08-28,Intel Corp.,INTC,Technology,Provider_C,USD,176.42,2202129021292.0,208317004799.0,244501581.0,2026-09-08 08:38:00
5488,2026-08-28,Intel Corp.,INTC,Technology,Provider_D,USD,176.48,2202926524504.0,208392447009.0,244590127.0,2026-09-08 18:33:06
5429,2026-08-28,JPMorgan Chase,JPM,Financials,Provider_A,USD,713.67,2168466273546.0,165285256767.0,525857385.0,2026-09-08 14:07:31
5430,2026-08-28,JPMorgan Chase,JPM,Financials,Provider_B,USD,716.24,2176264191144.0,165879631154.0,527748396.0,2026-09-08 13:11:15
5431,2026-08-28,JPMorgan Chase,JPM,Financials,Provider_C,USD,712.98,2166379301634.0,165126183189.0,525351290.0,2026-09-08 17:50:41
5432,2026-08-28,JPMorgan Chase,JPM,Financials,Provider_D,USD,714.5,2170998423077.0,165478262760.0,526471437.0,2026-09-08 05:31:50
5445,2026-08-28,Johnson & Johnson,JNJ,Healthcare,Provider_A,USD,576.99,1397676565606.0,291918127184.0,177820261.0,2026-09-08 11:04:33
5446,2026-08-28,Johnson & Johnson,JNJ,Healthcare,Provider_B,USD,579.47,1403683379730.0,293172707802.0,178584482.0,2026-09-08 21:13:53
5447,2026-08-28,Johnson & Johnson,JNJ,Healthcare,Provider_C,USD,579.35,1403400984731.0,293113726904.0,178548554.0,2026-09-08 05:01:50
5448,2026-08-28,Johnson & Johnson,JNJ,Healthcare,Provider_D,USD,579.29,1403242373262.0,293080599381.0,178528375.0,2026-09-08 13:00:51
5553,2026-08-28,Lockheed Martin,LMT,Industrials,Provider_A,USD,496.64,3926279620727.0,141275721622.0,841073621.0,2026-09-08 04:37:00
5554,2026-08-28,Lockheed Martin,LMT,Industrials,Provider_B,USD,496.13,3922195432632.0,141128764025.0,840198721.0,2026-09-08 02:36:45
5555,2026-08-28,Lockheed Martin,LMT,Industrials,Provider_C,USD,494.86,3912215749251.0,140769674223.0,838060909.0,2026-09-08 04:02:32
5556,2026-08-28,Lockheed Martin,LMT,Industrials,Provider_D,USD,495.01,3913341232608.0,140810171459.0,838302006.0,2026-09-08 01:32:09
5577,2026-08-28,Lowe's,LOW,Consumer,Provider_A,USD,390.17,1024104620324.0,329310632287.0,47530596.0,2026-09-08 06:26:28
5578,2026-08-28,Lowe's,LOW,Consumer,Provider_B,USD,390.08,1023881981855.0,329239040759.0,47520263.0,2026-09-08 12:16:05
5579,2026-08-28,Lowe's,LOW,Consumer,Provider_C,INR,390.86,1025931560509.0,329898102371.0,47615388.0,2026-09-08 00:25:43
5580,2026-08-28,Lowe's,LOW,Consumer,Provider_D,USD,389.41,1022126180044.0,328674445899.0,47438773.0,2026-09-08 23:05:25
5461,2026-08-28,Mastercard Inc.,MA,Financials,Provider_A,USD,667.06,1997639386228.0,420050020716.0,293206422.0,2026-09-08 08:51:23
5462,2026-08-28,Mastercard Inc.,MA,Financials,Provider_B,USD,234.31449999999998,2004855356642.0,421567345886.0,294265557.0,2026-09-08 08:24:02
5463,2026-08-28,Mastercard Inc.,MA,Financials,Provider_C,USD,668.48,2001892564630.0,420944350137.0,293830689.0,2026-09-08 01:07:02
5464,2026-08-28,Mastercard Inc.,MA,Financials,Provider_D,USD,669.13,2003831657291.0,421352089350.0,294115302.0,2026-09-08 09:21:15
5501,2026-08-28,McDonald's,MCD,Consumer,Provider_A,USD,610.2,1225804035972.0,443306918584.0,274098733.0,2026-09-08 10:54:52
5502,2026-08-28,McDonald's,MCD,Consumer,Provider_B,USD,610.78,1226972626163.0,443729534354.0,274360038.0,2026-09-08 02:56:23
7609,2026-08-28,McDonald's,MCD,Consumer,Provider_B,USD,610.78,1226972626163.0,443729534354.0,274360038.0,2026-09-08 02:56:23
5503,2026-08-28,McDonald's,MCD,Consumer,Provider_C,USD,609.05,1223492304311.0,442470890467.0,273581813.0,2026-09-08 14:36:49
5504,2026-08-28,McDonald's,MCD,Consumer,Provider_D,USD,610.4,1226202349133.0,443450966877.0,274187798.0,2026-09-08 14:06:44
5513,2026-08-28,Merck & Co.,MRK,Healthcare,Provider_A,USD,168.42,1994802590925.0,58524249746.0,187719050.0,2026-09-08 01:50:23
5514,2026-08-28,Merck & Co.,MRK,Healthcare,Provider_B,USD,168.6,1996940365368.0,58586968556.0,187920223.0,2026-09-08 01:54:31
5515,2026-08-28,Merck & Co.,MRK,Healthcare,Provider_C,USD,167.77,1987122304186.0,58298922677.0,186996304.0,2026-09-08 14:06:54
5516,2026-08-28,Merck & Co.,MRK,Healthcare,Provider_D,USD,167.54,1984470889020.0,58221134487.0,186746795.0,2026-09-08 17:04:55
5421,2026-08-28,Meta Platforms,META,Communication,Provider_A,USD,330.1,1730263929153.0,293488829302.0,197496349.0,2026-09-08 11:25:51
7655,2026-08-28,Meta Platforms,META,Communication,Provider_A,USD,330.1,1730263929153.0,293488829302.0,197496349.0,2026-09-08 11:25:51
5422,2026-08-28,Meta Platforms,META,Communication,Provider_B,USD,329.09,1724973796335.0,292591512505.0,196892521.0,2026-09-08 19:08:57
5423,2026-08-28,Meta Platforms,META,Communication,Provider_C,USD,328.82,1723544049351.0,292348997614.0,196729326.0,2026-09-08 16:33:16
5424,2026-08-28,Meta Platforms,META,Communication,Provider_D,USD,329.62,1727760971099.0,293064275443.0,197210655.0,2026-09-08 10:23:44
5405,2026-08-28,Microsoft Corp.,MSFT,Technology,Provider_A,USD,212.0,3052645706484.0,65158897721.0,597080426.0,2026-09-08 08:14:06
5406,2026-08-28,Microsoft Corp.,MSFT,Technology,Provider_B,USD,211.55,3046058170444.0,65018286386.0,595791941.0,2026-09-08 02:09:59
5407,2026-08-28,Microsoft Corp.,MSFT,Technology,Provider_C,USD,211.57,3046458362093.0,65026828500.0,595870216.0,2026-09-08 16:13:38
5408,2026-08-28,Microsoft Corp.,MSFT,Technology,Provider_D,USD,211.9,3051126718689.0,65126474840.0,596783320.0,2026-09-08 01:39:24
5525,2026-08-28,Morgan Stanley,MS,Financials,Provider_A,USD,71.49,1926529089969.0,229906213882.0,274565573.0,2026-09-08 01:38:13
5526,2026-08-28,Morgan Stanley,MS,Financials,Provider_B,USD,71.73,1933098721871.0,230690214085.0,275501865.0,2026-09-08 03:36:36
5527,2026-08-28,Morgan Stanley,MS,Financials,Provider_C,USD,71.71,1932325032650.0,230597884330.0,275391601.0,2026-09-08 02:56:45
5528,2026-08-28,Morgan Stanley,MS,Financials,Provider_D,USD,72.18,1929936699291.0,230312867777.0,275051220.0,2026-09-08 11:20:17
5409,2026-08-28,NVIDIA Corp.,NVDA,Technology,Provider_A,USD,221.06,211390847727.0,257582648850.0,27738561.0,2026-09-08 15:52:44
5410,2026-08-28,NVIDIA Corp.,NVDA,Technology,Provider_B,USD,221.06,211395489678.0,257588305132.0,27739170.0,2026-09-08 19:24:49
5411,2026-08-28,NVIDIA Corp.,NVDA,Technology,Provider_C,USD,219.98,211010915557.0,257119696288.0,27688707.0,2026-09-08 01:51:16
5412,2026-08-28,NVIDIA Corp.,NVDA,Technology,Provider_D,USD,220.5,210863627774.0,256940224104.0,27669380.0,2026-09-08 03:17:54
5473,2026-08-28,Netflix Inc.,NFLX,Communication,Provider_A,USD,253.3,1714426795623.0,140348319745.0,262618410.0,2026-09-08 10:27:40
5474,2026-08-28,Netflix Inc.,NFLX,Communication,Provider_B,USD,252.88,1711549052690.0,140112738742.0,262177593.0,2026-09-08 14:09:17
5475,2026-08-28,Netflix Inc.,NFLX,Communication,Provider_C,USD,253.62,1716566444549.0,140523478074.0,262946165.0,2026-09-08 06:54:17
5476,2026-08-28,Netflix Inc.,NFLX,Communication,Provider_D,USD,253.48,1715620014021.0,140446000322.0,262801189.0,2026-09-08 21:56:57
5541,2026-08-28,NextEra Energy,NEE,Utilities,Provider_A,USD,48.29,2634961151870.0,415387720990.0,327370727.0,2026-09-08 22:49:25
5542,2026-08-28,NextEra Energy,NEE,Utilities,Provider_B,USD,48.29,2634641602066.0,415337345650.0,327331026.0,2026-09-08 13:01:45
5543,2026-08-28,NextEra Energy,NEE,Utilities,Provider_C,USD,48.3,2635228385068.0,415429848894.0,327403928.0,2026-09-08 09:03:02
5544,2026-08-28,NextEra Energy,NEE,Utilities,Provider_D,USD,48.31,2635743548366.0,415511061669.0,327467933.0,2026-09-08 18:40:00
5505,2026-08-28,Nike Inc.,NKE,Consumer,Provider_A,USD,372.27,1108008641666.0,359999722581.0,40830355.0,2026-09-08 17:32:52
5506,2026-08-28,Nike Inc.,NKE,Consumer,Provider_B,USD,370.66,1103217276683.0,358442974736.0,40653792.0,2026-09-08 07:29:44
5507,2026-08-28,Nike Inc.,NKE,Consumer,Provider_C,USD,371.76,1106490704986.0,359506534384.0,40774419.0,2026-09-08 06:02:41
5508,2026-08-28,Nike Inc.,NKE,Consumer,Provider_D,USD,371.21,1104851355513.0,358973898326.0,40714008.0,2026-09-08 20:08:44
5469,2026-08-28,Oracle Corp.,ORCL,Technology,Provider_A,USD,535.18,1540780927284.0,369241174947.0,47240515.0,2026-09-08 13:33:42
5470,2026-08-28,Oracle Corp.,ORCL,Technology,Provider_B,USD,533.06,1534661664794.0,367774721389.0,47052898.0,2026-09-08 08:05:43
5471,2026-08-28,Oracle Corp.,ORCL,Technology,Provider_C,USD,534.16,1537828875539.0,368533729108.0,47150005.0,2026-09-08 02:53:14
5472,2026-08-28,Oracle Corp.,ORCL,Technology,Provider_D,USD,533.4,1535652652925.0,368012207209.0,47083282.0,2026-09-08 01:42:21
5497,2026-08-28,PepsiCo,PEP,Consumer,Provider_A,USD,237.53,3342612680541.0,410098347308.0,420438645.0,2026-09-08 11:41:30
5498,2026-08-28,PepsiCo,PEP,Consumer,Provider_B,USD,236.66,3330341204449.0,408592784880.0,418895121.0,2026-09-08 18:22:56
5499,2026-08-28,PepsiCo,PEP,Consumer,Provider_C,USD,236.36,3326234474854.0,408088938583.0,418378571.0,2026-09-08 02:41:56
5500,2026-08-28,PepsiCo,PEP,Consumer,Provider_D,USD,236.58,3329334595314.0,408469286054.0,418768508.0,2026-09-08 20:15:47
5509,2026-08-28,Pfizer Inc.,PFE,Healthcare,Provider_A,USD,230.82,3734326691709.0,199608947060.0,529481821.0,2026-09-08 06:38:18
5510,2026-08-28,Pfizer Inc.,PFE,Healthcare,Provider_B,USD,231.39,3743519489277.0,200100324701.0,530785247.0,2026-09-08 21:36:40
5511,2026-08-28,Pfizer Inc.,PFE,Healthcare,Provider_C,USD,231.1,3738812259657.0,199848711700.0,530117820.0,2026-09-08 18:57:12
5512,2026-08-28,Pfizer Inc.,PFE,Healthcare,Provider_D,USD,231.16,3739802265626.0,199901629954.0,530258191.0,2026-09-08 02:10:29
5457,2026-08-28,Procter & Gamble,PG,Consumer,Provider_A,USD,723.81,3134271987400.0,65576077703.0,366284897.0,2026-09-08 09:35:48
5458,2026-08-28,Procter & Gamble,PG,Consumer,Provider_B,USD,724.54,3137420975003.0,65641961665.0,366652902.0,2026-09-08 22:12:40
5459,2026-08-28,Procter & Gamble,PG,Consumer,Provider_C,USD,723.9,3134645780285.0,65583898298.0,366328581.0,2026-09-08 23:12:38
5460,2026-08-28,Procter & Gamble,PG,Consumer,Provider_D,USD,723.4,3132517397143.0,65539367696.0,366079848.0,2026-09-08 05:19:09
5593,2026-08-28,Qualcomm,QCOM,Technology,Provider_A,USD,499.23,2439869978680.0,60084242886.0,162217855.0,2026-09-08 20:50:57
5594,2026-08-28,Qualcomm,QCOM,Technology,Provider_B,USD,499.44,2440902438228.0,60109668237.0,162286500.0,2026-09-08 17:53:29
5595,2026-08-28,Qualcomm,QCOM,Technology,Provider_C,USD,500.04,2443838160609.0,60181963342.0,162481685.0,2026-09-08 09:25:30
5596,2026-08-28,Qualcomm,QCOM,Technology,Provider_D,USD,499.22,2439847073144.0,60083678814.0,162216332.0,2026-09-08 04:55:57
5481,2026-08-28,Salesforce Inc.,CRM,Technology,Provider_A,USD,598.23,3264489451809.0,55557262085.0,170638121.0,2026-09-08 06:40:42
5482,2026-08-28,Salesforce Inc.,CRM,Technology,Provider_B,USD,599.18,3269647455934.0,55645044444.0,170907735.0,2026-09-08 14:06:31
5483,2026-08-28,Salesforce Inc.,CRM,Technology,Provider_C,USD,598.91,3268169178323.0,55619886129.0,170830464.0,2026-09-08 05:01:57
5484,2026-08-28,Salesforce Inc.,CRM,Technology,Provider_D,USD,599.57,3271783905439.0,55681403969.0,171019409.0,2026-09-08 01:44:57
5425,2026-08-28,Tesla Inc.,TSLA,Automotive,Provider_A,USD,436.27,3211719139903.0,185216080286.0,303679899.0,2026-09-08 16:26:49
5426,2026-08-28,Tesla Inc.,TSLA,Automotive,Provider_B,USD,436.21,3211275993270.0,185190524539.0,303637998.0,2026-09-08 18:49:07
5427,2026-08-28,Tesla Inc.,TSLA,Automotive,Provider_C,USD,436.58,3214009774332.0,185348178490.0,303896487.0,2026-09-08 02:19:16
5428,2026-08-28,Tesla Inc.,TSLA,Automotive,Provider_D,USD,437.89,3223662487600.0,185904839156.0,304809186.0,2026-09-08 01:05:33
5597,2026-08-28,Texas Instruments,TXN,Technology,Provider_A,USD,135.7,3667667303502.0,312142008749.0,362070636.0,2026-09-08 13:47:22
5598,2026-08-28,Texas Instruments,TXN,Technology,Provider_B,USD,135.59,3664878761615.0,311904685951.0,361795352.0,2026-09-08 06:20:43
5599,2026-08-28,Texas Instruments,TXN,Technology,Provider_C,USD,135.56,3663972050124.0,311827518988.0,361705842.0,2026-09-08 08:47:53
5600,2026-08-28,Texas Instruments,TXN,Technology,Provider_D,USD,135.8,3670450966539.0,312378916325.0,362345438.0,2026-09-08 03:20:52
5569,2026-08-28,UPS,UPS,Industrials,Provider_A,USD,129.16,2106076180127.0,96151119509.0,403809716.0,2026-09-08 21:15:10
5570,2026-08-28,UPS,UPS,Industrials,Provider_B,USD,128.64,2097501746222.0,95759661010.0,402165692.0,2026-09-08 00:16:30
5571,2026-08-28,UPS,UPS,Industrials,Provider_C,USD,128.91,2101993879159.0,95964745525.0,403026994.0,2026-09-08 13:55:14
5572,2026-08-28,UPS,UPS,Industrials,Provider_D,USD,128.77,2497207371910.47,95861092599.0,402591679.0,2026-09-08 11:24:40
5565,2026-08-28,Union Pacific,UNP,Industrials,Provider_A,USD,128.93,3538289908900.0,378088734747.0,755082422.0,2026-09-08 13:59:52
5566,2026-08-28,Union Pacific,UNP,Industrials,Provider_B,USD,129.26,3547392637318.0,379061419055.0,757024974.0,2026-09-08 22:55:16
5567,2026-08-28,Union Pacific,UNP,Industrials,Provider_C,USD,128.98,3539764324873.0,378246285452.0,755397068.0,2026-09-08 09:09:58
5568,2026-08-28,Union Pacific,UNP,Industrials,Provider_D,USD,129.18,3545305004066.0,378838342191.0,756579466.0,2026-09-08 15:03:35
5585,2026-08-28,Verizon,VZ,Communication,Provider_A,USD,621.06,3875498169552.0,30230542845.0,719193814.0,2026-09-08 11:33:14
5586,2026-08-28,Verizon,VZ,Communication,Provider_B,USD,620.28,3870645683778.0,30192691381.0,718293316.0,2026-09-08 04:30:03
5587,2026-08-28,Verizon,VZ,Communication,Provider_C,USD,621.24,3876632942653.0,30239394560.0,719404399.0,2026-09-08 15:01:52
5588,2026-08-28,Verizon,VZ,Communication,Provider_D,USD,622.13,3882162876115.0,30282530406.0,720430614.0,2026-09-08 15:26:12
5433,2026-08-28,Visa Inc.,V,Financials,Provider_A,USD,132.33,1088846123642.0,76299612694.0,248855233.0,2026-09-08 15:48:56
5434,2026-08-28,Visa Inc.,V,Financials,Provider_B,USD,131.81,1084580657689.0,76000715179.0,247880363.0,2026-09-08 19:42:22
5435,2026-08-28,Visa Inc.,V,Financials,Provider_C,USD,131.96,1085786160019.0,76085189339.0,248155880.0,2026-09-08 12:38:15
5436,2026-08-28,Visa Inc.,V,Financials,Provider_D,USD,132.02,1086309950599.0,76121893348.0,248275592.0,2026-09-08 02:33:03
5437,2026-08-28,Walmart Inc.,WMT,Consumer,Provider_A,USD,689.48,1298360216552.0,45438170705.0,272200274.0,2026-09-08 18:08:03
5438,2026-08-28,Walmart Inc.,WMT,Consumer,Provider_B,USD,692.7,1304421772093.0,45650304435.0,273471074.0,2026-09-08 07:48:10
5439,2026-08-28,Walmart Inc.,WMT,Consumer,Provider_C,USD,688.98,1297415163926.0,45405097093.0,272002144.0,2026-09-08 02:04:33
5440,2026-08-28,Walmart Inc.,WMT,Consumer,Provider_D,USD,690.48,1300249474651.0,45504288283.0,272596355.0,2026-09-08 15:58:22
5533,2026-08-28,Wells Fargo,WFC,Financials,Provider_A,USD,590.21,629509875125.0,11698700295.0,30229185.0,2026-09-08 15:26:57
5534,2026-08-28,Wells Fargo,WFC,Financials,Provider_B,USD,589.93,629210465728.0,11693136124.0,30214807.0,2026-09-08 12:58:37
5535,2026-08-28,Wells Fargo,WFC,Financials,Provider_C,USD,589.02,628248682343.0,11675262511.0,30168622.0,2026-09-08 12:12:48
5536,2026-08-28,Wells Fargo,WFC,Financials,Provider_D,USD,590.7,630038755744.0,11708528919.0,30254582.0,2026-09-08 18:13:04
5689,2026-08-29,AMD,AMD,Technology,Provider_A,USD,108.39,1477281951592.0,404708576058.0,181392743.0,2026-09-08 16:23:26
5690,2026-08-29,AMD,AMD,Technology,Provider_B,USD,107.2,1475820850271.0,404308300244.0,181213337.0,2026-09-08 05:39:16
5691,2026-08-29,AMD,AMD,Technology,Provider_C,USD,108.23,1475179298084.0,404132543902.0,181134562.0,2026-09-08 03:06:27
5692,2026-08-29,AMD,AMD,Technology,Provider_D,USD,,1475617912483.0,404252704450.0,181188419.0,2026-09-08 14:37:37
5781,2026-08-29,AT&T,T,Communication,Provider_A,USD,286.69,918283697026.0,383200302602.0,176856742.0,2026-09-08 14:13:31
5782,2026-08-29,AT&T,T,Communication,Provider_B,USD,287.35,920401481050.0,384084055065.0,177264616.0,2026-09-08 17:27:15
5783,2026-08-29,AT&T,T,Communication,Provider_C,USD,286.57,917891571152.0,383036668254.0,176781220.0,2026-09-08 00:11:49
5784,2026-08-29,AT&T,T,Communication,Provider_D,USD,286.75,918464051066.0,383275564444.0,176891477.0,2026-09-08 14:03:46
5717,2026-08-29,AbbVie Inc.,ABBV,Healthcare,Provider_A,USD,610.18,3923148923667.0,381084971084.0,362167725.0,2026-09-08 20:42:46
5718,2026-08-29,AbbVie Inc.,ABBV,Healthcare,Provider_B,USD,622.54,3905336378739.0,379354704581.0,360523350.0,2026-09-08 22:09:55
5719,2026-08-29,AbbVie Inc.,ABBV,Healthcare,Provider_C,USD,213.34599999999998,3919111356422.0,380692771800.0,361794995.0,2026-09-08 17:50:09
5720,2026-08-29,AbbVie Inc.,ABBV,Healthcare,Provider_D,USD,606.7,3900732030814.0,378907449625.0,360098297.0,2026-09-08 02:12:24
5677,2026-08-29,Adobe Inc.,ADBE,Technology,Provider_A,USD,37.62,2383239017933.0,437608832577.0,254008833.0,2026-09-08 08:13:10
5678,2026-08-29,Adobe Inc.,ADBE,Technology,Provider_B,USD,-37.63,2383747334214.0,437702169289.0,254063010.0,2026-09-08 10:01:34
5679,2026-08-29,Adobe Inc.,ADBE,Technology,Provider_C,USD,37.52,2376741361215.0,436415736983.0,253316304.0,2026-09-08 14:10:54
5680,2026-08-29,Adobe Inc.,ADBE,Technology,Provider_D,USD,37.56,3043711936649.0303,436831140514.0,253557424.0,2026-09-08 16:00:26
5617,2026-08-29,Alphabet Inc.,GOOGL,Communication,Provider_A,USD,493.71,2357675929909.0,321808187923.0,515473991.0,2026-09-08 00:00:23
5618,2026-08-29,Alphabet Inc.,GOOGL,Communication,Provider_B,USD,493.94,2358779075843.0,321958760523.0,515715179.0,2026-09-08 02:00:39
5619,2026-08-29,Alphabet Inc.,GOOGL,Communication,Provider_C,USD,492.77,2353158360754.0,321191567663.0,514486285.0,2026-09-08 02:01:44
5620,2026-08-29,Alphabet Inc.,GOOGL,Communication,Provider_D,USD,494.39,2360899392022.0,322248170572.0,516178757.0,2026-09-08 17:58:13
7711,2026-08-29,Alphabet Inc.,GOOGL,Communication,Provider_D,USD,494.39,2360899392022.0,322248170572.0,516178757.0,2026-09-08 17:58:13
5613,2026-08-29,Amazon.com Inc.,AMZN,Consumer,Provider_A,USD,69.14,1660135423653.0,127328449114.0,155648603.0,2026-09-08 01:11:25
5614,2026-08-29,Amazon.com Inc.,AMZN,Consumer,Provider_B,USD,69.06,1658200261488.0,127180026766.0,155467169.0,2026-09-08 10:12:31
5615,2026-08-29,Amazon.com Inc.,AMZN,Consumer,Provider_C,USD,69.23,1662263516772.0,127491668809.0,155848126.0,2026-09-08 19:47:44
5616,2026-08-29,Amazon.com Inc.,AMZN,Consumer,Provider_D,USD,69.06,1658104445832.0,127172677933.0,155458185.0,2026-09-08 04:53:12
5601,2026-08-29,Apple Inc.,AAPL,Technology,Provider_A,USD,681.94,1862963099222.0,50051103397.0,355664264.0,2026-09-08 14:59:04
5602,2026-08-29,Apple Inc.,AAPL,Technology,Provider_B,USD,683.57,,50171193348.0,356517625.0,2026-09-08 09:31:49
5603,2026-08-29,Apple Inc.,AAPL,Technology,Provider_C,USD,685.09,1871569461535.0,50282325330.0,357307332.0,2026-09-08 07:38:14
5604,2026-08-29,Apple Inc.,AAPL,Technology,Provider_D,USD,683.87,1868254826317.0,50193273030.0,356674524.0,2026-09-08 18:57:18
5729,2026-08-29,Bank of America,BAC,Financials,Provider_A,USD,62.05,358793450004.0,173665622507.0,52411885.0,2026-09-08 14:00:59
5730,2026-08-29,Bank of America,BAC,Financials,Provider_B,USD,62.11,359118449277.0,173822930844.0,,2026-09-08 11:46:44
5731,2026-08-29,Bank of America,BAC,Financials,Provider_C,USD,61.99,358424584792.0,173487081883.0,52358002.0,2026-09-08 09:07:06
5732,2026-08-29,Bank of America,BAC,Financials,Provider_D,USD,62.23,359795573516.0,174150677080.0,52558274.0,2026-09-08 12:01:46
5737,2026-08-29,Berkshire Hathaway,BRK.B,Financials,Provider_A,USD,473.04,1789066007739.0,41361845222.0,144716830.0,2026-09-08 06:53:10
5738,2026-08-29,Berkshire Hathaway,BRK.B,Financials,Provider_B,USD,471.72,1784072576851.0,41246400898.0,144312913.0,2026-09-08 15:06:27
5739,2026-08-29,Berkshire Hathaway,BRK.B,Financials,Provider_C,USD,472.28,1786167102232.0,41294824731.0,144482338.0,2026-09-08 11:03:41
5740,2026-08-29,Berkshire Hathaway,BRK.B,Financials,Provider_D,USD,472.33,2042338848408.0703,41299639366.0,144499184.0,2026-09-08 00:47:04
5757,2026-08-29,Boeing Co.,BA,Industrials,Provider_A,USD,575.33,724199335046.0,269531571762.0,53792478.0,2026-09-08 08:52:10
5758,2026-08-29,Boeing Co.,BA,Industrials,Provider_B,USD,574.13,722683274876.0,268967326449.0,53679867.0,2026-09-08 06:21:13
5759,2026-08-29,Boeing Co.,BA,Industrials,Provider_C,USD,573.87,722363089148.0,268848160139.0,53656084.0,2026-09-08 03:32:42
5760,2026-08-29,Boeing Co.,BA,Industrials,Provider_D,USD,577.62,719453856228.0,267765405594.0,53439991.0,2026-09-08 13:52:16
5665,2026-08-29,Broadcom Inc.,AVGO,Technology,Provider_A,USD,705.86,1321113926353.0,299016204394.0,77467258.0,2026-09-08 14:52:42
5666,2026-08-29,Broadcom Inc.,AVGO,Technology,Provider_B,USD,1758.425,1316453009782.0,297961269196.0,77193952.0,2026-09-08 13:48:38
5667,2026-08-29,Broadcom Inc.,AVGO,Technology,Provider_C,USD,704.23,1318059279862.0,298324826625.0,77288140.0,2026-09-08 12:36:39
5668,2026-08-29,Broadcom Inc.,AVGO,Technology,Provider_D,USD,706.12,1321593495667.0,,77495379.0,2026-09-08 12:23:49
5761,2026-08-29,Caterpillar Inc.,CAT,Industrials,Provider_A,GBP,340.24,3383893410165.0,328763577017.0,474855655.0,2026-09-08 15:47:30
5762,2026-08-29,Caterpillar Inc.,CAT,Industrials,Provider_B,GBP,338.9,3370556794241.0,327467852529.0,472984152.0,2026-09-08 22:20:41
5763,2026-08-29,Caterpillar Inc.,CAT,Industrials,Provider_C,USD,339.5,3376523721684.0,328047571856.0,473821480.0,2026-09-08 20:47:05
5764,2026-08-29,Caterpillar Inc.,CAT,Industrials,Provider_D,USD,340.33,3384813604178.0,328852978850.0,474984784.0,2026-09-08 23:32:53
5653,2026-08-29,Chevron Corp.,CVX,Energy,Provider_A,USD,227.95,3991217130882.0,396437373730.0,475627048.0,2026-09-08 05:18:34
5654,2026-08-29,Chevron Corp.,CVX,Energy,Provider_B,USD,226.89,3972609498506.0,394589125271.0,473409606.0,2026-09-08 19:30:13
5655,2026-08-29,Chevron Corp.,CVX,Energy,Provider_C,USD,227.65,3986066521167.0,395925776861.0,475013258.0,2026-09-08 17:31:43
5656,2026-08-29,Chevron Corp.,CVX,Energy,Provider_D,USD,227.66,3986150511818.0,395934119437.0,475023267.0,2026-09-08 19:23:42
5693,2026-08-29,Cisco Systems,CSCO,Technology,Provider_A,USD,75.32,882441725785.0,119616295624.0,142433698.0,2026-09-08 21:01:23
5694,2026-08-29,Cisco Systems,CSCO,Technology,Provider_B,USD,75.21,881227569343.0,119451714903.0,142237723.0,2026-09-08 11:37:08
5695,2026-08-29,Cisco Systems,CSCO,Technology,Provider_C,USD,75.54,885049512928.0,119969785071.0,142854617.0,2026-09-08 02:32:15
5696,2026-08-29,Cisco Systems,CSCO,Technology,Provider_D,USD,75.46,884093205366.0,119840156151.0,142700261.0,2026-09-08 22:32:54
5641,2026-08-29,Coca-Cola,KO,Consumer,Provider_A,USD,455.15,2810571655296.0,214824418796.0,422360265.0,2026-09-08 12:29:09
5642,2026-08-29,Coca-Cola,KO,Consumer,Provider_B,USD,456.88,2821219252636.0,215638261740.0,423960339.0,2026-09-08 14:28:13
5643,2026-08-29,Coca-Cola,KO,Consumer,Provider_C,USD,455.77,2814403016403.0,215117266666.0,422936025.0,2026-09-08 04:06:53
5644,2026-08-29,Coca-Cola,KO,Consumer,Provider_D,USD,821.214,2817239647553.0,215334082928.0,423362301.0,2026-09-08 08:01:44
5789,2026-08-29,Comcast,CMCSA,Communication,Provider_A,USD,613.85,366707740557.0,173672970596.0,66325672.0,2026-09-08 19:20:07
5790,2026-08-29,Comcast,CMCSA,Communication,Provider_B,USD,612.89,366135125061.0,173401779609.0,66222104.0,2026-09-08 07:26:22
5791,2026-08-29,Comcast,CMCSA,Communication,Provider_C,USD,615.19,367509949577.0,174052897192.0,66470766.0,2026-09-08 01:00:19
5792,2026-08-29,Comcast,CMCSA,Communication,Provider_D,USD,612.65,365992858877.0,173334402273.0,66196373.0,2026-09-08 10:18:27
5749,2026-08-29,ConocoPhillips,COP,Energy,Provider_A,USD,280.71,206899671598.0,447397228352.0,27074774.0,2026-09-08 20:46:30
5750,2026-08-29,ConocoPhillips,COP,Energy,Provider_B,USD,280.62,206831576637.0,447249980670.0,27065863.0,2026-09-08 13:35:42
5751,2026-08-29,ConocoPhillips,COP,Energy,Provider_C,USD,280.37,206645324875.0,446847232220.0,27041491.0,2026-09-08 15:31:30
5752,2026-08-29,ConocoPhillips,COP,Energy,Provider_D,USD,280.3,206599947946.0,446749109724.0,27035553.0,2026-09-08 18:33:24
5745,2026-08-29,Duke Energy,DUK,Utilities,Provider_A,USD,653.2,299029867796.0,390541495649.0,67305010.0,2026-09-08 18:37:27
5746,2026-08-29,Duke Energy,DUK,Utilities,Provider_B,USD,647.74,299335779637.0,390941025197.0,67373864.0,2026-09-08 10:50:06
5747,2026-08-29,Duke Energy,DUK,Utilities,Provider_C,USD,648.99,299912178586.0,391693818587.0,67503599.0,2026-09-08 21:57:44
7601,2026-08-29,Duke Energy,DUK,Utilities,Provider_C,USD,648.99,299912178586.0,391693818587.0,67503599.0,2026-09-08 21:57:44
5748,2026-08-29,Duke Energy,DUK,Utilities,Provider_D,USD,647.3,299129578571.0,390671720752.0,67327453.0,2026-09-08 15:32:12
5649,2026-08-29,Exxon Mobil,XOM,Energy,Provider_A,USD,43.87,1402136691683.0,96308415124.0,292099022.0,2026-09-08 21:15:03
5650,2026-08-29,Exxon Mobil,XOM,Energy,Provider_B,USD,43.84,1401307286878.0,96251445883.0,291926237.0,2026-09-08 19:02:21
5651,2026-08-29,Exxon Mobil,XOM,Energy,Provider_C,USD,43.77,1398996634101.0,96092734320.0,291444872.0,2026-09-08 09:09:52
5652,2026-08-29,Exxon Mobil,XOM,Energy,Provider_D,USD,43.84,1401291115595.0,96250335128.0,291922868.0,2026-09-08 14:19:10
5721,2026-08-29,Goldman Sachs,GS,Financials,Provider_A,USD,662.04,3768972705143.0,100118196523.0,621625637.0,2026-09-08 12:01:49
5722,2026-08-29,Goldman Sachs,GS,Financials,Provider_B,USD,661.8,3767604483593.0,100081851374.0,621399973.0,2026-09-08 05:27:08
5723,2026-08-29,Goldman Sachs,GS,Financials,Provider_C,USD,661.48,3765808273402.0,100034137225.0,621103720.0,2026-09-08 07:18:10
5724,2026-08-29,Goldman Sachs,GS,Financials,Provider_D,USD,664.67,3783923816981.0,100515354706.0,624091559.0,2026-09-08 06:01:42
5773,2026-08-29,Home Depot,HD,Consumer,Provider_A,USD,305.4,1341094984237.0,179950883733.0,115025307.0,2026-09-08 09:32:54
5774,2026-08-29,Home Depot,HD,Consumer,Provider_B,USD,304.89,1338858901092.0,-179650841497.0,114833519.0,2026-09-08 22:38:10
5775,2026-08-29,Home Depot,HD,Consumer,Provider_C,USD,304.92,1338973722631.0,179666248487.0,114843367.0,2026-09-08 21:00:46
5776,2026-08-29,Home Depot,HD,Consumer,Provider_D,USD,305.57,1341842653908.0,180051207588.0,115089434.0,2026-09-08 05:13:22
5685,2026-08-29,Intel Corp.,INTC,Technology,Provider_A,USD,173.63,2208899535804.0,208526272866.0,472163886.0,2026-09-08 03:20:07
7651,2026-08-29,Intel Corp.,INTC,Technology,Provider_A,USD,173.63,2208899535804.0,208526272866.0,472163886.0,2026-09-08 03:20:07
5686,2026-08-29,Intel Corp.,INTC,Technology,Provider_B,USD,173.08,2201922368306.0,207867608807.0,470672480.0,2026-09-08 00:36:11
5687,2026-08-29,Intel Corp.,INTC,Technology,Provider_C,USD,173.04,2201371582516.0,207815613093.0,470554747.0,2026-09-08 15:36:22
5688,2026-08-29,Intel Corp.,INTC,Technology,Provider_D,USD,173.15,2202775737994.0,207948169284.0,470854892.0,2026-09-08 19:13:43
5629,2026-08-29,JPMorgan Chase,JPM,Financials,Provider_A,USD,714.97,2172965489946.0,165544579985.0,,2026-09-08 18:20:36
5630,2026-08-29,JPMorgan Chase,JPM,Financials,Provider_B,USD,713.42,2168253703832.0,165185618623.0,239749283.0,2026-09-08 02:46:50
5631,2026-08-29,JPMorgan Chase,JPM,Financials,Provider_C,USD,715.29,2173930187123.0,165618074199.0,240376946.0,2026-09-08 11:15:49
5632,2026-08-29,JPMorgan Chase,JPM,Financials,Provider_D,USD,715.53,2174678849831.0,165675110104.0,240459728.0,2026-09-08 15:49:50
5645,2026-08-29,Johnson & Johnson,JNJ,Healthcare,Provider_A,USD,568.39,1702954483761.7346,292779482515.0,233833870.0,2026-09-08 09:13:42
5646,2026-08-29,Johnson & Johnson,JNJ,Healthcare,Provider_B,USD,568.13,1399625470736.0,292647903072.0,233728781.0,2026-09-08 06:26:56
5647,2026-08-29,Johnson & Johnson,JNJ,Healthcare,Provider_C,USD,567.64,1398408775063.0,292393503988.0,233525600.0,2026-09-08 14:36:06
5648,2026-08-29,Johnson & Johnson,JNJ,Healthcare,Provider_D,USD,566.46,1395511271620.0,291787664552.0,233041735.0,2026-09-08 11:22:42
5753,2026-08-29,Lockheed Martin,LMT,Industrials,Provider_A,USD,492.72,5584127994438.831,141356522269.0,766982420.0,2026-09-08 05:29:13
5754,2026-08-29,Lockheed Martin,LMT,Industrials,Provider_B,USD,492.06,3924298249189.0,141167408887.0,765956315.0,2026-09-08 02:15:30
5755,2026-08-29,Lockheed Martin,LMT,Industrials,Provider_C,USD,490.58,3912535188537.0,140744260419.0,763660365.0,2026-09-08 22:07:48
5756,2026-08-29,Lockheed Martin,LMT,Industrials,Provider_D,USD,492.55,3928217836971.0,141308406848.0,766721352.0,2026-09-08 00:14:48
5777,2026-08-29,Lowe's,LOW,Consumer,Provider_A,USD,388.8,1024055123323.0,329407419532.0,246035223.0,2026-09-08 00:32:57
5778,2026-08-29,Lowe's,LOW,Consumer,Provider_B,USD,388.25,1022609938143.0,328942547369.0,245688009.0,2026-09-08 05:00:16
5779,2026-08-29,Lowe's,LOW,Consumer,Provider_C,USD,388.18,1022423922284.0,328882711718.0,245643318.0,2026-09-08 07:41:02
5780,2026-08-29,Lowe's,LOW,Consumer,Provider_D,USD,388.99,1024557462496.0,329569006782.0,246155913.0,2026-09-08 17:57:47
5661,2026-08-29,Mastercard Inc.,MA,Financials,Provider_A,USD,660.04,2005657009853.0,421124085588.0,88690238.0,2026-09-08 13:15:58
5662,2026-08-29,Mastercard Inc.,MA,Financials,Provider_B,USD,660.31,2006462218194.0,421293153691.0,88725845.0,2026-09-08 22:42:32
5663,2026-08-29,Mastercard Inc.,MA,Financials,Provider_C,USD,660.77,2007868902210.0,421588512527.0,88788048.0,2026-09-08 15:23:34
5664,2026-08-29,Mastercard Inc.,MA,Financials,Provider_D,USD,661.59,2010365599058.0,422112739337.0,88898452.0,2026-09-08 16:17:36
5701,2026-08-29,McDonald's,MCD,Consumer,Provider_A,USD,609.61,1221089415689.0,442559607639.0,80759164.0,2026-09-08 03:21:32
5702,2026-08-29,McDonald's,MCD,Consumer,Provider_B,USD,610.02,1221905800067.0,442855489943.0,80813157.0,2026-09-08 23:38:21
5703,2026-08-29,McDonald's,MCD,Consumer,Provider_C,USD,612.15,1226178671361.0,444404107284.0,81095752.0,2026-09-08 22:58:59
5704,2026-08-29,McDonald's,MCD,Consumer,Provider_D,USD,611.06,1223992690581.0,443611841964.0,80951178.0,2026-09-08 09:40:48
5713,2026-08-29,Merck & Co.,MRK,Healthcare,Provider_A,USD,167.39,1992769853701.0,58272934382.0,283820613.0,2026-09-08 12:00:06
5714,2026-08-29,Merck & Co.,MRK,Healthcare,Provider_B,USD,167.99,1999890771772.0,58481165548.0,284834812.0,2026-09-08 00:33:20
5715,2026-08-29,Merck & Co.,MRK,Healthcare,Provider_C,USD,167.77,1999103298820.0,58458138123.0,284722656.0,2026-09-08 00:02:27
5716,2026-08-29,Merck & Co.,MRK,Healthcare,Provider_D,USD,168.36,2004283286967.0,58609612267.0,285460416.0,2026-09-08 05:04:27
5621,2026-08-29,Meta Platforms,META,Communication,Provider_A,USD,330.82,1725595543302.0,293094690547.0,295622317.0,2026-09-08 14:19:17
5622,2026-08-29,Meta Platforms,META,Communication,Provider_B,USD,331.58,1729537421323.0,293764223755.0,296297625.0,2026-09-08 06:34:50
5623,2026-08-29,Meta Platforms,META,Communication,Provider_C,USD,330.43,2188290355393.019,292746088852.0,295270709.0,2026-09-08 01:20:13
5624,2026-08-29,Meta Platforms,META,Communication,Provider_D,USD,330.43,1723532060165.0,292744205201.0,295268810.0,2026-09-08 23:39:09
5605,2026-08-29,Microsoft Corp.,MSFT,Technology,Provider_A,USD,211.51,3039786208495.0,64928666161.0,198035277.0,2026-09-08 05:23:44
5606,2026-08-29,Microsoft Corp.,MSFT,Technology,Provider_B,USD,211.76,3043398843716.0,65005830662.0,198270632.0,2026-09-08 23:49:08
5607,2026-08-29,Microsoft Corp.,MSFT,Technology,Provider_C,USD,212.53,3054511866803.0,65243200568.0,198994621.0,2026-09-08 22:00:35
5608,2026-08-29,Microsoft Corp.,MSFT,Technology,Provider_D,USD,211.83,3044423158662.0,65027709636.0,198337364.0,2026-09-08 08:00:11
5725,2026-08-29,Morgan Stanley,MS,Financials,Provider_A,USD,70.55,1925212565249.0,230105927196.0,115638279.0,2026-09-08 03:56:49
7633,2026-08-29,Morgan Stanley,MS,Financials,Provider_A,USD,70.55,1925212565249.0,230105927196.0,115638279.0,2026-09-08 03:56:49
5726,2026-08-29,Morgan Stanley,MS,Financials,Provider_B,USD,70.64,1927620457425.0,230393724124.0,115782909.0,2026-09-08 16:38:23
5727,2026-08-29,Morgan Stanley,MS,Financials,Provider_C,USD,70.56,2570438734746.091,230146217946.0,115658527.0,2026-09-08 01:05:18
5728,2026-08-29,Morgan Stanley,MS,Financials,Provider_D,USD,70.58,1926035172893.0,230204247193.0,115687689.0,2026-09-08 05:08:13
5609,2026-08-29,NVIDIA Corp.,NVDA,Technology,Provider_A,USD,217.92,211152286886.0,-256968520077.0,9878744.0,2026-09-08 05:14:42
5610,2026-08-29,NVIDIA Corp.,NVDA,Technology,Provider_B,USD,217.31,210563148501.0,256251549301.0,9851181.0,2026-09-08 19:18:55
5611,2026-08-29,NVIDIA Corp.,NVDA,Technology,Provider_C,USD,218.5,211718410257.0,257657481996.0,9905230.0,2026-09-08 14:51:25
5612,2026-08-29,NVIDIA Corp.,NVDA,Technology,Provider_D,USD,218.17,211399155936.0,257268955253.0,9890293.0,2026-09-08 00:11:47
5673,2026-08-29,Netflix Inc.,NFLX,Communication,Provider_A,USD,252.84,1711012030899.0,140119448569.0,187947084.0,2026-09-08 02:57:03
5674,2026-08-29,Netflix Inc.,NFLX,Communication,Provider_B,USD,253.05,1712426510751.0,140235284187.0,188102458.0,2026-09-08 00:09:18
5675,2026-08-29,Netflix Inc.,NFLX,Communication,Provider_C,USD,253.01,1712206832884.0,140217294167.0,188078328.0,2026-09-08 11:15:58
5676,2026-08-29,Netflix Inc.,NFLX,Communication,Provider_D,USD,253.09,1712753947847.0,140262098906.0,188138426.0,2026-09-08 22:27:43
5741,2026-08-29,NextEra Energy,NEE,Utilities,Provider_A,USD,47.49,2641486934753.0,415528721737.0,635578200.0,2026-09-08 20:26:38
5742,2026-08-29,NextEra Energy,NEE,Utilities,Provider_B,USD,47.46,2639367656182.0,415195340904.0,635068273.0,2026-09-08 20:53:41
5743,2026-08-29,NextEra Energy,NEE,Utilities,Provider_C,USD,47.54,2644064779057.0,415934238923.0,636198465.0,2026-09-08 03:02:56
5744,2026-08-29,NextEra Energy,NEE,Utilities,Provider_D,USD,47.57,2645981836385.0,416235808608.0,636659736.0,2026-09-08 10:01:58
5705,2026-08-29,Nike Inc.,NKE,Consumer,Provider_A,USD,374.25,1101902985015.0,357949773304.0,92702747.0,2026-09-08 07:12:30
5706,2026-08-29,Nike Inc.,NKE,Consumer,Provider_B,USD,374.94,1103927384580.0,358607393236.0,92873059.0,2026-09-08 04:00:43
5707,2026-08-29,Nike Inc.,NKE,Consumer,Provider_C,USD,375.83,1106561531481.0,359463087701.0,93094669.0,2026-09-08 10:40:09
5708,2026-08-29,Nike Inc.,NKE,Consumer,Provider_D,USD,375.84,1106587983035.0,359471680407.0,93096895.0,2026-09-08 10:23:23
5669,2026-08-29,Oracle Corp.,ORCL,Technology,Provider_A,USD,538.43,1536883101848.0,368639213150.0,323105921.0,2026-09-08 03:45:17
5670,2026-08-29,Oracle Corp.,ORCL,Technology,Provider_B,USD,537.36,1533843006194.0,,322466788.0,2026-09-08 06:31:32
5671,2026-08-29,Oracle Corp.,ORCL,Technology,Provider_C,USD,538.23,1536309298477.0,368501579765.0,322985288.0,2026-09-08 06:55:12
5672,2026-08-29,Oracle Corp.,ORCL,Technology,Provider_D,USD,538.92,1538293227207.0,368977448050.0,323402378.0,2026-09-08 03:34:23
5697,2026-08-29,PepsiCo,PEP,Consumer,Provider_A,USD,236.74,3338211586111.0,408554859957.0,219279554.0,2026-09-08 13:40:21
5698,2026-08-29,PepsiCo,PEP,Consumer,Provider_B,USD,236.33,3332420178163.0,407846064902.0,218899129.0,2026-09-08 20:32:50
7632,2026-08-29,PepsiCo,PEP,Consumer,Provider_B,USD,236.33,3332420178163.0,407846064902.0,218899129.0,2026-09-08 20:32:50
5699,2026-08-29,PepsiCo,PEP,Consumer,Provider_C,USD,236.34,3332643815313.0,407873435260.0,218913820.0,2026-09-08 03:31:20
5700,2026-08-29,PepsiCo,PEP,Consumer,Provider_D,USD,236.7,3337672045958.0,408488827069.0,219244113.0,2026-09-08 01:56:24
5709,2026-08-29,Pfizer Inc.,PFE,Healthcare,Provider_A,USD,228.6,3737420883023.0,199818565757.0,488224398.0,2026-09-08 02:08:06
5710,2026-08-29,Pfizer Inc.,PFE,Healthcare,Provider_B,USD,228.69,3738875723247.0,199896347762.0,488414446.0,2026-09-08 04:59:32
5711,2026-08-29,Pfizer Inc.,PFE,Healthcare,Provider_C,USD,228.65,3738223773385.0,199861491723.0,488329281.0,2026-09-08 18:48:36
5712,2026-08-29,Pfizer Inc.,PFE,Healthcare,Provider_D,USD,227.8,3724202713285.0,199111865655.0,486497690.0,2026-09-08 13:07:29
5657,2026-08-29,Procter & Gamble,PG,Consumer,Provider_A,USD,717.72,3141922348050.0,65661020578.0,270976278.0,2026-09-08 03:09:25
5658,2026-08-29,Procter & Gamble,PG,Consumer,Provider_B,USD,713.9,3125206244047.0,65311681439.0,269534591.0,2026-09-08 10:46:13
5659,2026-08-29,Procter & Gamble,PG,Consumer,Provider_C,USD,714.34,3127156271091.0,65352433803.0,269702772.0,2026-09-08 22:19:47
5660,2026-08-29,Procter & Gamble,PG,Consumer,Provider_D,EUR,715.9,3133957742602.0,65494573395.0,270289368.0,2026-09-08 06:42:58
5793,2026-08-29,Qualcomm,QCOM,Technology,Provider_A,USD,501.03,2433153016611.0,60041606615.0,480516081.0,2026-09-08 01:27:18
5794,2026-08-29,Qualcomm,QCOM,Technology,Provider_B,USD,502.65,2440988675817.0,60234962957.0,482063522.0,2026-09-08 03:20:56
5795,2026-08-29,Qualcomm,QCOM,Technology,Provider_C,USD,502.97,2442563302467.0,60273819171.0,482374490.0,2026-09-08 20:24:14
5796,2026-08-29,Qualcomm,QCOM,Technology,Provider_D,USD,504.25,2448769253217.0,60426960075.0,483600085.0,2026-09-08 09:09:55
5681,2026-08-29,Salesforce Inc.,CRM,Technology,Provider_A,USD,591.31,3260967700408.0,55536739769.0,509611599.0,2026-09-08 22:47:30
5682,2026-08-29,Salesforce Inc.,CRM,Technology,Provider_B,USD,591.39,3261403778487.0,55544166508.0,509679748.0,2026-09-08 05:49:29
5683,2026-08-29,Salesforce Inc.,CRM,Technology,Provider_C,USD,591.03,3259442496222.0,55510764391.0,509373246.0,2026-09-08 02:15:58
5684,2026-08-29,Salesforce Inc.,CRM,Technology,Provider_D,USD,592.53,3267672389673.0,55650925685.0,510659383.0,2026-09-08 05:41:17
5625,2026-08-29,Tesla Inc.,TSLA,Automotive,Provider_A,USD,430.26,3202452119015.0,184992529339.0,247442146.0,2026-09-08 10:48:02
5626,2026-08-29,Tesla Inc.,TSLA,Automotive,Provider_B,USD,430.86,3206930356819.0,185251218776.0,247788164.0,2026-09-08 11:58:47
5627,2026-08-29,Tesla Inc.,TSLA,Automotive,Provider_C,USD,432.26,3217308409284.0,185850716319.0,248590039.0,2026-09-08 23:40:28
5628,2026-08-29,Tesla Inc.,TSLA,Automotive,Provider_D,USD,430.64,3205271570127.0,185155397470.0,247659995.0,2026-09-08 22:56:58
5797,2026-08-29,Texas Instruments,TXN,Technology,Provider_A,USD,137.08,3674200708491.0,312712037609.0,214599342.0,2026-09-08 15:49:07
5798,2026-08-29,Texas Instruments,TXN,Technology,Provider_B,USD,136.74,3665263366865.0,-311951378480.0,214077338.0,2026-09-08 14:47:05
5799,2026-08-29,Texas Instruments,TXN,Technology,Provider_C,USD,136.65,3662772631807.0,311739391466.0,213931862.0,2026-09-08 10:30:51
5800,2026-08-29,Texas Instruments,TXN,Technology,Provider_D,USD,136.77,3665905725394.0,312006049756.0,214114857.0,2026-09-08 00:45:39
5769,2026-08-29,UPS,UPS,Industrials,Provider_A,USD,128.31,2105689278076.0,96117173419.0,214957334.0,2026-09-08 12:27:13
5770,2026-08-29,UPS,UPS,Industrials,Provider_B,USD,64.04,2102028600316.0,95950076591.0,214583637.0,2026-09-08 13:08:50
5771,2026-08-29,UPS,UPS,Industrials,Provider_C,USD,127.95,2099926685583.0,95854131712.0,214369065.0,2026-09-08 09:15:33
5772,2026-08-29,UPS,UPS,Industrials,Provider_D,USD,128.33,2106054165999.0,96133829246.0,214994584.0,2026-09-08 16:40:13
5765,2026-08-29,Union Pacific,UNP,Industrials,Provider_A,USD,130.82,3557042753314.0,380278284237.0,233887925.0,2026-09-08 11:47:14
5766,2026-08-29,Union Pacific,UNP,Industrials,Provider_B,USD,130.3,3542758184775.0,378751141722.0,232948665.0,2026-09-08 22:19:06
5767,2026-08-29,Union Pacific,UNP,Industrials,Provider_C,USD,129.98,3533980144330.0,377812694143.0,232371479.0,2026-09-08 02:36:06
5768,2026-08-29,Union Pacific,UNP,Industrials,Provider_D,USD,130.04,3535756226754.0,378002572541.0,232488262.0,2026-09-08 05:04:05
5785,2026-08-29,Verizon,VZ,Communication,Provider_A,USD,622.12,3881143676144.0,30313593370.0,344776530.0,2026-09-08 08:09:47
5786,2026-08-29,Verizon,VZ,Communication,Provider_B,USD,623.31,3888514929658.0,30371166395.0,345431346.0,2026-09-08 04:16:05
5787,2026-08-29,Verizon,VZ,Communication,Provider_C,USD,622.49,3883434239726.0,30331483770.0,344980010.0,2026-09-08 06:12:02
7664,2026-08-29,Verizon,VZ,Communication,Provider_C,USD,622.49,3883434239726.0,30331483770.0,344980010.0,2026-09-08 06:12:02
5788,2026-08-29,Verizon,VZ,Communication,Provider_D,USD,622.03,3880560465136.0,30309038213.0,344724721.0,2026-09-08 02:13:26
5633,2026-08-29,Visa Inc.,V,Financials,Provider_A,USD,131.44,1088715802046.0,76268032386.0,169236402.0,2026-09-08 02:49:13
5634,2026-08-29,Visa Inc.,V,Financials,Provider_B,USD,131.34,1087875526908.0,76209168418.0,169105785.0,2026-09-08 02:05:31
5635,2026-08-29,Visa Inc.,V,Financials,Provider_C,USD,131.27,1087351138420.0,76172433324.0,169024270.0,2026-09-08 06:55:43
5636,2026-08-29,Visa Inc.,V,Financials,Provider_D,USD,131.45,1088820909888.0,76275395527.0,169252740.0,2026-09-08 11:09:02
5637,2026-08-29,Walmart Inc.,WMT,Consumer,Provider_A,USD,686.47,1302044682157.0,45581341073.0,313202073.0,2026-09-08 10:32:43
5638,2026-08-29,Walmart Inc.,WMT,Consumer,Provider_B,USD,687.62,1304226692192.0,45657727809.0,313726947.0,2026-09-08 10:56:23
5639,2026-08-29,Walmart Inc.,WMT,Consumer,Provider_C,USD,683.31,1296050991585.0,45371516896.0,311760313.0,2026-09-08 17:31:07
5640,2026-08-29,Walmart Inc.,WMT,Consumer,Provider_D,USD,685.78,1300732154475.0,45535392748.0,312886349.0,2026-09-08 22:10:42
5733,2026-08-29,Wells Fargo,WFC,Financials,Provider_A,USD,575.44,628246444981.0,11675725910.0,146118924.0,2026-09-08 12:22:18
5734,2026-08-29,Wells Fargo,WFC,Financials,Provider_B,USD,574.88,627640044380.0,11664456180.0,145977886.0,2026-09-08 10:10:12
5735,2026-08-29,Wells Fargo,WFC,Financials,Provider_C,USD,575.65,628482331740.0,11680109777.0,146173787.0,2026-09-08 16:31:22
5736,2026-08-29,Wells Fargo,WFC,Financials,Provider_D,USD,576.59,629503301509.0,11699084119.0,146411246.0,INVALID_TIMESTAMP
5889,2026-08-30,AMD,AMD,Technology,Provider_A,USD,108.73,1475017251886.0,404577126970.0,339800859.0,2026-09-08 18:26:05
5890,2026-08-30,AMD,AMD,Technology,Provider_B,USD,108.38,1470403238565.0,403311566007.0,338737925.0,2026-09-08 18:15:07
5891,2026-08-30,AMD,AMD,Technology,Provider_C,USD,108.89,1477199054970.0,405175565817.0,340303483.0,2026-09-08 20:03:36
5892,2026-08-30,AMD,AMD,Technology,Provider_D,USD,108.32,1469575736108.0,403084593362.0,338547293.0,2026-09-08 02:27:03
5981,2026-08-30,AT&T,T,Communication,Provider_A,USD,285.94,920849934061.0,383485680959.0,148050530.0,2026-09-08 13:51:59
5982,2026-08-30,AT&T,T,Communication,Provider_B,USD,286.09,921340044990.0,383689786445.0,148129328.0,2026-09-08 22:42:55
5983,2026-08-30,AT&T,T,Communication,Provider_C,USD,286.11,921415686152.0,383721287020.0,148141490.0,2026-09-08 02:00:07
7681,2026-08-30,AT&T,T,Communication,Provider_C,USD,286.11,921415686152.0,383721287020.0,148141490.0,2026-09-08 02:00:07
5984,2026-08-30,AT&T,T,Communication,Provider_D,USD,286.15,921537272762.0,383771921463.0,148161038.0,2026-09-08 17:56:34
5917,2026-08-30,AbbVie Inc.,ABBV,Healthcare,Provider_A,USD,617.52,3926228875749.0,381343641671.0,973043619.0,2026-09-08 11:47:48
5918,2026-08-30,AbbVie Inc.,ABBV,Healthcare,Provider_B,USD,615.11,3910913355943.0,379856088021.0,969247949.0,2026-09-08 11:09:21
5919,2026-08-30,AbbVie Inc.,ABBV,Healthcare,Provider_C,USD,615.87,3915733939348.0,380324297819.0,970442642.0,2026-09-08 17:14:00
5920,2026-08-30,AbbVie Inc.,ABBV,Healthcare,Provider_D,USD,616.08,3917049718147.0,380452095738.0,970768733.0,2026-09-08 17:34:41
5877,2026-08-30,Adobe Inc.,ADBE,Technology,Provider_A,USD,37.63,2380761489643.0,437486836803.0,446670279.0,2026-09-08 22:42:49
7696,2026-08-30,Adobe Inc.,ADBE,Technology,Provider_A,USD,37.63,2380761489643.0,437486836803.0,446670279.0,2026-09-08 22:42:49
5878,2026-08-30,Adobe Inc.,ADBE,Technology,Provider_B,USD,37.53,2374460147326.0,436328907153.0,445488043.0,2026-09-08 09:18:07
5879,2026-08-30,Adobe Inc.,ADBE,Technology,Provider_C,USD,37.51,2373372200988.0,436128987000.0,445283926.0,2026-09-08 08:17:02
5880,2026-08-30,Adobe Inc.,ADBE,Technology,Provider_D,USD,37.64,2381382558236.0,437600963873.0,446786802.0,2026-09-08 22:30:29
5817,2026-08-30,Alphabet Inc.,GOOGL,Communication,Provider_A,USD,491.57,2354923575770.0,321507790834.0,494362295.0,2026-09-08 17:27:39
5818,2026-08-30,Alphabet Inc.,GOOGL,Communication,Provider_B,USD,492.76,2360647107822.0,322289200543.0,495563819.0,2026-09-08 20:57:55
5819,2026-08-30,Alphabet Inc.,GOOGL,Communication,Provider_C,USD,492.03,2357141508895.0,321810595896.0,494827899.0,2026-09-08 04:43:23
5820,2026-08-30,Alphabet Inc.,GOOGL,Communication,Provider_D,USD,491.49,2354563841139.0,321458677781.0,494286776.0,2026-09-08 15:23:56
5813,2026-08-30,Amazon.com Inc.,AMZN,Consumer,Provider_A,USD,69.96,1655343585247.0,127199853085.0,240498232.0,2026-09-08 00:28:29
5814,2026-08-30,Amazon.com Inc.,AMZN,Consumer,Provider_B,USD,70.05,1657538628181.0,127368524496.0,240817141.0,2026-09-08 10:54:25
5815,2026-08-30,Amazon.com Inc.,AMZN,Consumer,Provider_C,USD,69.23,1659714947571.0,127535757154.0,241133329.0,2026-09-08 03:42:27
5816,2026-08-30,Amazon.com Inc.,AMZN,Consumer,Provider_D,USD,70.06,1657675509550.0,127379042730.0,240837028.0,2026-09-08 07:24:52
5801,2026-08-30,Apple Inc.,AAPL,Technology,Provider_A,USD,684.69,1869949033961.0,50238868372.0,224111409.0,2026-09-08 14:43:23
5802,2026-08-30,Apple Inc.,AAPL,Technology,Provider_B,USD,682.77,1864708209288.0,50098066085.0,223483302.0,2026-09-08 22:47:19
5803,2026-08-30,Apple Inc.,AAPL,Technology,Provider_C,USD,683.69,2096304901891.1702,50165477170.0,223784017.0,2026-09-08 07:03:23
5804,2026-08-30,Apple Inc.,AAPL,Technology,Provider_D,USD,684.06,1868220116835.0,50192418528.0,,2026-09-08 08:34:52
5929,2026-08-30,Bank of America,BAC,Financials,Provider_A,USD,61.32,357482995451.0,173293422017.0,34950394.0,2026-09-08 23:41:30
5930,2026-08-30,Bank of America,BAC,Financials,Provider_B,USD,61.3,357361805270.0,173234673877.0,34938545.0,2026-09-08 04:48:56
5931,2026-08-30,Bank of America,BAC,Financials,Provider_C,USD,-61.37,357799102373.0,173446657978.0,34981299.0,2026-09-08 04:36:42
5932,2026-08-30,Bank of America,BAC,Financials,Provider_D,USD,61.55,358847384742.0,173954823237.0,35083787.0,2026-09-08 10:00:32
5937,2026-08-30,Berkshire Hathaway,BRK.B,Financials,Provider_A,USD,165.487,1786870502135.0,41295495645.0,89173613.0,2026-09-08 06:32:57
5938,2026-08-30,Berkshire Hathaway,BRK.B,Financials,Provider_B,USD,473.23,1788426175297.0,41331448051.0,89251249.0,2026-09-08 09:46:27
5939,2026-08-30,Berkshire Hathaway,BRK.B,Financials,Provider_C,USD,472.58,1785966989082.0,41274614994.0,89128524.0,2026-09-08 12:25:30
5940,2026-08-30,Berkshire Hathaway,BRK.B,Financials,Provider_D,USD,473.03,1787688631655.0,41314403038.0,89214442.0,2026-09-08 05:08:53
5957,2026-08-30,Boeing Co.,BA,Industrials,Provider_A,USD,577.15,722238234547.0,268822028399.0,67290020.0,2026-09-08 21:03:31
5958,2026-08-30,Boeing Co.,BA,Industrials,Provider_B,USD,577.34,722478666207.0,268911518713.0,67312421.0,2026-09-08 03:22:14
5959,2026-08-30,Boeing Co.,BA,Industrials,Provider_C,USD,577.12,722200952116.0,268808151622.0,67286547.0,2026-09-08 06:59:36
5960,2026-08-30,Boeing Co.,BA,Industrials,Provider_D,USD,,722509114714.0,268922851856.0,67315258.0,2026-09-08 21:10:40
5865,2026-08-30,Broadcom Inc.,AVGO,Technology,Provider_A,USD,711.77,1321349348579.0,298736131244.0,303026533.0,2026-09-08 15:14:36
5866,2026-08-30,Broadcom Inc.,AVGO,Technology,Provider_B,USD,711.46,1320782710044.0,298608023258.0,302896585.0,2026-09-08 14:10:51
5867,2026-08-30,Broadcom Inc.,AVGO,Technology,Provider_C,USD,711.85,1321511129990.0,298772707456.0,303063634.0,2026-09-08 13:52:01
5868,2026-08-30,Broadcom Inc.,AVGO,Technology,Provider_D,USD,710.95,1319827163994.0,298391989451.0,302677448.0,2026-09-08 23:59:04
5961,2026-08-30,Caterpillar Inc.,CAT,Industrials,Provider_A,USD,333.67,3378130544005.0,328116728659.0,258548843.0,2026-09-08 07:44:47
5962,2026-08-30,Caterpillar Inc.,CAT,Industrials,Provider_B,USD,333.24,3373767732136.0,,258214931.0,2026-09-08 00:11:13
5963,2026-08-30,Caterpillar Inc.,CAT,Industrials,Provider_C,USD,334.04,3381880093141.0,328480921156.0,258835819.0,2026-09-08 00:00:15
5964,2026-08-30,Caterpillar Inc.,CAT,Industrials,Provider_D,USD,333.51,3376477231781.0,327956142977.0,258422305.0,2026-09-08 08:02:56
5853,2026-08-30,Chevron Corp.,CVX,Energy,Provider_A,USD,223.46,3981149002011.0,395494306138.0,563990477.0,2026-09-08 10:47:53
5854,2026-08-30,Chevron Corp.,CVX,Energy,Provider_B,USD,223.33,3978807818836.0,395261728906.0,563658813.0,2026-09-08 06:56:18
5855,2026-08-30,Chevron Corp.,CVX,Energy,Provider_C,USD,,3980499138926.0,395429747603.0,563898414.0,2026-09-08 05:48:34
5856,2026-08-30,Chevron Corp.,CVX,Energy,Provider_D,USD,224.05,3991722511388.0,396544697056.0,565488376.0,2026-09-08 11:10:45
5893,2026-08-30,Cisco Systems,CSCO,Technology,Provider_A,USD,75.67,882619433580.0,119735683373.0,188212167.0,2026-09-08 01:54:31
5894,2026-08-30,Cisco Systems,CSCO,Technology,Provider_B,USD,75.72,883214042661.0,119816347725.0,188338963.0,2026-09-08 03:34:12
5895,2026-08-30,Cisco Systems,CSCO,Technology,Provider_C,USD,75.58,881628699263.0,119601280882.0,188000901.0,2026-09-08 16:05:44
5896,2026-08-30,Cisco Systems,CSCO,Technology,Provider_D,USD,75.8,884123385908.0,119939708747.0,188532874.0,2026-09-08 02:17:27
5841,2026-08-30,Coca-Cola,KO,Consumer,Provider_A,USD,457.58,2820424561485.0,215731894850.0,233669752.0,2026-09-08 10:02:34
5842,2026-08-30,Coca-Cola,KO,Consumer,Provider_B,USD,457.24,2818334210399.0,215572005660.0,233496569.0,2026-09-08 22:48:43
5843,2026-08-30,Coca-Cola,KO,Consumer,Provider_C,USD,457.63,2820733873626.0,215755553875.0,233695379.0,2026-09-08 03:56:19
5844,2026-08-30,Coca-Cola,KO,Consumer,Provider_D,USD,456.06,2811079977944.0,215017135540.0,232895562.0,2026-09-08 05:06:30
5989,2026-08-30,Comcast,CMCSA,Communication,Provider_A,USD,627.23,366101743022.0,173552448460.0,50456561.0,2026-09-08 14:43:10
5990,2026-08-30,Comcast,CMCSA,Communication,Provider_B,USD,628.55,366873984347.0,173918533504.0,50562992.0,2026-09-08 09:13:42
5991,2026-08-30,Comcast,CMCSA,Communication,Provider_C,USD,627.27,497832696885.1513,173562228719.0,50459405.0,2026-09-08 17:27:42
5992,2026-08-30,Comcast,CMCSA,Communication,Provider_D,USD,627.96,366525819542.0,173753484155.0,50515008.0,2026-09-08 23:39:36
5949,2026-08-30,ConocoPhillips,COP,Energy,Provider_A,USD,284.37,207014153148.0,447472730153.0,43755765.0,2026-09-08 13:46:56
5950,2026-08-30,ConocoPhillips,COP,Energy,Provider_B,USD,284.39,207027964309.0,447502583755.0,43758685.0,2026-09-08 15:29:20
5951,2026-08-30,ConocoPhillips,COP,Energy,Provider_C,USD,284.55,207149541317.0,447765379292.0,43784382.0,2026-09-08 14:22:31
5952,2026-08-30,ConocoPhillips,COP,Energy,Provider_D,USD,284.33,206984648372.0,447408953922.0,43749529.0,2026-09-08 22:39:51
5945,2026-08-30,Duke Energy,DUK,Utilities,Provider_A,USD,648.14,299439260237.0,390478711530.0,40079674.0,2026-09-08 08:15:13
5946,2026-08-30,Duke Energy,DUK,Utilities,Provider_B,USD,648.0,299376162097.0,390396429465.0,40071228.0,2026-09-08 22:47:20
5947,2026-08-30,Duke Energy,DUK,Utilities,Provider_C,USD,645.9,298407593165.0,389133383503.0,39941586.0,2026-09-08 09:23:44
5948,2026-08-30,Duke Energy,DUK,Utilities,Provider_D,USD,648.49,299604294894.0,390693922188.0,40101764.0,2026-09-08 18:31:46
5849,2026-08-30,Exxon Mobil,XOM,Energy,Provider_A,USD,43.55,1398793834879.0,96002797124.0,80778194.0,2026-09-08 14:31:10
5850,2026-08-30,Exxon Mobil,XOM,Energy,Provider_B,USD,43.64,1401649807004.0,96198809792.0,80943122.0,2026-09-08 09:59:00
5851,2026-08-30,Exxon Mobil,XOM,Energy,Provider_C,USD,43.63,1401248177095.0,96171244905.0,80919929.0,2026-09-08 02:16:07
5852,2026-08-30,Exxon Mobil,XOM,Energy,Provider_D,USD,43.72,1404154231993.0,96370694882.0,81087749.0,2026-09-08 02:45:19
5921,2026-08-30,Goldman Sachs,GS,Financials,Provider_A,USD,674.86,3773310430265.0,100294580123.0,831582214.0,2026-09-08 00:52:04
5922,2026-08-30,Goldman Sachs,GS,Financials,Provider_B,USD,674.61,3771914213656.0,100257468690.0,831274508.0,2026-09-08 21:43:58
5923,2026-08-30,Goldman Sachs,GS,Financials,Provider_C,EUR,675.05,3774412434547.0,100323871394.0,831825079.0,2026-09-08 17:15:26
5924,2026-08-30,Goldman Sachs,GS,Financials,Provider_D,USD,674.74,3772652600321.0,100277095005.0,831437238.0,2026-09-08 18:54:47
5973,2026-08-30,Home Depot,HD,Consumer,Provider_A,USD,307.21,1584295294678.9453,179881874591.0,192283507.0,2026-09-08 12:08:05
5974,2026-08-30,Home Depot,HD,Consumer,Provider_B,USD,307.77,1341986522423.0,180209832900.0,192634076.0,2026-09-08 09:06:43
5975,2026-08-30,Home Depot,HD,Consumer,Provider_C,USD,306.54,-1336622072057.0,179489462995.0,191864041.0,2026-09-08 01:22:17
5976,2026-08-30,Home Depot,HD,Consumer,Provider_D,USD,306.15,1334934060409.0,179262786875.0,191621738.0,2026-09-08 18:16:29
5885,2026-08-30,Intel Corp.,INTC,Technology,Provider_A,USD,176.83,2202688897919.0,208217735352.0,474705933.0,2026-09-08 20:10:25
5886,2026-08-30,Intel Corp.,INTC,Technology,Provider_B,USD,176.05,2192909699566.0,207293318592.0,472598398.0,2026-09-08 03:31:18
5887,2026-08-30,Intel Corp.,INTC,Technology,Provider_C,USD,176.47,2198135174767.0,207787276960.0,473724551.0,2026-09-08 09:34:47
5888,2026-08-30,Intel Corp.,INTC,Technology,Provider_D,USD,176.4,2197341321492.0,207712234891.0,473553466.0,2026-09-08 21:25:43
5829,2026-08-30,JPMorgan Chase,JPM,Financials,Provider_A,USD,702.9,2170160486510.0,165439851799.0,256588203.0,2026-09-08 00:37:45
7693,2026-08-30,JPMorgan Chase,JPM,Financials,Provider_A,USD,702.9,2170160486510.0,165439851799.0,256588203.0,2026-09-08 00:37:45
5830,2026-08-30,JPMorgan Chase,JPM,Financials,Provider_B,USD,713.42,2169068947933.0,165356639529.0,256459146.0,2026-09-08 16:06:13
5831,2026-08-30,JPMorgan Chase,JPM,Financials,Provider_C,USD,704.55,2175249744225.0,165827825890.0,257189930.0,2026-09-08 16:24:38
5832,2026-08-30,JPMorgan Chase,JPM,Financials,Provider_D,USD,706.24,2180452577302.0,166224458277.0,257805085.0,2026-09-08 20:02:28
5845,2026-08-30,Johnson & Johnson,JNJ,Healthcare,Provider_A,USD,561.73,1399324742104.0,292615054016.0,297335673.0,2026-09-08 17:24:55
5846,2026-08-30,Johnson & Johnson,JNJ,Healthcare,Provider_B,USD,561.98,1399948934658.0,292745579928.0,297468305.0,2026-09-08 05:40:18
7619,2026-08-30,Johnson & Johnson,JNJ,Healthcare,Provider_B,USD,561.98,1399948934658.0,292745579928.0,297468305.0,2026-09-08 05:40:18
5847,2026-08-30,Johnson & Johnson,JNJ,Healthcare,Provider_C,USD,561.38,1398459988102.0,292434223912.0,297151926.0,2026-09-08 12:22:31
5848,2026-08-30,Johnson & Johnson,JNJ,Healthcare,Provider_D,USD,563.03,1402563330515.0,293292280463.0,298023825.0,2026-09-08 17:46:48
5953,2026-08-30,Lockheed Martin,LMT,Industrials,Provider_A,USD,167.74099999999999,3908127778727.0,140850268429.0,395913176.0,2026-09-08 18:30:25
5954,2026-08-30,Lockheed Martin,LMT,Industrials,Provider_B,USD,479.85,3912936214118.0,141023566093.0,396400295.0,2026-09-08 11:45:36
5955,2026-08-30,Lockheed Martin,LMT,Industrials,Provider_C,USD,480.08,3914825526026.0,141091657544.0,396591692.0,2026-09-08 20:24:35
5956,2026-08-30,Lockheed Martin,LMT,Industrials,Provider_D,USD,479.88,3913218739028.0,141033748388.0,396428916.0,2026-09-08 09:28:58
5977,2026-08-30,Lowe's,LOW,Consumer,Provider_A,USD,395.49,1026729229088.0,329769243340.0,71861056.0,2026-09-08 22:43:28
5978,2026-08-30,Lowe's,LOW,Consumer,Provider_B,USD,395.93,1027860285487.0,330132520826.0,71940219.0,2026-09-08 17:45:02
5979,2026-08-30,Lowe's,LOW,Consumer,Provider_C,USD,394.62,1024476968052.0,329045852599.0,71703420.0,2026-09-08 09:32:22
5980,2026-08-30,Lowe's,LOW,Consumer,Provider_D,USD,394.97,1025371441988.0,329333143527.0,71766024.0,2026-09-08 08:59:15
5861,2026-08-30,Mastercard Inc.,MA,Financials,Provider_A,USD,656.45,2001652906528.0,420559589753.0,213272153.0,2026-09-08 14:59:16
5862,2026-08-30,Mastercard Inc.,MA,Financials,Provider_B,USD,660.31,2002195440015.0,420673579377.0,213329958.0,2026-09-08 14:47:08
5863,2026-08-30,Mastercard Inc.,MA,Financials,Provider_C,USD,656.98,2003276731262.0,420900765320.0,213445168.0,2026-09-08 16:46:57
5864,2026-08-30,Mastercard Inc.,MA,Financials,Provider_D,USD,657.17,2003858960119.0,421023095185.0,213507203.0,2026-09-08 08:37:36
5901,2026-08-30,McDonald's,MCD,Consumer,Provider_A,USD,620.97,1226773364135.0,443567132781.0,177782473.0,2026-09-08 09:31:49
5902,2026-08-30,McDonald's,MCD,Consumer,Provider_B,USD,618.15,1221206393105.0,441554270870.0,176975715.0,2026-09-08 10:59:38
5903,2026-08-30,McDonald's,MCD,Consumer,Provider_C,USD,617.97,1220861346137.0,441429511482.0,176925711.0,2026-09-08 01:21:11
5904,2026-08-30,McDonald's,MCD,Consumer,Provider_D,USD,621.67,1228160370386.0,444068635670.0,177983477.0,2026-09-08 18:06:44
5913,2026-08-30,Merck & Co.,MRK,Healthcare,Provider_A,USD,166.78,1996176787801.0,58473165767.0,194106951.0,2026-09-08 23:44:04
5914,2026-08-30,Merck & Co.,MRK,Healthcare,Provider_B,USD,166.57,1993625847853.0,58398442157.0,193858899.0,2026-09-08 21:18:40
5915,2026-08-30,Merck & Co.,MRK,Healthcare,Provider_C,USD,166.7,1995166272123.0,58443565157.0,194008689.0,2026-09-08 05:04:07
5916,2026-08-30,Merck & Co.,MRK,Healthcare,Provider_D,INR,166.85,1996964957901.0,58496253301.0,194183592.0,2026-09-08 00:32:46
5821,2026-08-30,Meta Platforms,META,Communication,Provider_A,USD,332.61,1729360015253.0,293546989991.0,400579306.0,2026-09-08 00:48:45
5822,2026-08-30,Meta Platforms,META,Communication,Provider_B,USD,332.35,1728033343017.0,293321796487.0,400272003.0,2026-09-08 09:42:38
5823,2026-08-30,Meta Platforms,META,Communication,Provider_C,USD,331.46,1723380498339.0,292532008046.0,399194244.0,2026-09-08 20:37:31
5824,2026-08-30,Meta Platforms,META,Communication,Provider_D,USD,331.34,1722782772660.0,292430548216.0,399055790.0,2026-09-08 05:30:26
5805,2026-08-30,Microsoft Corp.,MSFT,Technology,Provider_A,USD,209.67,3060991231644.0,65295113167.0,160296665.0,2026-09-08 11:00:36
5806,2026-08-30,Microsoft Corp.,MSFT,Technology,Provider_B,USD,208.75,3047594908896.0,65009351352.0,159595132.0,2026-09-08 23:05:03
5807,2026-08-30,Microsoft Corp.,MSFT,Technology,Provider_C,USD,209.65,3060733759529.0,65289620936.0,160283182.0,2026-09-08 05:27:10
5808,2026-08-30,Microsoft Corp.,MSFT,Technology,Provider_D,USD,209.46,3057911610827.0,65229420659.0,160135393.0,2026-09-08 12:10:24
5925,2026-08-30,Morgan Stanley,MS,Financials,Provider_A,USD,71.09,1928081332847.0,230430277877.0,291386517.0,2026-09-08 19:13:57
5926,2026-08-30,Morgan Stanley,MS,Financials,Provider_B,USD,71.08,1927726970607.0,230387927076.0,291332963.0,2026-09-08 21:25:06
5927,2026-08-30,Morgan Stanley,MS,Financials,Provider_C,USD,70.81,1920509054138.0,229525294121.0,290242135.0,2026-09-08 16:43:51
5928,2026-08-30,Morgan Stanley,MS,Financials,Provider_D,USD,71.13,1929222053438.0,230566608517.0,291558911.0,2026-09-08 20:49:50
5809,2026-08-30,NVIDIA Corp.,NVDA,Technology,Provider_A,USD,221.05,211519602368.0,257494027145.0,27905669.0,2026-09-08 18:35:17
5810,2026-08-30,NVIDIA Corp.,NVDA,Technology,Provider_B,USD,551.625,211132190799.0,257022410500.0,27854558.0,2026-09-08 19:01:26
5811,2026-08-30,NVIDIA Corp.,NVDA,Technology,Provider_C,USD,220.43,210921342795.0,256765734046.0,27826741.0,2026-09-08 06:30:07
5812,2026-08-30,NVIDIA Corp.,NVDA,Technology,Provider_D,USD,220.12,210627241274.0,256407708671.0,27787940.0,2026-09-08 15:00:39
5873,2026-08-30,Netflix Inc.,NFLX,Communication,Provider_A,USD,249.64,1711931737561.0,140204917470.0,137793001.0,2026-09-08 06:25:13
5874,2026-08-30,Netflix Inc.,NFLX,Communication,Provider_B,USD,249.94,1713988939865.0,140373399584.0,137958585.0,2026-09-08 00:41:48
5875,2026-08-30,Netflix Inc.,NFLX,Communication,Provider_C,USD,248.99,1707442442608.0,139837250223.0,137431659.0,2026-09-08 13:01:06
5876,2026-08-30,Netflix Inc.,NFLX,Communication,Provider_D,USD,249.98,1714280532348.0,140397280618.0,137982055.0,2026-09-08 21:53:19
5941,2026-08-30,NextEra Energy,NEE,Utilities,Provider_A,USD,47.32,2642055572013.0,415744654632.0,240860444.0,2026-09-08 00:01:59
5942,2026-08-30,NextEra Energy,NEE,Utilities,Provider_B,USD,47.26,2638732262286.0,415221710198.0,240557478.0,2026-09-08 15:31:14
5943,2026-08-30,NextEra Energy,NEE,Utilities,Provider_C,USD,47.28,2639798155872.0,415389435497.0,240654649.0,2026-09-08 07:43:27
5944,2026-08-30,NextEra Energy,NEE,Utilities,Provider_D,USD,47.3,2640828642640.0,415551589303.0,240748592.0,2026-09-08 03:41:48
5905,2026-08-30,Nike Inc.,NKE,Consumer,Provider_A,USD,378.03,1105767719794.0,359204964172.0,203219977.0,2026-09-08 14:03:23
5906,2026-08-30,Nike Inc.,NKE,Consumer,Provider_B,USD,378.47,1107027633881.0,359614243071.0,203451527.0,2026-09-08 12:33:01
5907,2026-08-30,Nike Inc.,NKE,Consumer,Provider_C,USD,378.61,1107443760462.0,359749420406.0,203528003.0,2026-09-08 05:02:15
5908,2026-08-30,Nike Inc.,NKE,Consumer,Provider_D,USD,378.4,1106844347901.0,359554703230.0,203417842.0,2026-09-08 11:23:11
5869,2026-08-30,Oracle Corp.,ORCL,Technology,Provider_A,USD,536.48,1532968895371.0,367695662665.0,151036057.0,2026-09-08 02:45:45
5870,2026-08-30,Oracle Corp.,ORCL,Technology,Provider_B,USD,538.06,1537474812108.0,368776445221.0,151480004.0,2026-09-08 02:48:09
5871,2026-08-30,Oracle Corp.,ORCL,Technology,Provider_C,USD,536.73,1533665782987.0,367862817103.0,151104718.0,2026-09-08 06:20:50
5872,2026-08-30,Oracle Corp.,ORCL,Technology,Provider_D,USD,536.71,1533617406072.0,367851213487.0,151099952.0,2026-09-08 19:29:21
5897,2026-08-30,PepsiCo,PEP,Consumer,Provider_A,USD,235.14,3343985906928.0,409479728778.0,660088018.0,2026-09-08 08:14:08
5898,2026-08-30,PepsiCo,PEP,Consumer,Provider_B,USD,234.96,3341465739779.0,409171127789.0,659590548.0,2026-09-08 01:53:14
5899,2026-08-30,PepsiCo,PEP,Consumer,Provider_C,USD,234.86,3340032389562.0,408995610345.0,659307611.0,2026-09-08 01:40:26
5900,2026-08-30,PepsiCo,PEP,Consumer,Provider_D,USD,234.83,3339538506503.0,408935133086.0,659210121.0,2026-09-08 12:48:25
5909,2026-08-30,Pfizer Inc.,PFE,Healthcare,Provider_A,USD,227.33,3735332104575.0,199662632049.0,598901971.0,2026-09-08 16:18:15
5910,2026-08-30,Pfizer Inc.,PFE,Healthcare,Provider_B,USD,226.7,3724913652463.0,199105740316.0,597231535.0,2026-09-08 01:39:33
5911,2026-08-30,Pfizer Inc.,PFE,Healthcare,Provider_C,USD,227.59,3739555282023.0,199888371207.0,599579091.0,2026-09-08 06:40:43
5912,2026-08-30,Pfizer Inc.,PFE,Healthcare,Provider_D,USD,227.38,-3736170248826.0,199707432908.0,599036354.0,2026-09-08 00:33:31
5857,2026-08-30,Procter & Gamble,PG,Consumer,Provider_A,USD,350.22,3127048007885.0,65510725348.0,487745302.0,2026-09-08 14:58:51
5858,2026-08-30,Procter & Gamble,PG,Consumer,Provider_B,USD,701.08,3129893934463.0,65570346663.0,488189199.0,2026-09-08 18:32:50
5859,2026-08-30,Procter & Gamble,PG,Consumer,Provider_C,USD,700.58,3127669321709.0,65523741687.0,487842212.0,2026-09-08 12:24:26
5860,2026-08-30,Procter & Gamble,PG,Consumer,Provider_D,USD,698.59,3118793031192.0,65337786042.0,486457721.0,2026-09-08 03:17:52
5993,2026-08-30,Qualcomm,QCOM,Technology,Provider_A,USD,1497.9,2451408354340.0,60313205854.0,150568748.0,2026-09-08 08:11:05
5994,2026-08-30,Qualcomm,QCOM,Technology,Provider_B,USD,248.97,2444731516974.0,60148932340.0,150158647.0,2026-09-08 03:25:47
5995,2026-08-30,Qualcomm,QCOM,Technology,Provider_C,USD,498.71,2448533463761.0,60242473507.0,,2026-09-08 18:13:37
5996,2026-08-30,Qualcomm,QCOM,Technology,Provider_D,USD,499.15,2450693387303.0,60295615169.0,150524833.0,2026-09-08 18:41:06
5881,2026-08-30,Salesforce Inc.,CRM,Technology,Provider_A,USD,600.45,,55649931004.0,180546420.0,2026-09-08 08:13:18
5882,2026-08-30,Salesforce Inc.,CRM,Technology,Provider_B,USD,599.27,3263727379376.0,55540592439.0,180191691.0,2026-09-08 02:46:55
5883,2026-08-30,Salesforce Inc.,CRM,Technology,Provider_C,USD,599.65,3265753835616.0,55575077728.0,180303572.0,2026-09-08 18:40:49
5884,2026-08-30,Salesforce Inc.,CRM,Technology,Provider_D,USD,599.58,3265415931772.0,55569327438.0,180284916.0,2026-09-08 08:07:47
5825,2026-08-30,Tesla Inc.,TSLA,Automotive,Provider_A,USD,429.5,3221887822723.0,185665976877.0,252439015.0,2026-09-08 05:35:32
5826,2026-08-30,Tesla Inc.,TSLA,Automotive,Provider_B,USD,428.54,3214665432343.0,185249776115.0,251873132.0,2026-09-08 06:25:49
5827,2026-08-30,Tesla Inc.,TSLA,Automotive,Provider_C,USD,428.85,3216997339224.0,185384155644.0,252055840.0,2026-09-08 07:46:08
5828,2026-08-30,Tesla Inc.,TSLA,Automotive,Provider_D,USD,428.28,3212731300588.0,185138318957.0,251721590.0,2026-09-08 01:18:08
5997,2026-08-30,Texas Instruments,TXN,Technology,Provider_A,USD,136.62,3683831858493.0,313037443804.0,616135798.0,2026-09-08 09:37:43
5998,2026-08-30,Texas Instruments,TXN,Technology,Provider_B,USD,136.27,3674310986995.0,312228397845.0,614543394.0,2026-09-08 07:19:38
5999,2026-08-30,Texas Instruments,TXN,Technology,Provider_C,USD,136.31,3675365896545.0,312318039882.0,614719831.0,2026-09-08 04:37:32
6000,2026-08-30,Texas Instruments,TXN,Technology,Provider_D,USD,136.42,3678503309292.0,312584644793.0,615244576.0,2026-09-08 09:11:14
5969,2026-08-30,UPS,UPS,Industrials,Provider_A,USD,126.36,2101712256815.0,95978521778.0,349183340.0,2026-09-08 21:09:50
5970,2026-08-30,UPS,UPS,Industrials,Provider_B,USD,126.42,2102820906673.0,96029150295.0,349367534.0,2026-09-08 12:42:02
5971,2026-08-30,UPS,UPS,Industrials,Provider_C,USD,126.55,2104903123678.0,96124238531.0,349713478.0,2026-09-08 18:17:34
5972,2026-08-30,UPS,UPS,Industrials,Provider_D,USD,126.21,2099266586602.0,95866835789.0,348777011.0,2026-09-08 18:02:07
5965,2026-08-30,Union Pacific,UNP,Industrials,Provider_A,USD,130.25,3555230694117.0,379688673183.0,540885244.0,2026-09-08 18:24:43
5966,2026-08-30,Union Pacific,UNP,Industrials,Provider_B,USD,130.04,3549644907456.0,379092126824.0,540035434.0,2026-09-08 06:09:38
5967,2026-08-30,Union Pacific,UNP,Industrials,Provider_C,USD,130.0,4774941805140.692,378961513289.0,539849369.0,2026-09-08 16:50:19
5968,2026-08-30,Union Pacific,UNP,Industrials,Provider_D,USD,129.5,3534768501887.0,377503368406.0,537772169.0,2026-09-08 08:46:01
5985,2026-08-30,Verizon,VZ,Communication,Provider_A,USD,619.66,3863081406089.0,30211905730.0,553695186.0,2026-09-08 07:24:14
5986,2026-08-30,Verizon,VZ,Communication,Provider_B,USD,620.49,3868212544243.0,30252034696.0,554430632.0,2026-09-08 11:22:28
5987,2026-08-30,Verizon,VZ,Communication,Provider_C,USD,620.82,3870296392964.0,30268331800.0,554729309.0,2026-09-08 07:32:33
5988,2026-08-30,Verizon,VZ,Communication,Provider_D,USD,620.92,3870893378493.0,30273000630.0,554814875.0,2026-09-08 22:37:02
5833,2026-08-30,Visa Inc.,V,Financials,Provider_A,USD,133.49,1089460350500.0,76303015764.0,117937342.0,2026-09-08 20:07:21
5834,2026-08-30,Visa Inc.,V,Financials,Provider_B,USD,,1087710101926.0,76180432832.0,117747872.0,2026-09-08 03:38:30
5835,2026-08-30,Visa Inc.,V,Financials,Provider_C,USD,133.16,1086738235162.0,76112365770.0,117642664.0,2026-09-08 22:02:23
5836,2026-08-30,Visa Inc.,V,Financials,Provider_D,USD,-133.38,1088575133860.0,76241017455.0,117841514.0,2026-09-08 22:42:45
5837,2026-08-30,Walmart Inc.,WMT,Consumer,Provider_A,USD,700.04,1301734816480.0,45560016128.0,228352580.0,2026-09-08 21:06:10
5838,2026-08-30,Walmart Inc.,WMT,Consumer,Provider_B,USD,699.55,1300826193341.0,45528214808.0,228193188.0,2026-09-08 04:02:26
5839,2026-08-30,Walmart Inc.,WMT,Consumer,Provider_C,USD,699.88,1301433522764.0,45549471011.0,228299727.0,2026-09-08 02:22:54
5840,2026-08-30,Walmart Inc.,WMT,Consumer,Provider_D,USD,700.15,1301934611080.0,45567008831.0,228387628.0,2026-09-08 16:29:48
5933,2026-08-30,Wells Fargo,WFC,Financials,Provider_A,USD,581.81,630759284223.0,11692667480.0,46810777.0,2026-09-08 02:40:04
5934,2026-08-30,Wells Fargo,WFC,Financials,Provider_B,USD,580.05,841769623874.332,11657218972.0,46668861.0,2026-09-08 02:57:37
5935,2026-08-30,Wells Fargo,WFC,Financials,Provider_C,USD,575.65,629936968717.0,11677423849.0,46749750.0,2026-09-08 12:30:58
5936,2026-08-30,Wells Fargo,WFC,Financials,Provider_D,USD,581.13,630027003124.0,11679092857.0,46756432.0,2026-09-08 12:47:03
6089,2026-08-31,AMD,AMD,Technology,Provider_A,USD,,1467206280004.0,403122604286.0,99375184.0,2026-09-08 03:15:50
6090,2026-08-31,AMD,AMD,Technology,Provider_B,USD,107.44,1467310919575.0,403151354556.0,99382272.0,2026-09-08 18:31:21
6091,2026-08-31,AMD,AMD,Technology,Provider_C,USD,107.64,1469967034334.0,403881135987.0,99562173.0,2026-09-08 23:26:56
6092,2026-08-31,AMD,AMD,Technology,Provider_D,USD,107.47,1467714828683.0,403262330697.0,99409629.0,2026-09-08 01:51:06
6181,2026-08-31,AT&T,T,Communication,Provider_A,USD,282.79,920561323341.0,382986583906.0,66801567.0,2026-09-08 05:10:19
6182,2026-08-31,AT&T,T,Communication,Provider_B,USD,283.32,922292720440.0,383706907304.0,66927208.0,2026-09-08 17:58:52
6183,2026-08-31,AT&T,T,Communication,Provider_C,USD,282.95,921092445423.0,383207549774.0,66840108.0,2026-09-08 06:21:08
6184,2026-08-31,AT&T,T,Communication,Provider_D,USD,282.95,921093613418.0,383208035702.0,66840193.0,2026-09-08 05:36:36
6117,2026-08-31,AbbVie Inc.,ABBV,Healthcare,Provider_A,USD,615.03,-3918200110432.0,381025986339.0,146342024.0,2026-09-08 17:25:55
6118,2026-08-31,AbbVie Inc.,ABBV,Healthcare,Provider_B,USD,613.86,3910779288543.0,380304347346.0,146064862.0,2026-09-08 06:17:24
6119,2026-08-31,AbbVie Inc.,ABBV,Healthcare,Provider_C,USD,613.5,3908503582964.0,380083045999.0,145979866.0,2026-09-08 06:54:49
6120,2026-08-31,AbbVie Inc.,ABBV,Healthcare,Provider_D,USD,612.35,3901178213956.0,379370689337.0,145706268.0,2026-09-08 09:06:14
6077,2026-08-31,Adobe Inc.,ADBE,Technology,Provider_A,USD,37.63,2384790974853.0,438447142127.0,492396375.0,2026-09-08 15:43:59
6078,2026-08-31,Adobe Inc.,ADBE,Technology,Provider_B,USD,37.45,2372980537384.0,436275776749.0,489957831.0,2026-09-08 10:42:05
6079,2026-08-31,Adobe Inc.,ADBE,Technology,Provider_C,USD,37.51,2376707681491.0,436961017384.0,490727388.0,2026-09-08 12:51:56
6080,2026-08-31,Adobe Inc.,ADBE,Technology,Provider_D,USD,37.53,2378228106576.0,437240549653.0,491041316.0,2026-09-08 00:51:57
6017,2026-08-31,Alphabet Inc.,GOOGL,Communication,Provider_A,USD,487.09,2364486040761.0,322319214899.0,412148538.0,2026-09-08 12:24:02
6018,2026-08-31,Alphabet Inc.,GOOGL,Communication,Provider_B,USD,486.67,2362452055507.0,322041948500.0,411793999.0,2026-09-08 22:02:05
6019,2026-08-31,Alphabet Inc.,GOOGL,Communication,Provider_C,USD,486.34,2360847689386.0,321823246414.0,411514345.0,2026-09-08 14:41:53
6020,2026-08-31,Alphabet Inc.,GOOGL,Communication,Provider_D,USD,488.16,2369709261030.0,323031227669.0,413058987.0,2026-09-08 21:15:13
7649,2026-08-31,Alphabet Inc.,GOOGL,Communication,Provider_D,USD,488.16,2369709261030.0,323031227669.0,413058987.0,2026-09-08 21:15:13
6013,2026-08-31,Amazon.com Inc.,AMZN,Consumer,Provider_A,USD,69.71,1659275252082.0,127283280244.0,399572820.0,2026-09-08 01:29:05
6014,2026-08-31,Amazon.com Inc.,AMZN,Consumer,Provider_B,USD,69.77,1660574529506.0,127382948031.0,399885701.0,2026-09-08 06:50:57
6015,2026-08-31,Amazon.com Inc.,AMZN,Consumer,Provider_C,USD,-69.71,1659130557436.0,127272180694.0,399537975.0,2026-09-08 23:15:53
6016,2026-08-31,Amazon.com Inc.,AMZN,Consumer,Provider_D,USD,69.69,2362786913711.1265,127245360020.0,399453779.0,2026-09-08 05:08:05
6001,2026-08-31,Apple Inc.,AAPL,Technology,Provider_A,USD,686.68,1860127075651.0,50103346946.0,102113018.0,2026-09-08 08:22:34
6002,2026-08-31,Apple Inc.,AAPL,Technology,Provider_B,USD,687.98,1863656269404.0,50198407343.0,102306755.0,2026-09-08 01:28:33
6003,2026-08-31,Apple Inc.,AAPL,Technology,Provider_C,USD,686.51,1859663481466.0,50090859831.0,102087568.0,2026-09-08 16:20:38
6004,2026-08-31,Apple Inc.,AAPL,Technology,Provider_D,USD,686.04,1858385957771.0,50056449164.0,102017438.0,2026-09-08 19:39:32
6129,2026-08-31,Bank of America,BAC,Financials,Provider_A,USD,61.26,357966016734.0,173533242063.0,23791261.0,2026-09-08 07:18:32
6130,2026-08-31,Bank of America,BAC,Financials,Provider_B,USD,61.28,358121854546.0,173608788454.0,23801618.0,2026-09-08 12:11:17
6131,2026-08-31,Bank of America,BAC,Financials,Provider_C,USD,61.12,357201875783.0,173162805065.0,23740474.0,2026-09-08 19:08:53
6132,2026-08-31,Bank of America,BAC,Financials,Provider_D,USD,61.15,357344275926.0,173231837201.0,23749939.0,2026-09-08 16:35:34
6137,2026-08-31,Berkshire Hathaway,BRK.B,Financials,Provider_A,USD,470.03,1787087554479.0,41317324523.0,216383599.0,2026-09-08 18:34:51
6138,2026-08-31,Berkshire Hathaway,BRK.B,Financials,Provider_B,USD,470.22,1787801863418.0,41333839289.0,216470089.0,2026-09-08 23:28:06
6139,2026-08-31,Berkshire Hathaway,BRK.B,Financials,Provider_C,USD,470.49,1788829413500.0,41357596167.0,216594506.0,2026-09-08 14:01:01
6140,2026-08-31,Berkshire Hathaway,BRK.B,Financials,Provider_D,USD,469.69,1785799418017.0,41287542908.0,216227629.0,2026-09-08 12:29:42
6157,2026-08-31,Boeing Co.,BA,Industrials,Provider_A,USD,572.62,724979898669.0,269504997142.0,75351982.0,2026-09-08 06:09:55
6158,2026-08-31,Boeing Co.,BA,Industrials,Provider_B,USD,571.78,723924443352.0,269112640771.0,75242281.0,2026-09-08 03:31:58
6159,2026-08-31,Boeing Co.,BA,Industrials,Provider_C,USD,570.68,722524991425.0,268592406640.0,75096827.0,2026-09-08 14:15:27
6160,2026-08-31,Boeing Co.,BA,Industrials,Provider_D,USD,571.46,723519239293.0,268962009672.0,75200166.0,2026-09-08 23:53:09
6065,2026-08-31,Broadcom Inc.,AVGO,Technology,Provider_A,USD,702.41,1323700393712.0,299017344645.0,120175834.0,2026-09-08 01:20:20
6066,2026-08-31,Broadcom Inc.,AVGO,Technology,Provider_B,USD,701.26,1321545610099.0,298530589729.0,119980205.0,2026-09-08 11:37:10
6067,2026-08-31,Broadcom Inc.,AVGO,Technology,Provider_C,USD,703.99,1326692011835.0,299693136321.0,120447436.0,2026-09-08 10:40:32
6068,2026-08-31,Broadcom Inc.,AVGO,Technology,Provider_D,USD,710.95,1322603575784.0,298769578923.0,120076256.0,2026-09-08 14:24:01
6161,2026-08-31,Caterpillar Inc.,CAT,Industrials,Provider_A,USD,332.42,3376312747407.0,328057497694.0,158893531.0,2026-09-08 04:41:15
6162,2026-08-31,Caterpillar Inc.,CAT,Industrials,Provider_B,USD,332.33,3375377703480.0,327966644685.0,158849527.0,2026-09-08 07:35:07
6163,2026-08-31,Caterpillar Inc.,CAT,Industrials,Provider_C,USD,331.86,3370596707034.0,327502101899.0,158624527.0,2026-09-08 07:27:42
6164,2026-08-31,Caterpillar Inc.,CAT,Industrials,Provider_D,USD,332.5,3377107609679.0,328134730032.0,158930938.0,2026-09-08 12:34:18
6053,2026-08-31,Chevron Corp.,CVX,Energy,Provider_A,USD,224.34,3979426457105.0,395586404398.0,397865085.0,2026-09-08 06:53:47
6054,2026-08-31,Chevron Corp.,CVX,Energy,Provider_B,USD,224.24,3977563037732.0,395401165802.0,397678779.0,2026-09-08 18:18:05
6055,2026-08-31,Chevron Corp.,CVX,Energy,Provider_C,USD,224.16,3976306063522.0,395276212643.0,397553106.0,2026-09-08 01:59:10
6056,2026-08-31,Chevron Corp.,CVX,Energy,Provider_D,USD,224.79,3987472189037.0,396386213667.0,398669501.0,2026-09-08 07:23:11
6093,2026-08-31,Cisco Systems,CSCO,Technology,Provider_A,USD,,881607920107.0,119699276686.0,77938510.0,2026-09-08 05:17:13
6094,2026-08-31,Cisco Systems,CSCO,Technology,Provider_B,USD,76.14,883885790461.0,120008551850.0,78139885.0,2026-09-08 04:45:31
6095,2026-08-31,Cisco Systems,CSCO,Technology,Provider_C,USD,76.01,882396334316.0,119806322697.0,78008210.0,2026-09-08 04:06:30
6096,2026-08-31,Cisco Systems,CSCO,Technology,Provider_D,USD,75.9,881034107905.0,119621368011.0,77887783.0,2026-09-08 22:56:56
6041,2026-08-31,Coca-Cola,KO,Consumer,Provider_A,USD,457.73,2821463114468.0,215793231503.0,310681355.0,2026-09-08 11:15:44
6042,2026-08-31,Coca-Cola,KO,Consumer,Provider_B,USD,455.55,2808007705450.0,214764124945.0,309199732.0,2026-09-08 02:09:13
6043,2026-08-31,Coca-Cola,KO,Consumer,Provider_C,USD,1367.43,2809605108199.0,214886298685.0,309375628.0,2026-09-08 05:20:50
6044,2026-08-31,Coca-Cola,KO,Consumer,Provider_D,USD,456.78,2815623842952.0,215346628014.0,310038372.0,INVALID_TIMESTAMP
6189,2026-08-31,Comcast,CMCSA,Communication,Provider_A,USD,613.85,366890960366.0,173588064343.0,59465622.0,2026-09-08 20:43:52
6190,2026-08-31,Comcast,CMCSA,Communication,Provider_B,USD,616.04,368199925326.0,174207378303.0,59677779.0,2026-09-08 07:02:21
6191,2026-08-31,Comcast,CMCSA,Communication,Provider_C,USD,614.46,367251501306.0,173758648006.0,59524059.0,2026-09-08 18:57:47
6192,2026-08-31,Comcast,CMCSA,Communication,Provider_D,USD,615.37,367797913520.0,174017173423.0,59612621.0,2026-09-08 14:32:07
6149,2026-08-31,ConocoPhillips,COP,Energy,Provider_A,USD,285.23,207036715342.0,447248650574.0,23477676.0,2026-09-08 17:05:48
6150,2026-08-31,ConocoPhillips,COP,Energy,Provider_B,USD,285.6,207304205098.0,447826492200.0,23508009.0,2026-09-08 06:24:37
6151,2026-08-31,ConocoPhillips,COP,Energy,Provider_C,USD,285.79,207436659314.0,448112624875.0,23523029.0,2026-09-08 06:36:10
6152,2026-08-31,ConocoPhillips,COP,Energy,Provider_D,USD,284.14,206241902445.0,445531665279.0,23387545.0,2026-09-08 09:00:21
6145,2026-08-31,Duke Energy,DUK,Utilities,Provider_A,USD,642.59,298890878587.0,390505060390.0,58750501.0,2026-09-08 17:29:22
6146,2026-08-31,Duke Energy,DUK,Utilities,Provider_B,USD,643.88,299491381836.0,391289626178.0,58868536.0,2026-09-08 19:41:59
6147,2026-08-31,Duke Energy,DUK,Utilities,Provider_C,USD,643.44,299285452076.0,391020576102.0,58828059.0,2026-09-08 13:41:25
6148,2026-08-31,Duke Energy,DUK,Utilities,Provider_D,USD,640.78,298047648378.0,389403368477.0,58584754.0,2026-09-08 10:01:39
6049,2026-08-31,Exxon Mobil,XOM,Energy,Provider_A,USD,43.34,1398286504059.0,96071793173.0,60801690.0,2026-09-08 08:42:11
6050,2026-08-31,Exxon Mobil,XOM,Energy,Provider_B,USD,43.28,1396238504172.0,95931081652.0,60712637.0,2026-09-08 16:46:41
6051,2026-08-31,Exxon Mobil,XOM,Energy,Provider_C,USD,43.4,1400109999867.0,96197079738.0,60880982.0,2026-09-08 11:57:49
6052,2026-08-31,Exxon Mobil,XOM,Energy,Provider_D,USD,43.29,1396539054870.0,95951731529.0,60725706.0,2026-09-08 16:53:52
6121,2026-08-31,Goldman Sachs,GS,Financials,Provider_A,USD,683.14,4372302623198.9355,100269307775.0,706370043.0,2026-09-08 10:06:48
6122,2026-08-31,Goldman Sachs,GS,Financials,Provider_B,USD,685.53,5327941459136.278,100620447342.0,708843726.0,2026-09-08 00:17:22
6123,2026-08-31,Goldman Sachs,GS,Financials,Provider_C,USD,682.39,3769870427917.0,100159099963.0,705593659.0,2026-09-08 17:55:33
6124,2026-08-31,Goldman Sachs,GS,Financials,Provider_D,USD,683.75,3777383277757.0,100358703714.0,706999813.0,2026-09-08 06:52:25
6173,2026-08-31,Home Depot,HD,Consumer,Provider_A,USD,311.9,1340710793262.0,180032070049.0,132970351.0,2026-09-08 00:26:43
6174,2026-08-31,Home Depot,HD,Consumer,Provider_B,USD,310.49,1334665060024.0,179220242565.0,132370741.0,INVALID_TIMESTAMP
6175,2026-08-31,Home Depot,HD,Consumer,Provider_C,USD,311.37,1338428236703.0,179725565929.0,132743969.0,2026-09-08 23:42:19
6176,2026-08-31,Home Depot,HD,Consumer,Provider_D,USD,311.28,1338056824367.0,179675692285.0,132707133.0,2026-09-08 21:27:21
6085,2026-08-31,Intel Corp.,INTC,Technology,Provider_A,USD,171.62,-2204154201963.0,208409051924.0,241194659.0,2026-09-08 15:34:36
6086,2026-08-31,Intel Corp.,INTC,Technology,Provider_B,USD,171.6,2203925039048.0,208387383918.0,241169582.0,2026-09-08 05:55:42
6087,2026-08-31,Intel Corp.,INTC,Technology,Provider_C,USD,171.27,2199715111950.0,207989323331.0,240708901.0,2026-09-08 23:05:07
6088,2026-08-31,Intel Corp.,INTC,Technology,Provider_D,USD,171.37,2200939220883.0,208105066314.0,240842852.0,2026-09-08 21:57:10
6029,2026-08-31,JPMorgan Chase,JPM,Financials,Provider_A,USD,713.59,2171748100616.0,165414875437.0,329372884.0,2026-09-08 03:28:11
6030,2026-08-31,JPMorgan Chase,JPM,Financials,Provider_B,USD,713.72,2172133833227.0,165444255415.0,329431385.0,2026-09-08 23:20:15
6031,2026-08-31,JPMorgan Chase,JPM,Financials,Provider_C,USD,713.71,2172101995214.0,165441830419.0,329426557.0,2026-09-08 11:18:25
6032,2026-08-31,JPMorgan Chase,JPM,Financials,Provider_D,USD,713.86,2172554390247.0,165476287853.0,329495168.0,2026-09-08 12:19:24
6045,2026-08-31,Johnson & Johnson,JNJ,Healthcare,Provider_A,USD,559.92,1400180764428.0,293034191845.0,115603253.0,2026-09-08 12:22:23
6046,2026-08-31,Johnson & Johnson,JNJ,Healthcare,Provider_B,USD,559.05,1397994802099.0,292576706840.0,115422774.0,2026-09-08 16:33:29
6047,2026-08-31,Johnson & Johnson,JNJ,Healthcare,Provider_C,USD,558.63,1396946559971.0,292357327462.0,115336228.0,2026-09-08 16:37:40
6048,2026-08-31,Johnson & Johnson,JNJ,Healthcare,Provider_D,USD,559.3,1398629406422.0,292709518809.0,115475169.0,2026-09-08 11:06:11
6153,2026-08-31,Lockheed Martin,LMT,Industrials,Provider_A,USD,473.69,3917666371919.0,141036440820.0,707143219.0,2026-09-08 08:49:22
6154,2026-08-31,Lockheed Martin,LMT,Industrials,Provider_B,USD,473.22,3913795226280.0,140897079131.0,706444473.0,2026-09-08 09:46:26
6155,2026-08-31,Lockheed Martin,LMT,Industrials,Provider_C,USD,473.85,3919030707217.0,141085557048.0,707389483.0,2026-09-08 15:13:53
6156,2026-08-31,Lockheed Martin,LMT,Industrials,Provider_D,USD,474.7,3926046872169.0,141338139794.0,708655909.0,2026-09-08 06:52:25
6177,2026-08-31,Lowe's,LOW,Consumer,Provider_A,USD,398.52,1023885126950.0,329264068785.0,143912114.0,2026-09-08 07:15:40
6178,2026-08-31,Lowe's,LOW,Consumer,Provider_B,USD,399.39,1026144888624.0,329990769763.0,144229735.0,2026-09-08 11:40:54
6179,2026-08-31,Lowe's,LOW,Consumer,Provider_C,USD,398.97,1025044498351.0,329636902939.0,144075069.0,2026-09-08 12:21:26
6180,2026-08-31,Lowe's,LOW,Consumer,Provider_D,USD,398.57,1024013572424.0,329305374668.0,143930168.0,2026-09-08 23:33:54
6061,2026-08-31,Mastercard Inc.,MA,Financials,Provider_A,USD,671.43,2009853628091.0,421803349131.0,355237385.0,2026-09-08 22:00:21
6062,2026-08-31,Mastercard Inc.,MA,Financials,Provider_B,USD,669.18,2003101073884.0,420386206141.0,354043885.0,2026-09-08 22:58:24
6063,2026-08-31,Mastercard Inc.,MA,Financials,Provider_C,USD,669.91,2005285882473.0,420844726885.0,354430045.0,2026-09-08 03:54:01
6064,2026-08-31,Mastercard Inc.,MA,Financials,Provider_D,USD,670.9,2008244220179.0,421465586402.0,354952925.0,2026-09-08 09:51:06
6101,2026-08-31,McDonald's,MCD,Consumer,Provider_A,USD,617.58,1663688176425.5378,444162032263.0,100205062.0,2026-09-08 05:11:24
6102,2026-08-31,McDonald's,MCD,Consumer,Provider_B,USD,616.22,1224973055314.0,443179660785.0,99983434.0,2026-09-08 02:39:58
6103,2026-08-31,McDonald's,MCD,Consumer,Provider_C,USD,614.56,1221685734940.0,441990350112.0,99715120.0,2026-09-08 21:06:28
6104,2026-08-31,McDonald's,MCD,Consumer,Provider_D,USD,615.94,1224423009710.0,442980661286.0,99938539.0,2026-09-08 21:03:55
6113,2026-08-31,Merck & Co.,MRK,Healthcare,Provider_A,USD,166.72,1990545516626.0,58328159690.0,366015454.0,2026-09-08 09:22:08
6114,2026-08-31,Merck & Co.,MRK,Healthcare,Provider_B,INR,167.23,1996614511297.0,58505997016.0,367131403.0,2026-09-08 08:53:12
6115,2026-08-31,Merck & Co.,MRK,Healthcare,Provider_C,USD,167.18,1995998869088.0,58487957098.0,367018200.0,2026-09-08 08:03:33
6116,2026-08-31,Merck & Co.,MRK,Healthcare,Provider_D,USD,58.47449999999999,1994704058565.0,58450015783.0,366780114.0,2026-09-08 00:58:11
6021,2026-08-31,Meta Platforms,META,Communication,Provider_A,USD,333.88,1725546846435.0,293054841103.0,405417438.0,2026-09-08 06:26:22
6022,2026-08-31,Meta Platforms,META,Communication,Provider_B,USD,333.7,2240044598147.372,292897777545.0,405200153.0,2026-09-08 15:09:22
6023,2026-08-31,Meta Platforms,META,Communication,Provider_C,USD,332.82,1720086725277.0,292127532208.0,404134581.0,2026-09-08 05:52:39
6024,2026-08-31,Meta Platforms,META,Communication,Provider_D,USD,333.26,1722366896852.0,292514780645.0,404670308.0,2026-09-08 22:03:01
6005,2026-08-31,Microsoft Corp.,MSFT,Technology,Provider_A,USD,205.27,3041061788959.0,64916133665.0,734415974.0,2026-09-08 00:25:25
6006,2026-08-31,Microsoft Corp.,MSFT,Technology,Provider_B,GBP,205.18,3039772600958.0,64888613967.0,734104635.0,2026-09-08 15:49:30
6007,2026-08-31,Microsoft Corp.,MSFT,Technology,Provider_C,USD,206.17,3054467400198.0,65202297022.0,737653427.0,2026-09-08 01:49:50
6008,2026-08-31,Microsoft Corp.,MSFT,Technology,Provider_D,USD,205.66,3046837862045.0,65039432814.0,735810895.0,2026-09-08 03:43:57
6125,2026-08-31,Morgan Stanley,MS,Financials,Provider_A,USD,70.18,1921194720521.0,229371149969.0,221697231.0,2026-09-08 00:17:55
6126,2026-08-31,Morgan Stanley,MS,Financials,Provider_B,USD,70.55,1931375614455.0,230586645371.0,222872060.0,2026-09-08 06:10:09
6127,2026-08-31,Morgan Stanley,MS,Financials,Provider_C,USD,70.4,1927196011163.0,230087643160.0,222389753.0,2026-09-08 10:48:53
6128,2026-08-31,Morgan Stanley,MS,Financials,Provider_D,USD,70.35,1925912896560.0,229934452300.0,222241687.0,2026-09-08 10:36:54
6009,2026-08-31,NVIDIA Corp.,NVDA,Technology,Provider_A,USD,219.94,210984113287.0,257222726061.0,26771409.0,2026-09-08 22:12:34
6010,2026-08-31,NVIDIA Corp.,NVDA,Technology,Provider_B,USD,220.58,211601633612.0,257975580193.0,26849765.0,2026-09-08 20:39:12
6011,2026-08-31,NVIDIA Corp.,NVDA,Technology,Provider_C,USD,220.26,211294214463.0,257600788033.0,26810757.0,2026-09-08 03:45:54
6012,2026-08-31,NVIDIA Corp.,NVDA,Technology,Provider_D,USD,220.12,210852434825.0,257062189363.0,26754700.0,2026-09-08 20:36:01
6073,2026-08-31,Netflix Inc.,NFLX,Communication,Provider_A,USD,244.47,1711251979759.0,140240943443.0,274958206.0,2026-09-08 11:13:05
6074,2026-08-31,Netflix Inc.,NFLX,Communication,Provider_B,USD,245.07,1715509244451.0,140589835847.0,275642249.0,2026-09-08 06:10:08
6075,2026-08-31,Netflix Inc.,NFLX,Communication,Provider_C,USD,244.99,1714887959978.0,140538920189.0,275542423.0,2026-09-08 11:29:23
6076,2026-08-31,Netflix Inc.,NFLX,Communication,Provider_D,USD,244.3,1710083091787.0,140145150448.0,274770393.0,2026-09-08 20:25:18
6141,2026-08-31,NextEra Energy,NEE,Utilities,Provider_A,USD,47.44,2636266239201.0,414602568085.0,655317884.0,2026-09-08 23:38:46
6142,2026-08-31,NextEra Energy,NEE,Utilities,Provider_B,USD,47.46,2637283867853.0,414762609376.0,655570844.0,2026-09-08 13:33:30
6143,2026-08-31,NextEra Energy,NEE,Utilities,Provider_C,USD,47.49,2638690268033.0,414983792320.0,655920445.0,2026-09-08 06:27:13
6144,2026-08-31,NextEra Energy,NEE,Utilities,Provider_D,USD,47.46,2637436180149.0,414786563356.0,655608706.0,2026-09-08 17:58:53
6105,2026-08-31,Nike Inc.,NKE,Consumer,Provider_A,USD,375.33,1106336063771.0,358844353287.0,106071769.0,2026-09-08 19:47:53
6106,2026-08-31,Nike Inc.,NKE,Consumer,Provider_B,USD,375.65,1107279038560.0,359150210783.0,106162178.0,2026-09-08 01:44:27
6107,2026-08-31,Nike Inc.,NKE,Consumer,Provider_C,USD,378.61,1106444451559.0,358879509282.0,106082161.0,2026-09-08 05:32:42
6108,2026-08-31,Nike Inc.,NKE,Consumer,Provider_D,USD,375.39,1106519981741.0,358904007787.0,106089403.0,2026-09-08 21:11:30
6069,2026-08-31,Oracle Corp.,ORCL,Technology,Provider_A,USD,534.35,1530086780761.0,367737704916.0,298192979.0,2026-09-08 10:04:17
6070,2026-08-31,Oracle Corp.,ORCL,Technology,Provider_B,USD,534.87,1531582632361.0,368097214613.0,298484500.0,2026-09-08 10:12:02
6071,2026-08-31,Oracle Corp.,ORCL,Technology,Provider_C,USD,535.61,1533685841208.0,368602695220.0,298894387.0,2026-09-08 20:12:47
6072,2026-08-31,Oracle Corp.,ORCL,Technology,Provider_D,USD,535.12,1532294516758.0,368268307349.0,298623237.0,2026-09-08 23:37:37
7706,2026-08-31,Oracle Corp.,ORCL,Technology,Provider_D,USD,535.12,1532294516758.0,368268307349.0,298623237.0,2026-09-08 23:37:37
6097,2026-08-31,PepsiCo,PEP,Consumer,Provider_A,USD,234.06,3328431278438.0,408576365938.0,111967955.0,2026-09-08 03:00:59
6098,2026-08-31,PepsiCo,PEP,Consumer,Provider_B,USD,233.81,3324883820310.0,408140903275.0,111848619.0,2026-09-08 04:17:10
6099,2026-08-31,PepsiCo,PEP,Consumer,Provider_C,USD,234.86,3332211755246.0,409040432445.0,112095129.0,2026-09-08 00:09:31
6100,2026-08-31,PepsiCo,PEP,Consumer,Provider_D,USD,234.03,3328102161931.0,408535965757.0,111956883.0,2026-09-08 18:19:38
6109,2026-08-31,Pfizer Inc.,PFE,Healthcare,Provider_A,USD,231.23,3730593261939.0,199911029254.0,615778758.0,2026-09-08 19:32:44
6110,2026-08-31,Pfizer Inc.,PFE,Healthcare,Provider_B,USD,230.37,3716671879138.0,199165025128.0,613480869.0,2026-09-08 23:05:59
6111,2026-08-31,Pfizer Inc.,PFE,Healthcare,Provider_C,USD,231.09,3728379681936.0,199792410303.0,615413381.0,2026-09-08 14:39:12
6112,2026-08-31,Pfizer Inc.,PFE,Healthcare,Provider_D,USD,231.29,3731578872263.0,199963845082.0,615941445.0,2026-09-08 14:11:26
6057,2026-08-31,Procter & Gamble,PG,Consumer,Provider_A,USD,709.09,3136495539842.0,65531962733.0,286577065.0,2026-09-08 05:41:22
6058,2026-08-31,Procter & Gamble,PG,Consumer,Provider_B,USD,706.46,3124835031798.0,65288335420.0,285511661.0,2026-09-08 04:19:20
6059,2026-08-31,Procter & Gamble,PG,Consumer,Provider_C,USD,707.35,3128780285120.0,65370765059.0,285872133.0,2026-09-08 16:23:14
6060,2026-08-31,Procter & Gamble,PG,Consumer,Provider_D,USD,708.34,3133164548569.0,65462367098.0,286272717.0,2026-09-08 21:09:48
6193,2026-08-31,Qualcomm,QCOM,Technology,Provider_A,USD,501.04,2446952942669.0,60254697665.0,524839090.0,2026-09-08 02:13:58
6194,2026-08-31,Qualcomm,QCOM,Technology,Provider_B,USD,501.44,2448920300326.0,60303142627.0,525261062.0,2026-09-08 15:10:07
6195,2026-08-31,Qualcomm,QCOM,Technology,Provider_C,USD,501.4,2448683166187.0,60297303346.0,525210200.0,2026-09-08 06:46:18
6196,2026-08-31,Qualcomm,QCOM,Technology,Provider_D,USD,500.9,2446253389997.0,60237471615.0,524689045.0,2026-09-08 09:01:36
6081,2026-08-31,Salesforce Inc.,CRM,Technology,Provider_A,USD,601.94,3253917779547.0,55465531947.0,736967879.0,2026-09-08 23:18:17
6082,2026-08-31,Salesforce Inc.,CRM,Technology,Provider_B,USD,602.48,3256832432753.0,55515214453.0,737628008.0,2026-09-08 04:41:57
6083,2026-08-31,Salesforce Inc.,CRM,Technology,Provider_C,USD,603.56,3262704586094.0,55615309824.0,738957971.0,2026-09-08 07:11:20
6084,2026-08-31,Salesforce Inc.,CRM,Technology,Provider_D,USD,603.11,3260269933368.0,55573809295.0,738406555.0,2026-09-08 14:55:56
6025,2026-08-31,Tesla Inc.,TSLA,Automotive,Provider_A,USD,422.5,3229677153424.0,185768837431.0,356975689.0,2026-09-08 16:25:55
6026,2026-08-31,Tesla Inc.,TSLA,Automotive,Provider_B,USD,420.95,3217872933147.0,185089866694.0,355670970.0,2026-09-08 15:49:28
6027,2026-08-31,Tesla Inc.,TSLA,Automotive,Provider_C,USD,421.34,3220850066736.0,185261109397.0,356000032.0,2026-09-08 13:31:29
6028,2026-08-31,Tesla Inc.,TSLA,Automotive,Provider_D,USD,421.67,3223389900547.0,185407198913.0,356280760.0,2026-09-08 15:27:37
6197,2026-08-31,Texas Instruments,TXN,Technology,Provider_A,USD,138.94,3673494964502.0,312167190278.0,255235998.0,2026-09-08 12:39:53
6198,2026-08-31,Texas Instruments,TXN,Technology,Provider_B,USD,138.97,3674166286981.0,312224238091.0,255282641.0,2026-09-08 14:37:22
6199,2026-08-31,Texas Instruments,TXN,Technology,Provider_C,USD,138.78,3669289340580.0,311809803698.0,254943789.0,2026-09-08 22:40:35
6200,2026-08-31,Texas Instruments,TXN,Technology,Provider_D,USD,138.84,3670713181259.0,311930799194.0,255042718.0,2026-09-08 12:32:52
6169,2026-08-31,UPS,UPS,Industrials,Provider_A,USD,126.31,2106873323053.0,96066584365.0,345130822.0,2026-09-08 06:47:58
6170,2026-08-31,UPS,UPS,Industrials,Provider_B,USD,126.51,2110150664161.0,96216020481.0,345667689.0,2026-09-08 23:45:12
6171,2026-08-31,UPS,UPS,Industrials,Provider_C,GBP,126.27,2106305480865.0,96040692604.0,345037802.0,2026-09-08 14:02:50
6172,2026-08-31,UPS,UPS,Industrials,Provider_D,USD,126.27,2106288657721.0,96039925524.0,345035046.0,2026-09-08 08:04:49
6165,2026-08-31,Union Pacific,UNP,Industrials,Provider_A,USD,131.25,4293014617997.1694,379097199473.0,593476026.0,2026-09-08 22:47:48
6166,2026-08-31,Union Pacific,UNP,Industrials,Provider_B,USD,131.08,3545690886442.0,378584967907.0,592674129.0,2026-09-08 02:10:28
6167,2026-08-31,Union Pacific,UNP,Industrials,Provider_C,USD,130.85,3539642325851.0,377939143387.0,591663091.0,2026-09-08 19:04:39
6168,2026-08-31,Union Pacific,UNP,Industrials,Provider_D,USD,131.12,3546884935560.0,378712460422.0,592873718.0,2026-09-08 04:58:55
6185,2026-08-31,Verizon,VZ,Communication,Provider_A,USD,631.6,3873942303195.0,30271894529.0,708912301.0,2026-09-08 18:10:49
6186,2026-08-31,Verizon,VZ,Communication,Provider_B,USD,631.54,3873614949625.0,30269336511.0,708852397.0,2026-09-08 00:42:05
6187,2026-08-31,Verizon,VZ,Communication,Provider_C,USD,630.74,3868722211676.0,30231103509.0,707957050.0,2026-09-08 04:17:24
6188,2026-08-31,Verizon,VZ,Communication,Provider_D,USD,632.13,3877244726086.0,30297700437.0,709516629.0,2026-09-08 07:35:47
6033,2026-08-31,Visa Inc.,V,Financials,Provider_A,USD,131.71,1083800826834.0,76009681831.0,160351216.0,2026-09-08 05:19:01
6034,2026-08-31,Visa Inc.,V,Financials,Provider_B,USD,132.1,1086970161661.0,76231955266.0,160820128.0,2026-09-08 20:37:30
6035,2026-08-31,Visa Inc.,V,Financials,Provider_C,USD,131.78,1084341379356.0,76047592141.0,160431193.0,2026-09-08 04:46:53
6036,2026-08-31,Visa Inc.,V,Financials,Provider_D,USD,132.25,1088193026984.0,76317717891.0,161001054.0,2026-09-08 23:49:14
6037,2026-08-31,Walmart Inc.,WMT,Consumer,Provider_A,USD,697.54,1301178488761.0,45435638936.0,278287766.0,2026-09-08 20:37:39
6038,2026-08-31,Walmart Inc.,WMT,Consumer,Provider_B,USD,699.21,1304290678332.0,45544312975.0,278953381.0,2026-09-08 06:55:12
6039,2026-08-31,Walmart Inc.,WMT,Consumer,Provider_C,USD,701.52,1308612230834.0,45695216561.0,279877647.0,2026-09-08 09:50:05
6040,2026-08-31,Walmart Inc.,WMT,Consumer,Provider_D,USD,699.24,1304343158451.0,45546145520.0,278964605.0,2026-09-08 11:14:56
6133,2026-08-31,Wells Fargo,WFC,Financials,Provider_A,USD,579.74,628793039373.0,11650488912.0,79493050.0,2026-09-08 15:21:08
6134,2026-08-31,Wells Fargo,WFC,Financials,Provider_B,USD,583.06,632388924135.0,11717114674.0,79947648.0,2026-09-08 06:53:56
6135,2026-08-31,Wells Fargo,WFC,Financials,Provider_C,USD,582.28,631542883046.0,11701438940.0,79840690.0,2026-09-08 14:58:47
6136,2026-08-31,Wells Fargo,WFC,Financials,Provider_D,USD,580.94,630093927263.0,11674592200.0,79657511.0,2026-09-08 12:14:57
6289,2026-09-01,AMD,AMD,Technology,Provider_A,USD,107.04,1470448289819.0,404123455300.0,139940073.0,2026-09-08 06:37:00
6290,2026-09-01,AMD,AMD,Technology,Provider_B,USD,106.65,1465054190504.0,402640994428.0,139426726.0,2026-09-08 07:54:18
6291,2026-09-01,AMD,AMD,Technology,Provider_C,USD,107.17,1472275450879.0,404625614163.0,140113961.0,2026-09-08 07:20:10
6292,2026-09-01,AMD,AMD,Technology,Provider_D,USD,106.66,1465203353000.0,402681988773.0,139440921.0,2026-09-08 14:20:16
6381,2026-09-01,AT&T,T,Communication,Provider_A,USD,285.29,920878396121.0,383062474524.0,225151264.0,2026-09-08 17:57:42
6382,2026-09-01,AT&T,T,Communication,Provider_B,USD,-285.3,920880770185.0,383063462075.0,225151844.0,2026-09-08 00:07:00
6383,2026-09-01,AT&T,T,Communication,Provider_C,USD,286.0,923163406163.0,384012981784.0,225709940.0,2026-09-08 16:19:28
6384,2026-09-01,AT&T,T,Communication,Provider_D,USD,285.12,920327601892.0,382833357845.0,225016596.0,2026-09-08 11:30:11
6317,2026-09-01,AbbVie Inc.,ABBV,Healthcare,Provider_A,USD,604.14,3918494581434.0,380565977238.0,705640459.0,2026-09-08 00:07:15
6318,2026-09-01,AbbVie Inc.,ABBV,Healthcare,Provider_B,USD,603.72,3915742188775.0,380298663610.0,705144810.0,2026-09-08 00:33:01
6319,2026-09-01,AbbVie Inc.,ABBV,Healthcare,Provider_C,USD,602.94,3910676642908.0,379806695490.0,704232609.0,2026-09-08 08:20:43
6320,2026-09-01,AbbVie Inc.,ABBV,Healthcare,Provider_D,USD,603.58,3914841206416.0,380211159793.0,704982561.0,2026-09-08 15:49:57
6277,2026-09-01,Adobe Inc.,ADBE,Technology,Provider_A,USD,37.59,2385675086952.0,438104771063.0,93538290.0,2026-09-08 08:41:36
6278,2026-09-01,Adobe Inc.,ADBE,Technology,Provider_B,USD,37.6,2386134825544.0,438189197342.0,93556315.0,2026-09-08 13:16:37
6279,2026-09-01,Adobe Inc.,ADBE,Technology,Provider_C,USD,37.44,2375864509029.0,436303159009.0,93153634.0,2026-09-08 10:17:36
6280,2026-09-01,Adobe Inc.,ADBE,Technology,Provider_D,USD,13.142499999999998,2383054537055.0,437623533941.0,93435543.0,2026-09-08 13:34:37
6217,2026-09-01,Alphabet Inc.,GOOGL,Communication,Provider_A,USD,481.49,2367339292748.0,322148157247.0,148336455.0,2026-09-08 01:21:27
6218,2026-09-01,Alphabet Inc.,GOOGL,Communication,Provider_B,USD,481.49,2367367027359.0,322151931380.0,148338192.0,2026-09-08 06:10:52
6219,2026-09-01,Alphabet Inc.,GOOGL,Communication,Provider_C,USD,168.378,2365343072736.0,321876511100.0,148211372.0,2026-09-08 11:39:29
6220,2026-09-01,Alphabet Inc.,GOOGL,Communication,Provider_D,USD,481.19,2365892033128.0,321951213775.0,148245770.0,2026-09-08 03:11:37
6213,2026-09-01,Amazon.com Inc.,AMZN,Consumer,Provider_A,USD,68.79,1655428349945.0,127091555694.0,160800613.0,2026-09-08 13:31:54
6214,2026-09-01,Amazon.com Inc.,AMZN,Consumer,Provider_B,USD,68.9,1658104895743.0,127297041102.0,161060601.0,2026-09-08 09:00:53
6215,2026-09-01,Amazon.com Inc.,AMZN,Consumer,Provider_C,USD,68.86,1657248728939.0,127231310941.0,160977437.0,2026-09-08 04:05:23
6216,2026-09-01,Amazon.com Inc.,AMZN,Consumer,Provider_D,USD,68.74,1654244518021.0,127000669827.0,160685621.0,2026-09-08 19:44:15
6201,2026-09-01,Apple Inc.,AAPL,Technology,Provider_A,USD,686.42,1866655833340.0,50171397781.0,446598921.0,2026-09-08 03:31:07
6202,2026-09-01,Apple Inc.,AAPL,Technology,Provider_B,USD,685.6,1864415825017.0,50111191530.0,446062997.0,2026-09-08 15:02:02
6203,2026-09-01,Apple Inc.,AAPL,Technology,Provider_C,USD,,1862795365743.0,50067637328.0,445675301.0,2026-09-08 05:22:54
6204,2026-09-01,Apple Inc.,AAPL,Technology,Provider_D,USD,684.19,1860588945945.0,50008333859.0,445147413.0,2026-09-08 19:41:37
6329,2026-09-01,Bank of America,BAC,Financials,Provider_A,USD,61.26,358808114082.0,173417049836.0,11148618.0,2026-09-08 17:04:07
6330,2026-09-01,Bank of America,BAC,Financials,Provider_B,USD,61.07,357959186170.0,173006750937.0,11122241.0,2026-09-08 09:15:55
6331,2026-09-01,Bank of America,BAC,Financials,Provider_C,USD,110.322,359257012581.0,173634008846.0,11162566.0,2026-09-08 06:02:27
6332,2026-09-01,Bank of America,BAC,Financials,Provider_D,USD,61.2,358746043284.0,173387050139.0,11146689.0,2026-09-08 18:28:56
6337,2026-09-01,Berkshire Hathaway,BRK.B,Financials,Provider_A,USD,472.47,1785567283372.0,41343921796.0,117676888.0,2026-09-08 11:05:56
6338,2026-09-01,Berkshire Hathaway,BRK.B,Financials,Provider_B,USD,472.45,1785503799103.0,41342451849.0,117672704.0,2026-09-08 02:23:52
6339,2026-09-01,Berkshire Hathaway,BRK.B,Financials,Provider_C,USD,473.29,1788665339031.0,41415655733.0,117881063.0,2026-09-08 20:30:24
6340,2026-09-01,Berkshire Hathaway,BRK.B,Financials,Provider_D,USD,472.3,2017602550454.2434,41329206580.0,117635004.0,2026-09-08 02:56:19
6357,2026-09-01,Boeing Co.,BA,Industrials,Provider_A,USD,568.32,721979662745.0,268548284395.0,169235013.0,2026-09-08 21:33:00
6358,2026-09-01,Boeing Co.,BA,Industrials,Provider_B,USD,568.26,721905404168.0,268520663100.0,169217606.0,2026-09-08 06:48:31
6359,2026-09-01,Boeing Co.,BA,Industrials,Provider_C,USD,569.54,723533348637.0,269126194968.0,169599203.0,2026-09-08 22:59:25
6360,2026-09-01,Boeing Co.,BA,Industrials,Provider_D,USD,569.4,723351195753.0,269058441198.0,169556506.0,2026-09-08 18:55:25
6265,2026-09-01,Broadcom Inc.,AVGO,Technology,Provider_A,USD,694.64,1319656267735.0,298531589322.0,133558567.0,2026-09-08 14:32:49
6266,2026-09-01,Broadcom Inc.,AVGO,Technology,Provider_B,USD,693.75,1317967496833.0,298149556915.0,133387651.0,2026-09-08 00:04:55
6267,2026-09-01,Broadcom Inc.,AVGO,Technology,Provider_C,USD,694.81,1319982391782.0,298605364844.0,133591573.0,2026-09-08 17:43:17
6268,2026-09-01,Broadcom Inc.,AVGO,Technology,Provider_D,USD,695.43,1321159766126.0,298871709530.0,133710731.0,2026-09-08 20:50:08
6361,2026-09-01,Caterpillar Inc.,CAT,Industrials,Provider_A,USD,341.58,3385807852923.0,329047223826.0,396603569.0,2026-09-08 10:00:19
6362,2026-09-01,Caterpillar Inc.,CAT,Industrials,Provider_B,USD,340.42,3374285891943.0,327927470598.0,395253920.0,2026-09-08 23:01:47
6363,2026-09-01,Caterpillar Inc.,CAT,Industrials,Provider_C,USD,340.85,3378575758941.0,328344378139.0,395756422.0,2026-09-08 10:30:43
6364,2026-09-01,Caterpillar Inc.,CAT,Industrials,Provider_D,USD,340.17,3371823151774.0,327688131022.0,394965442.0,2026-09-08 10:07:18
6253,2026-09-01,Chevron Corp.,CVX,Energy,Provider_A,USD,219.45,3975290691131.0,395442838319.0,210325640.0,2026-09-08 17:21:43
6254,2026-09-01,Chevron Corp.,CVX,Energy,Provider_B,USD,219.0,3967150186876.0,394633060027.0,209894940.0,2026-09-08 17:56:31
6255,2026-09-01,Chevron Corp.,CVX,Energy,Provider_C,USD,219.55,3977109071052.0,395623722027.0,210421847.0,2026-09-08 07:19:35
6256,2026-09-01,Chevron Corp.,CVX,Energy,Provider_D,USD,219.98,3984900990649.0,396398824790.0,,2026-09-08 19:03:14
6293,2026-09-01,Cisco Systems,CSCO,Technology,Provider_A,USD,76.21,885434450512.0,119847338743.0,36026066.0,2026-09-08 04:53:37
6294,2026-09-01,Cisco Systems,CSCO,Technology,Provider_B,USD,76.27,886183125974.0,119948675168.0,36056528.0,2026-09-08 22:21:26
6295,2026-09-01,Cisco Systems,CSCO,Technology,Provider_C,USD,76.25,885932870485.0,119914802017.0,36046346.0,2026-09-08 21:20:59
6296,2026-09-01,Cisco Systems,CSCO,Technology,Provider_D,USD,76.37,887331406296.0,120104099819.0,36103248.0,2026-09-08 15:00:09
6241,2026-09-01,Coca-Cola,KO,Consumer,Provider_A,USD,448.13,3972849187102.4443,215871995960.0,423317142.0,2026-09-08 12:21:25
6242,2026-09-01,Coca-Cola,KO,Consumer,Provider_B,USD,447.41,2816122156770.0,215522987853.0,422632750.0,2026-09-08 08:59:28
7648,2026-09-01,Coca-Cola,KO,Consumer,Provider_B,USD,447.41,2816122156770.0,215522987853.0,422632750.0,2026-09-08 08:59:28
6243,2026-09-01,Coca-Cola,KO,Consumer,Provider_C,USD,447.09,2814080749111.0,215366755185.0,422326383.0,2026-09-08 20:31:46
6244,2026-09-01,Coca-Cola,KO,Consumer,Provider_D,USD,447.87,2819014497345.0,215744343976.0,423066821.0,2026-09-08 19:00:28
6389,2026-09-01,Comcast,CMCSA,Communication,Provider_A,USD,607.82,366893303966.0,173716282323.0,89680061.0,2026-09-08 00:40:27
6390,2026-09-01,Comcast,CMCSA,Communication,Provider_B,USD,606.95,366370984958.0,173468975230.0,89552390.0,2026-09-08 06:55:57
6391,2026-09-01,Comcast,CMCSA,Communication,Provider_C,USD,608.35,,173868551767.0,89758669.0,2026-09-08 23:34:02
6392,2026-09-01,Comcast,CMCSA,Communication,Provider_D,USD,1823.91,366983371307.0,173758927319.0,89702076.0,2026-09-08 02:18:45
6349,2026-09-01,ConocoPhillips,COP,Energy,Provider_A,USD,287.11,206953097901.0,446450497826.0,16477648.0,2026-09-08 17:35:01
6350,2026-09-01,ConocoPhillips,COP,Energy,Provider_B,USD,287.12,206960871928.0,446467268381.0,16478267.0,2026-09-08 11:59:33
6351,2026-09-01,ConocoPhillips,COP,Energy,Provider_C,USD,287.65,207342814775.0,447291216299.0,16508677.0,2026-09-08 03:39:45
6352,2026-09-01,ConocoPhillips,COP,Energy,Provider_D,USD,287.73,207401928590.0,447418739840.0,16513384.0,2026-09-08 07:57:45
6345,2026-09-01,Duke Energy,DUK,Utilities,Provider_A,USD,639.9,298594186459.0,390070294484.0,54156544.0,2026-09-08 10:14:17
6346,2026-09-01,Duke Energy,DUK,Utilities,Provider_B,USD,638.98,298162107732.0,389505845864.0,54078177.0,2026-09-08 10:46:29
6347,2026-09-01,Duke Energy,DUK,Utilities,Provider_C,USD,641.35,299269710419.0,390952769232.0,54279065.0,2026-09-08 01:29:00
6348,2026-09-01,Duke Energy,DUK,Utilities,Provider_D,USD,640.87,299044950643.0,390659152960.0,54238299.0,2026-09-08 16:49:00
6249,2026-09-01,Exxon Mobil,XOM,Energy,Provider_A,USD,43.39,1402604194631.0,96245275629.0,112051225.0,2026-09-08 08:47:44
6250,2026-09-01,Exxon Mobil,XOM,Energy,Provider_B,USD,43.35,1401431472721.0,96164804642.0,111957539.0,2026-09-08 16:13:57
6251,2026-09-01,Exxon Mobil,XOM,Energy,Provider_C,USD,43.42,1403699595626.0,96320440933.0,112138735.0,2026-09-08 16:07:35
6252,2026-09-01,Exxon Mobil,XOM,Energy,Provider_D,USD,43.27,1398928180543.0,95993031275.0,111757556.0,2026-09-08 22:44:51
6321,2026-09-01,Goldman Sachs,GS,Financials,Provider_A,USD,687.42,3759117789910.0,100190342444.0,868984212.0,2026-09-08 12:33:55
6322,2026-09-01,Goldman Sachs,GS,Financials,Provider_B,USD,688.24,3763579709763.0,100309264304.0,870015661.0,2026-09-08 18:49:09
6323,2026-09-01,Goldman Sachs,GS,Financials,Provider_C,USD,685.42,3748201583189.0,99899396922.0,866460745.0,2026-09-08 17:46:58
6324,2026-09-01,Goldman Sachs,GS,Financials,Provider_D,USD,687.4,3759020126830.0,100187739467.0,868961636.0,2026-09-08 02:32:31
6373,2026-09-01,Home Depot,HD,Consumer,Provider_A,USD,314.06,1337815218943.0,179649939842.0,260125379.0,2026-09-08 04:53:59
6374,2026-09-01,Home Depot,HD,Consumer,Provider_B,USD,313.59,1335813911533.0,179381192148.0,259736244.0,2026-09-08 07:36:45
6375,2026-09-01,Home Depot,HD,Consumer,Provider_C,USD,314.15,1338203276724.0,179702050594.0,260200833.0,2026-09-08 04:33:38
6376,2026-09-01,Home Depot,HD,Consumer,Provider_D,USD,313.85,1336946413297.0,179533271352.0,259956448.0,2026-09-08 18:20:53
6285,2026-09-01,Intel Corp.,INTC,Technology,Provider_A,USD,168.7,2202853383905.0,208233751728.0,406260315.0,2026-09-08 22:50:36
6286,2026-09-01,Intel Corp.,INTC,Technology,Provider_B,USD,168.77,2203835715494.0,208326610651.0,406441481.0,2026-09-08 02:15:05
6287,2026-09-01,Intel Corp.,INTC,Technology,Provider_C,USD,168.44,2199513057521.0,207917993676.0,405644277.0,2026-09-08 20:19:25
6288,2026-09-01,Intel Corp.,INTC,Technology,Provider_D,USD,,2197680029166.0,207744719152.0,405306221.0,2026-09-08 15:48:56
6229,2026-09-01,JPMorgan Chase,JPM,Financials,Provider_A,USD,715.13,2167887533235.0,165424725396.0,514080324.0,2026-09-08 01:52:15
6230,2026-09-01,JPMorgan Chase,JPM,Financials,Provider_B,USD,715.6,2169332760462.0,165535006171.0,514423036.0,2026-09-08 11:33:21
6231,2026-09-01,JPMorgan Chase,JPM,Financials,Provider_C,USD,717.09,2173842700164.0,165879145581.0,515492497.0,2026-09-08 04:39:04
6232,2026-09-01,JPMorgan Chase,JPM,Financials,Provider_D,USD,715.81,2169951993203.0,165582257887.0,514569878.0,2026-09-08 08:38:19
6245,2026-09-01,Johnson & Johnson,JNJ,Healthcare,Provider_A,USD,560.77,1399065948009.0,292645915398.0,300413769.0,2026-09-08 05:03:46
6246,2026-09-01,Johnson & Johnson,JNJ,Healthcare,Provider_B,USD,561.37,1400574291304.0,292961419113.0,300737648.0,2026-09-08 17:12:58
6247,2026-09-01,Johnson & Johnson,JNJ,Healthcare,Provider_C,USD,560.79,1399113240736.0,292655807729.0,300423924.0,2026-09-08 15:06:59
6248,2026-09-01,Johnson & Johnson,JNJ,Healthcare,Provider_D,USD,560.31,,292406853117.0,300168361.0,2026-09-08 23:32:34
6353,2026-09-01,Lockheed Martin,LMT,Industrials,Provider_A,USD,459.18,3917288134888.0,141032246887.0,532969924.0,2026-09-08 19:03:40
6354,2026-09-01,Lockheed Martin,LMT,Industrials,Provider_B,USD,459.21,3917564259660.0,141042188074.0,533007492.0,2026-09-08 22:11:47
6355,2026-09-01,Lockheed Martin,LMT,Industrials,Provider_C,USD,459.87,3923118334141.0,141242148755.0,533763157.0,2026-09-08 19:15:40
6356,2026-09-01,Lockheed Martin,LMT,Industrials,Provider_D,USD,459.14,3916953280387.0,,532924365.0,2026-09-08 02:16:13
6377,2026-09-01,Lowe's,LOW,Consumer,Provider_A,USD,396.95,1020784315188.0,328567852152.0,148593271.0,2026-09-08 07:06:59
6378,2026-09-01,Lowe's,LOW,Consumer,Provider_B,USD,397.57,1022378500148.0,329080984966.0,148825333.0,2026-09-08 16:56:55
6379,2026-09-01,Lowe's,LOW,Consumer,Provider_C,USD,397.39,1021937589765.0,,148761150.0,2026-09-08 23:42:53
6380,2026-09-01,Lowe's,LOW,Consumer,Provider_D,USD,397.38,1021907608430.0,328929415356.0,148756786.0,2026-09-08 03:27:01
6261,2026-09-01,Mastercard Inc.,MA,Financials,Provider_A,USD,670.03,2446571731049.084,420992717423.0,315153017.0,2026-09-08 08:53:27
6262,2026-09-01,Mastercard Inc.,MA,Financials,Provider_B,USD,671.01,2005707260575.0,421608847870.0,315614249.0,2026-09-08 23:27:13
6263,2026-09-01,Mastercard Inc.,MA,Financials,Provider_C,USD,668.96,1999591837031.0,420323357846.0,314651938.0,2026-09-08 11:11:54
6264,2026-09-01,Mastercard Inc.,MA,Financials,Provider_D,USD,670.37,2003799057704.0,421207734891.0,315313978.0,2026-09-08 04:00:06
6301,2026-09-01,McDonald's,MCD,Consumer,Provider_A,USD,615.57,1225635471135.0,442804508376.0,168671513.0,2026-09-08 06:11:52
6302,2026-09-01,McDonald's,MCD,Consumer,Provider_B,USD,616.35,1496444982744.5286,443368250386.0,168886251.0,2026-09-08 05:41:58
6303,2026-09-01,McDonald's,MCD,Consumer,Provider_C,USD,616.96,1228408814693.0,443806477607.0,169053179.0,2026-09-08 18:49:24
6304,2026-09-01,McDonald's,MCD,Consumer,Provider_D,USD,616.55,1227589532614.0,443510482748.0,168940430.0,2026-09-08 01:48:16
6313,2026-09-01,Merck & Co.,MRK,Healthcare,Provider_A,USD,170.05,2000812615659.0,58546325354.0,400328239.0,2026-09-08 17:43:54
6314,2026-09-01,Merck & Co.,MRK,Healthcare,Provider_B,USD,169.77,1997480790253.0,58448831900.0,399661598.0,2026-09-08 23:45:03
6315,2026-09-01,Merck & Co.,MRK,Healthcare,Provider_C,USD,169.89,1998835673661.0,58488477514.0,399932687.0,2026-09-08 16:07:20
6316,2026-09-01,Merck & Co.,MRK,Healthcare,Provider_D,USD,169.12,1989870464659.0,58226144080.0,398138902.0,2026-09-08 10:53:38
6221,2026-09-01,Meta Platforms,META,Communication,Provider_A,USD,335.34,2372110417504.523,293202591974.0,312906660.0,2026-09-08 07:25:57
6222,2026-09-01,Meta Platforms,META,Communication,Provider_B,USD,335.0,1722581301409.0,292907757865.0,312592013.0,2026-09-08 20:15:53
6223,2026-09-01,Meta Platforms,META,Communication,Provider_C,USD,334.45,1719773964481.0,292430398239.0,312082573.0,2026-09-08 23:46:39
6224,2026-09-01,Meta Platforms,META,Communication,Provider_D,USD,335.12,1723213549632.0,293015265365.0,312706745.0,2026-09-08 10:30:19
6205,2026-09-01,Microsoft Corp.,MSFT,Technology,Provider_A,USD,208.2,3037487552261.0,64896176237.0,558881239.0,2026-09-08 10:06:01
6206,2026-09-01,Microsoft Corp.,MSFT,Technology,Provider_B,USD,209.15,3051361128158.0,65192586350.0,561433902.0,2026-09-08 16:17:50
6207,2026-09-01,Microsoft Corp.,MSFT,Technology,Provider_C,USD,208.5,3041770886296.0,64987690028.0,559669349.0,2026-09-08 14:04:08
6208,2026-09-01,Microsoft Corp.,MSFT,Technology,Provider_D,USD,209.33,3053899421877.0,65246817208.0,561900934.0,2026-09-08 01:54:12
6325,2026-09-01,Morgan Stanley,MS,Financials,Provider_A,USD,70.78,1925548495896.0,229914236669.0,167944237.0,2026-09-08 23:28:54
6326,2026-09-01,Morgan Stanley,MS,Financials,Provider_B,USD,71.07,1933585534052.0,230873874661.0,168645219.0,2026-09-08 10:34:29
6327,2026-09-01,Morgan Stanley,MS,Financials,Provider_C,USD,71.08,1933643051849.0,230880742398.0,168650235.0,2026-09-08 12:06:00
6328,2026-09-01,Morgan Stanley,MS,Financials,Provider_D,USD,70.98,1931161930741.0,230584491711.0,168433835.0,2026-09-08 00:56:44
7661,2026-09-01,Morgan Stanley,MS,Financials,Provider_D,USD,70.98,1931161930741.0,230584491711.0,168433835.0,2026-09-08 00:56:44
6209,2026-09-01,NVIDIA Corp.,NVDA,Technology,Provider_A,USD,227.1,211094847376.0,257067517116.0,36506372.0,2026-09-08 18:13:26
6210,2026-09-01,NVIDIA Corp.,NVDA,Technology,Provider_B,USD,227.21,211204466187.0,257201008936.0,36525329.0,2026-09-08 14:39:54
6211,2026-09-01,NVIDIA Corp.,NVDA,Technology,Provider_C,USD,226.9,210915314920.0,256848885712.0,36475324.0,2026-09-08 11:33:11
6212,2026-09-01,NVIDIA Corp.,NVDA,Technology,Provider_D,USD,226.83,210847989370.0,256766897866.0,36463681.0,2026-09-08 06:47:07
6273,2026-09-01,Netflix Inc.,NFLX,Communication,Provider_A,USD,242.0,1709281219808.0,,211857349.0,2026-09-08 00:34:14
6274,2026-09-01,Netflix Inc.,NFLX,Communication,Provider_B,USD,242.18,1710483815243.0,140290018724.0,212006405.0,2026-09-08 08:06:30
6275,2026-09-01,Netflix Inc.,NFLX,Communication,Provider_C,USD,241.91,1708610191199.0,140136348312.0,211774178.0,2026-09-08 14:21:43
6276,2026-09-01,Netflix Inc.,NFLX,Communication,Provider_D,USD,242.2,1710645940348.0,140303315859.0,212026499.0,2026-09-08 03:19:28
6341,2026-09-01,NextEra Energy,NEE,Utilities,Provider_A,USD,47.65,2637515224825.0,415075897229.0,323643139.0,2026-09-08 00:58:48
6342,2026-09-01,NextEra Energy,NEE,Utilities,Provider_B,USD,47.76,2643523871087.0,416021500960.0,324380446.0,2026-09-08 09:22:29
6343,2026-09-01,NextEra Energy,NEE,Utilities,Provider_C,USD,47.61,2635422308231.0,414746526909.0,323386322.0,2026-09-08 14:09:33
6344,2026-09-01,NextEra Energy,NEE,Utilities,Provider_D,USD,47.56,2632867639188.0,414344488833.0,323072845.0,2026-09-08 05:31:28
6305,2026-09-01,Nike Inc.,NKE,Consumer,Provider_A,USD,369.72,1107626723741.0,359964323727.0,249733903.0,2026-09-08 02:19:32
6306,2026-09-01,Nike Inc.,NKE,Consumer,Provider_B,USD,368.53,1104058863590.0,358804815439.0,248929466.0,2026-09-08 23:57:22
6307,2026-09-01,Nike Inc.,NKE,Consumer,Provider_C,USD,368.22,1103108451258.0,358495943754.0,248715179.0,2026-09-08 09:24:19
6308,2026-09-01,Nike Inc.,NKE,Consumer,Provider_D,USD,368.41,1103678030297.0,358681049556.0,248843601.0,2026-09-08 18:49:22
6269,2026-09-01,Oracle Corp.,ORCL,Technology,Provider_A,USD,532.28,1528655474499.0,367194720280.0,342769837.0,2026-09-08 14:53:51
6270,2026-09-01,Oracle Corp.,ORCL,Technology,Provider_B,USD,534.31,1534489908070.0,368596195785.0,344078090.0,2026-09-08 18:32:39
6271,2026-09-01,Oracle Corp.,ORCL,Technology,Provider_C,USD,534.51,1535069229113.0,368735353124.0,344207991.0,2026-09-08 05:20:58
6272,2026-09-01,Oracle Corp.,ORCL,Technology,Provider_D,USD,534.11,1533912777967.0,368457564727.0,343948680.0,2026-09-08 02:07:06
6297,2026-09-01,PepsiCo,PEP,Consumer,Provider_A,USD,232.96,3342452116953.0,409171818334.0,546635027.0,2026-09-08 18:31:27
6298,2026-09-01,PepsiCo,PEP,Consumer,Provider_B,USD,232.7,3338693943367.0,408711755283.0,546020404.0,2026-09-08 12:05:40
6299,2026-09-01,PepsiCo,PEP,Consumer,Provider_C,USD,234.86,3343187043065.0,409261785533.0,546755219.0,INVALID_TIMESTAMP
6300,2026-09-01,PepsiCo,PEP,Consumer,Provider_D,USD,233.0,3343043405735.0,409244201931.0,546731728.0,2026-09-08 10:46:01
6309,2026-09-01,Pfizer Inc.,PFE,Healthcare,Provider_A,USD,229.88,3737349872465.0,199952044395.0,599435274.0,2026-09-08 15:02:04
6310,2026-09-01,Pfizer Inc.,PFE,Healthcare,Provider_B,USD,229.96,3738643140901.0,200021235580.0,599642702.0,2026-09-08 08:35:56
6311,2026-09-01,Pfizer Inc.,PFE,Healthcare,Provider_C,USD,229.58,3732407858182.0,199687641571.0,598642622.0,2026-09-08 20:38:16
6312,2026-09-01,Pfizer Inc.,PFE,Healthcare,Provider_D,USD,229.28,3727560817886.0,199428319953.0,597865203.0,2026-09-08 23:23:35
6257,2026-09-01,Procter & Gamble,PG,Consumer,Provider_A,USD,705.05,3131123121315.0,65485195106.0,112427664.0,2026-09-08 05:57:09
6258,2026-09-01,Procter & Gamble,PG,Consumer,Provider_B,USD,2117.46,3134546503448.0,65556792689.0,112550586.0,2026-09-08 06:43:58
6259,2026-09-01,Procter & Gamble,PG,Consumer,Provider_C,USD,705.25,3132030082383.0,65504163547.0,112460230.0,2026-09-08 13:47:14
6260,2026-09-01,Procter & Gamble,PG,Consumer,Provider_D,USD,705.6,3133591589076.0,65536821339.0,112516298.0,2026-09-08 11:59:46
6393,2026-09-01,Qualcomm,QCOM,Technology,Provider_A,USD,502.51,2452072409941.0,60442706006.0,345205671.0,2026-09-08 01:00:52
6394,2026-09-01,Qualcomm,QCOM,Technology,Provider_B,USD,500.51,2442322012204.0,60202362197.0,343832998.0,2026-09-08 12:44:45
6395,2026-09-01,Qualcomm,QCOM,Technology,Provider_C,USD,500.01,2439849069029.0,60141405034.0,343484854.0,2026-09-08 18:16:49
6396,2026-09-01,Qualcomm,QCOM,Technology,Provider_D,USD,501.19,2445631158191.0,60283931459.0,344298864.0,2026-09-08 11:46:27
6281,2026-09-01,Salesforce Inc.,CRM,Technology,Provider_A,USD,595.54,3268517011831.0,55603196035.0,356919305.0,2026-09-08 06:14:48
6282,2026-09-01,Salesforce Inc.,CRM,Technology,Provider_B,USD,594.98,3265459877530.0,55551188829.0,356585469.0,2026-09-08 08:42:09
6283,2026-09-01,Salesforce Inc.,CRM,Technology,Provider_C,USD,594.36,3262022094180.0,55492706117.0,356210066.0,2026-09-08 09:55:17
6284,2026-09-01,Salesforce Inc.,CRM,Technology,Provider_D,USD,603.11,3261167613133.0,55478169898.0,356116757.0,2026-09-08 14:20:39
6225,2026-09-01,Tesla Inc.,TSLA,Automotive,Provider_A,USD,420.56,3217576670648.0,185574048775.0,315557190.0,2026-09-08 17:58:19
6226,2026-09-01,Tesla Inc.,TSLA,Automotive,Provider_B,USD,419.54,3209839925686.0,185127831254.0,314798425.0,2026-09-08 01:34:39
6227,2026-09-01,Tesla Inc.,TSLA,Automotive,Provider_C,USD,419.43,3208961968795.0,185077195004.0,314712321.0,2026-09-08 05:55:34
6228,2026-09-01,Tesla Inc.,TSLA,Automotive,Provider_D,USD,420.02,3213494658490.0,185338618325.0,315156855.0,2026-09-08 22:35:55
6397,2026-09-01,Texas Instruments,TXN,Technology,Provider_A,USD,141.55,3677078369434.0,312840777745.0,501424029.0,2026-09-08 02:20:40
6398,2026-09-01,Texas Instruments,TXN,Technology,Provider_B,USD,140.88,3659419548064.0,311338389475.0,499015987.0,2026-09-08 08:49:42
6399,2026-09-01,Texas Instruments,TXN,Technology,Provider_C,USD,,3670841568834.0,312310159316.0,500573549.0,2026-09-08 15:45:06
6400,2026-09-01,Texas Instruments,TXN,Technology,Provider_D,USD,141.05,3664023225554.0,311730064033.0,499643767.0,INVALID_TIMESTAMP
6369,2026-09-01,UPS,UPS,Industrials,Provider_A,USD,125.32,2099383090999.0,95925333626.0,504080001.0,2026-09-08 07:52:58
6370,2026-09-01,UPS,UPS,Industrials,Provider_B,USD,125.69,2105672229678.0,96212697914.0,505590077.0,2026-09-08 04:00:40
6371,2026-09-01,UPS,UPS,Industrials,Provider_C,USD,126.0,2110892667592.0,96451230962.0,506843549.0,2026-09-08 21:13:10
6372,2026-09-01,UPS,UPS,Industrials,Provider_D,USD,125.45,2101663325648.0,96029522457.0,504627505.0,2026-09-08 10:06:13
6365,2026-09-01,Union Pacific,UNP,Industrials,Provider_A,USD,132.62,3549993350863.0,379412216184.0,839533199.0,2026-09-08 09:04:46
6366,2026-09-01,Union Pacific,UNP,Industrials,Provider_B,USD,132.56,3548483699978.0,379250869407.0,839176184.0,2026-09-08 13:50:31
6367,2026-09-01,Union Pacific,UNP,Industrials,Provider_C,USD,132.46,3545669230782.0,378950067718.0,838510594.0,2026-09-08 09:07:08
6368,2026-09-01,Union Pacific,UNP,Industrials,Provider_D,USD,132.21,3539023876996.0,378239833034.0,836939043.0,2026-09-08 05:58:57
6385,2026-09-01,Verizon,VZ,Communication,Provider_A,USD,644.29,3876238464815.0,30253075589.0,156551458.0,2026-09-08 14:15:00
6386,2026-09-01,Verizon,VZ,Communication,Provider_B,USD,646.51,3889560352302.0,-30357049603.0,157089495.0,2026-09-08 02:04:19
6387,2026-09-01,Verizon,VZ,Communication,Provider_C,USD,643.57,3871896395170.0,30219186818.0,156376093.0,2026-09-08 08:11:26
6388,2026-09-01,Verizon,VZ,Communication,Provider_D,USD,644.6,3878112439451.0,30267701495.0,156627143.0,2026-09-08 09:19:28
6233,2026-09-01,Visa Inc.,V,Financials,Provider_A,USD,133.34,1083882375295.0,75932563756.0,,2026-09-08 06:07:08
6234,2026-09-01,Visa Inc.,V,Financials,Provider_B,USD,133.52,1085403347532.0,76039117127.0,49658288.0,2026-09-08 05:48:10
6235,2026-09-01,Visa Inc.,V,Financials,Provider_C,USD,133.46,1084847919198.0,76000205989.0,49632877.0,2026-09-08 21:21:39
6236,2026-09-01,Visa Inc.,V,Financials,Provider_D,USD,133.78,1087474943549.0,76184245049.0,49753066.0,2026-09-08 23:44:10
6237,2026-09-01,Walmart Inc.,WMT,Consumer,Provider_A,USD,700.7,1304915301136.0,,157458598.0,2026-09-08 01:21:28
6238,2026-09-01,Walmart Inc.,WMT,Consumer,Provider_B,USD,701.36,1771308055086.9614,45625221362.0,157608234.0,2026-09-08 12:48:37
6239,2026-09-01,Walmart Inc.,WMT,Consumer,Provider_C,USD,699.72,1303101074529.0,45518531487.0,157239683.0,2026-09-08 03:24:54
6240,2026-09-01,Walmart Inc.,WMT,Consumer,Provider_D,USD,699.84,1303320619616.0,45526200401.0,157266175.0,2026-09-08 00:45:47
6333,2026-09-01,Wells Fargo,WFC,Financials,Provider_A,USD,578.81,629005573357.0,11680818555.0,44463602.0,2026-09-08 06:55:42
6334,2026-09-01,Wells Fargo,WFC,Financials,Provider_B,USD,579.69,629961273868.0,11698566195.0,44531159.0,2026-09-08 01:27:20
6335,2026-09-01,Wells Fargo,WFC,Financials,Provider_C,USD,579.41,629659256179.0,11692957638.0,44509810.0,2026-09-08 05:10:50
6336,2026-09-01,Wells Fargo,WFC,Financials,Provider_D,USD,579.15,629377533212.0,11687725959.0,44489895.0,2026-09-08 09:57:24
6489,2026-09-02,AMD,AMD,Technology,Provider_A,USD,108.5,1472292109769.0,404005452904.0,344148212.0,2026-09-08 07:49:07
6490,2026-09-02,AMD,AMD,Technology,Provider_B,USD,108.52,1472639290336.0,404100721255.0,344229365.0,2026-09-08 02:27:46
6491,2026-09-02,AMD,AMD,Technology,Provider_C,USD,108.4,1470878984684.0,403617683224.0,343817894.0,2026-09-08 16:59:30
6492,2026-09-02,AMD,AMD,Technology,Provider_D,USD,108.19,1468045656361.0,402840201579.0,343155604.0,2026-09-08 22:30:19
6581,2026-09-02,AT&T,T,Communication,Provider_A,USD,282.79,919481542640.0,383317499371.0,54967066.0,2026-09-08 19:14:01
6582,2026-09-02,AT&T,T,Communication,Provider_B,USD,283.09,920474640498.0,383731506363.0,55026434.0,2026-09-08 08:24:27
6583,2026-09-02,AT&T,T,Communication,Provider_C,USD,283.23,920905495890.0,383911123249.0,55052191.0,2026-09-08 23:13:40
6584,2026-09-02,AT&T,T,Communication,Provider_D,USD,283.05,920320940017.0,383667431032.0,55017246.0,2026-09-08 21:46:11
6517,2026-09-02,AbbVie Inc.,ABBV,Healthcare,Provider_A,USD,605.63,3919418874396.0,380538790321.0,274476773.0,2026-09-08 21:49:14
6518,2026-09-02,AbbVie Inc.,ABBV,Healthcare,Provider_B,USD,604.58,3912641903100.0,-379880810007.0,274002182.0,2026-09-08 23:14:45
6519,2026-09-02,AbbVie Inc.,ABBV,Healthcare,Provider_C,USD,605.68,3919770309596.0,380572911380.0,274501384.0,2026-09-08 05:09:27
6520,2026-09-02,AbbVie Inc.,ABBV,Healthcare,Provider_D,USD,603.84,3907833176667.0,379413927799.0,273665427.0,2026-09-08 00:44:53
6477,2026-09-02,Adobe Inc.,ADBE,Technology,Provider_A,USD,36.92,2384582904248.0,437631067410.0,432703097.0,2026-09-08 23:30:53
6478,2026-09-02,Adobe Inc.,ADBE,Technology,Provider_B,USD,36.87,2381099588588.0,436991791188.0,432071019.0,2026-09-08 04:07:54
6479,2026-09-02,Adobe Inc.,ADBE,Technology,Provider_C,USD,36.9,2383483344816.0,437429270539.0,432503572.0,2026-09-08 15:30:04
6480,2026-09-02,Adobe Inc.,ADBE,Technology,Provider_D,USD,36.96,2387159349573.0,438103910067.0,,2026-09-08 06:27:45
6417,2026-09-02,Alphabet Inc.,GOOGL,Communication,Provider_A,USD,486.75,2363727612198.0,321893390472.0,100180712.0,2026-09-08 03:26:08
6418,2026-09-02,Alphabet Inc.,GOOGL,Communication,Provider_B,USD,486.91,2364464689796.0,321993766000.0,100211951.0,2026-09-08 05:33:05
6419,2026-09-02,Alphabet Inc.,GOOGL,Communication,Provider_C,USD,486.34,2361709100933.0,321618508784.0,100095163.0,INVALID_TIMESTAMP
6420,2026-09-02,Alphabet Inc.,GOOGL,Communication,Provider_D,USD,487.21,2365936351297.0,322194177463.0,100274324.0,2026-09-08 12:43:41
6413,2026-09-02,Amazon.com Inc.,AMZN,Consumer,Provider_A,USD,69.16,1659296613349.0,127258173526.0,185162829.0,2026-09-08 12:53:15
6414,2026-09-02,Amazon.com Inc.,AMZN,Consumer,Provider_B,USD,69.22,1660732290691.0,127368281433.0,185323037.0,2026-09-08 00:30:07
7665,2026-09-02,Amazon.com Inc.,AMZN,Consumer,Provider_B,USD,69.22,1660732290691.0,127368281433.0,185323037.0,2026-09-08 00:30:07
6415,2026-09-02,Amazon.com Inc.,AMZN,Consumer,Provider_C,USD,69.04,1656399347813.0,127035970505.0,184839519.0,2026-09-08 22:48:07
6416,2026-09-02,Amazon.com Inc.,AMZN,Consumer,Provider_D,USD,69.05,1656551650935.0,127047651248.0,184856515.0,2026-09-08 06:38:52
6401,2026-09-02,Apple Inc.,AAPL,Technology,Provider_A,USD,689.26,1865279690264.0,50155033717.0,357493929.0,2026-09-08 14:22:19
6402,2026-09-02,Apple Inc.,AAPL,Technology,Provider_B,USD,686.43,1857601130052.0,49948566854.0,356022279.0,2026-09-08 16:50:37
6403,2026-09-02,Apple Inc.,AAPL,Technology,Provider_C,USD,688.18,1862333850890.0,50075823788.0,356929338.0,2026-09-08 16:43:55
6404,2026-09-02,Apple Inc.,AAPL,Technology,Provider_D,USD,689.61,1866225790468.0,50180473166.0,357675256.0,2026-09-08 20:06:46
6529,2026-09-02,Bank of America,BAC,Financials,Provider_A,USD,62.55,358478822460.0,173631781330.0,89027461.0,2026-09-08 03:10:54
6530,2026-09-02,Bank of America,BAC,Financials,Provider_B,USD,62.45,357880387232.0,173341924947.0,88878841.0,2026-09-08 08:07:49
6531,2026-09-02,Bank of America,BAC,Financials,Provider_C,USD,62.37,357418933578.0,173118416570.0,88764240.0,2026-09-08 04:27:22
6532,2026-09-02,Bank of America,BAC,Financials,Provider_D,USD,62.51,358216382973.0,173504666887.0,88962285.0,2026-09-08 16:17:40
6537,2026-09-02,Berkshire Hathaway,BRK.B,Financials,Provider_A,USD,476.19,1783737858590.0,41258724776.0,412848189.0,2026-09-08 21:38:43
6538,2026-09-02,Berkshire Hathaway,BRK.B,Financials,Provider_B,USD,476.29,1784094815443.0,41266981362.0,412930807.0,2026-09-08 04:44:13
6539,2026-09-02,Berkshire Hathaway,BRK.B,Financials,Provider_C,USD,475.75,1782060339774.0,41219922949.0,412459925.0,2026-09-08 17:12:00
6540,2026-09-02,Berkshire Hathaway,BRK.B,Financials,Provider_D,USD,477.33,1787998282232.0,41357270448.0,413834269.0,2026-09-08 15:35:55
6557,2026-09-02,Boeing Co.,BA,Industrials,Provider_A,USD,575.41,721499156609.0,268557457196.0,143393903.0,2026-09-08 13:53:43
6558,2026-09-02,Boeing Co.,BA,Industrials,Provider_B,USD,575.49,721599634938.0,268594857385.0,143413872.0,2026-09-08 08:01:34
6559,2026-09-02,Boeing Co.,BA,Industrials,Provider_C,USD,574.83,720772721979.0,268287062650.0,143249528.0,2026-09-08 12:36:52
6560,2026-09-02,Boeing Co.,BA,Industrials,Provider_D,USD,574.85,720802753735.0,268298241113.0,143255497.0,2026-09-08 06:38:57
6465,2026-09-02,Broadcom Inc.,AVGO,Technology,Provider_A,USD,687.52,1319753757210.0,298516331933.0,60302324.0,2026-09-08 22:07:23
6466,2026-09-02,Broadcom Inc.,AVGO,Technology,Provider_B,USD,688.53,1321683654645.0,298952857232.0,60390505.0,2026-09-08 08:08:04
6467,2026-09-02,Broadcom Inc.,AVGO,Technology,Provider_C,USD,688.47,1321572789909.0,298927780634.0,60385439.0,2026-09-08 03:11:06
6468,2026-09-02,Broadcom Inc.,AVGO,Technology,Provider_D,USD,686.83,1318416572884.0,298213872964.0,60241225.0,2026-09-08 22:19:04
6561,2026-09-02,Caterpillar Inc.,CAT,Industrials,Provider_A,USD,342.12,4140129502015.134,327576914842.0,171955085.0,2026-09-08 02:31:25
6562,2026-09-02,Caterpillar Inc.,CAT,Industrials,Provider_B,USD,341.59,3365829059528.0,327074987134.0,171691608.0,2026-09-08 01:54:39
6563,2026-09-02,Caterpillar Inc.,CAT,Industrials,Provider_C,USD,341.99,3369766378943.0,327457596790.0,171892452.0,2026-09-08 19:58:56
6564,2026-09-02,Caterpillar Inc.,CAT,Industrials,Provider_D,USD,343.24,3382051904082.0,328651444696.0,,2026-09-08 07:53:39
6453,2026-09-02,Chevron Corp.,CVX,Energy,Provider_A,USD,223.75,3989014934254.0,396239603317.0,867530523.0,2026-09-08 22:16:20
6454,2026-09-02,Chevron Corp.,CVX,Energy,Provider_B,USD,222.59,3968408525782.0,394192713232.0,863049043.0,2026-09-08 21:13:00
6455,2026-09-02,Chevron Corp.,CVX,Energy,Provider_C,USD,223.82,3990327299050.0,396369964049.0,867815936.0,2026-09-08 23:30:59
6456,2026-09-02,Chevron Corp.,CVX,Energy,Provider_D,GBP,223.04,3976432837877.0,394989789777.0,864794170.0,2026-09-08 23:57:05
6493,2026-09-02,Cisco Systems,CSCO,Technology,Provider_A,USD,75.3,884392330942.0,120012987168.0,87099101.0,2026-09-08 09:49:02
6494,2026-09-02,Cisco Systems,CSCO,Technology,Provider_B,USD,75.08,881880699446.0,119672156082.0,86851744.0,2026-09-08 16:26:10
6495,2026-09-02,Cisco Systems,CSCO,Technology,Provider_C,USD,75.15,882715920677.0,119785496498.0,86934000.0,2026-09-08 15:51:03
6496,2026-09-02,Cisco Systems,CSCO,Technology,Provider_D,USD,75.11,882225589462.0,,86885710.0,2026-09-08 18:03:59
6441,2026-09-02,Coca-Cola,KO,Consumer,Provider_A,USD,457.03,2813102178065.0,215401728845.0,146614488.0,2026-09-08 02:09:40
6442,2026-09-02,Coca-Cola,KO,Consumer,Provider_B,USD,456.42,2809320371663.0,215112152574.0,146417387.0,2026-09-08 23:23:56
6443,2026-09-02,Coca-Cola,KO,Consumer,Provider_C,USD,457.2,3942271855100.408,215479571334.0,146667472.0,2026-09-08 16:48:40
6444,2026-09-02,Coca-Cola,KO,Consumer,Provider_D,USD,457.08,2813369711242.0,215422214098.0,146628432.0,2026-09-08 04:08:27
6589,2026-09-02,Comcast,CMCSA,Communication,Provider_A,USD,614.55,368433838550.0,174000512732.0,17948782.0,2026-09-08 13:47:35
6590,2026-09-02,Comcast,CMCSA,Communication,Provider_B,USD,613.0,367504176443.0,173561460543.0,17903492.0,2026-09-08 21:56:10
6591,2026-09-02,Comcast,CMCSA,Communication,Provider_C,USD,612.84,367411992388.0,173517924713.0,17899001.0,2026-09-08 19:15:35
6592,2026-09-02,Comcast,CMCSA,Communication,Provider_D,USD,613.65,367893357245.0,173745259239.0,17922452.0,2026-09-08 12:51:51
6549,2026-09-02,ConocoPhillips,COP,Energy,Provider_A,USD,296.56,207711498148.0,448011645282.0,33508822.0,2026-09-08 12:33:16
6550,2026-09-02,ConocoPhillips,COP,Energy,Provider_B,USD,295.95,207280810804.0,447082698414.0,33439342.0,2026-09-08 09:49:23
6551,2026-09-02,ConocoPhillips,COP,Energy,Provider_C,USD,296.48,207653990576.0,447887607555.0,33499545.0,2026-09-08 07:43:59
6552,2026-09-02,ConocoPhillips,COP,Energy,Provider_D,USD,296.8,207878288841.0,448371395094.0,33535730.0,2026-09-08 12:31:42
6545,2026-09-02,Duke Energy,DUK,Utilities,Provider_A,USD,633.85,298331460138.0,389852319215.0,58056656.0,2026-09-08 04:29:32
6546,2026-09-02,Duke Energy,DUK,Utilities,Provider_B,USD,634.53,298651140923.0,390270070314.0,58118868.0,2026-09-08 18:45:57
6547,2026-09-02,Duke Energy,DUK,Utilities,Provider_C,USD,634.2,298493383427.0,390063916642.0,58088167.0,2026-09-08 04:49:38
6548,2026-09-02,Duke Energy,DUK,Utilities,Provider_D,USD,640.87,299170962979.0,390949361173.0,58220027.0,2026-09-08 17:00:56
6449,2026-09-02,Exxon Mobil,XOM,Energy,Provider_A,USD,43.2,1402314238003.0,96274600484.0,208406094.0,2026-09-08 04:22:33
6450,2026-09-02,Exxon Mobil,XOM,Energy,Provider_B,USD,43.35,1402000244256.0,96253043531.0,208359430.0,2026-09-08 09:36:10
6451,2026-09-02,Exxon Mobil,XOM,Energy,Provider_C,USD,43.09,1398866579175.0,96037904623.0,207893717.0,2026-09-08 20:44:13
6452,2026-09-02,Exxon Mobil,XOM,Energy,Provider_D,USD,43.08,1398349501359.0,96002405119.0,207816871.0,2026-09-08 13:40:22
6521,2026-09-02,Goldman Sachs,GS,Financials,Provider_A,USD,705.54,3783021960859.0,100613479120.0,138215514.0,2026-09-08 13:32:00
6522,2026-09-02,Goldman Sachs,GS,Financials,Provider_B,USD,702.96,3769179108856.0,100245313797.0,137709755.0,2026-09-08 03:35:37
6523,2026-09-02,Goldman Sachs,GS,Financials,Provider_C,USD,703.67,4406513086724.392,100347130895.0,137849624.0,2026-09-08 12:45:12
6524,2026-09-02,Goldman Sachs,GS,Financials,Provider_D,USD,703.56,3772399167366.0,100330954666.0,137827402.0,2026-09-08 18:32:05
6573,2026-09-02,Home Depot,HD,Consumer,Provider_A,USD,323.53,1338129289791.0,179881950086.0,141511306.0,2026-09-08 14:16:47
6574,2026-09-02,Home Depot,HD,Consumer,Provider_B,USD,323.0,1335927766575.0,179586003878.0,141278488.0,2026-09-08 01:33:33
6575,2026-09-02,Home Depot,HD,Consumer,Provider_C,USD,324.15,1340680203229.0,180224864098.0,141781073.0,2026-09-08 04:08:08
6576,2026-09-02,Home Depot,HD,Consumer,Provider_D,USD,323.47,1337896587399.0,179850668385.0,141486697.0,2026-09-08 19:03:41
6485,2026-09-02,Intel Corp.,INTC,Technology,Provider_A,USD,168.03,2202937698623.0,207908345044.0,447740493.0,2026-09-08 05:32:04
6486,2026-09-02,Intel Corp.,INTC,Technology,Provider_B,USD,168.13,2204258727741.0,208033020825.0,448008988.0,2026-09-08 07:54:58
6487,2026-09-02,Intel Corp.,INTC,Technology,Provider_C,USD,168.07,2203408513222.0,207952779475.0,447836185.0,2026-09-08 11:33:08
7610,2026-09-02,Intel Corp.,INTC,Technology,Provider_C,USD,168.07,2203408513222.0,207952779475.0,447836185.0,2026-09-08 11:33:08
6488,2026-09-02,Intel Corp.,INTC,Technology,Provider_D,USD,167.99,2202323259224.0,207850355624.0,447615610.0,2026-09-08 15:06:56
6429,2026-09-02,JPMorgan Chase,JPM,Financials,Provider_A,USD,725.67,2170209887948.0,165550553984.0,336172520.0,2026-09-08 16:03:55
6430,2026-09-02,JPMorgan Chase,JPM,Financials,Provider_B,USD,727.18,2174748197941.0,165896750791.0,336875519.0,2026-09-08 05:16:07
6431,2026-09-02,JPMorgan Chase,JPM,Financials,Provider_C,USD,726.07,2171430866105.0,165643694104.0,336361654.0,2026-09-08 15:22:23
6432,2026-09-02,JPMorgan Chase,JPM,Financials,Provider_D,USD,725.53,2169811101781.0,165520133299.0,336110747.0,2026-09-08 11:06:57
6445,2026-09-02,Johnson & Johnson,JNJ,Healthcare,Provider_A,USD,563.29,1401334140107.0,292908242128.0,249163938.0,2026-09-08 07:36:27
6446,2026-09-02,Johnson & Johnson,JNJ,Healthcare,Provider_B,USD,562.83,1400176024730.0,292666171711.0,248958019.0,2026-09-08 09:22:55
6447,2026-09-02,Johnson & Johnson,JNJ,Healthcare,Provider_C,USD,562.16,1398512959158.0,292318556107.0,248662318.0,2026-09-08 15:04:12
6448,2026-09-02,Johnson & Johnson,JNJ,Healthcare,Provider_D,USD,564.27,1403768124823.0,293416996010.0,249596712.0,2026-09-08 05:19:17
6553,2026-09-02,Lockheed Martin,LMT,Industrials,Provider_A,USD,462.98,3911791400996.0,140969927170.0,604052697.0,2026-09-08 08:45:59
6554,2026-09-02,Lockheed Martin,LMT,Industrials,Provider_B,USD,462.13,3904609112551.0,140711097755.0,602943619.0,2026-09-08 23:51:31
6555,2026-09-02,Lockheed Martin,LMT,Industrials,Provider_C,USD,463.5,4784281838018.544,141129533173.0,604736605.0,2026-09-08 03:31:47
6556,2026-09-02,Lockheed Martin,LMT,Industrials,Provider_D,USD,462.58,3908416383885.0,140848301074.0,603531532.0,2026-09-08 14:54:59
6577,2026-09-02,Lowe's,LOW,Consumer,Provider_A,USD,394.94,1026633282620.0,329612018786.0,130982601.0,2026-09-08 10:11:17
6578,2026-09-02,Lowe's,LOW,Consumer,Provider_B,USD,393.95,1024075130243.0,328790695550.0,130656220.0,2026-09-08 06:40:29
6579,2026-09-02,Lowe's,LOW,Consumer,Provider_C,USD,394.95,1026670559375.0,329623986902.0,130987357.0,2026-09-08 12:42:33
6580,2026-09-02,Lowe's,LOW,Consumer,Provider_D,USD,394.9,1026548584315.0,329584825454.0,130971795.0,2026-09-08 07:38:30
6461,2026-09-02,Mastercard Inc.,MA,Financials,Provider_A,USD,671.1,1995759692945.0,420204331161.0,257937071.0,2026-09-08 03:00:23
6462,2026-09-02,Mastercard Inc.,MA,Financials,Provider_B,USD,673.08,2001633384952.0,421441028560.0,258696202.0,2026-09-08 09:37:57
6463,2026-09-02,Mastercard Inc.,MA,Financials,Provider_C,USD,671.63,1997322932154.0,420533468927.0,258139108.0,2026-09-08 04:44:39
6464,2026-09-02,Mastercard Inc.,MA,Financials,Provider_D,USD,673.07,2001604103308.0,421434863352.0,258692418.0,2026-09-08 05:30:18
6501,2026-09-02,McDonald's,MCD,Consumer,Provider_A,USD,609.22,1226635295724.0,443387696013.0,171466333.0,2026-09-08 00:00:40
6502,2026-09-02,McDonald's,MCD,Consumer,Provider_B,USD,608.84,1225874465124.0,443112681159.0,171359980.0,2026-09-08 09:54:57
6503,2026-09-02,McDonald's,MCD,Consumer,Provider_C,USD,609.01,1226218287466.0,443236961454.0,171408041.0,2026-09-08 14:22:31
7612,2026-09-02,McDonald's,MCD,Consumer,Provider_C,USD,609.01,1226218287466.0,443236961454.0,171408041.0,2026-09-08 14:22:31
6504,2026-09-02,McDonald's,MCD,Consumer,Provider_D,USD,610.27,1228765626672.0,444157739508.0,171764124.0,2026-09-08 16:32:22
6513,2026-09-02,Merck & Co.,MRK,Healthcare,Provider_A,USD,173.16,1991989477066.0,58424138273.0,454776147.0,2026-09-08 18:41:38
6514,2026-09-02,Merck & Co.,MRK,Healthcare,Provider_B,USD,172.72,1986935625121.0,58275911112.0,453622340.0,2026-09-08 12:44:48
6515,2026-09-02,Merck & Co.,MRK,Healthcare,Provider_C,USD,173.38,1994544596034.0,58499078741.0,455359487.0,2026-09-08 10:22:09
6516,2026-09-02,Merck & Co.,MRK,Healthcare,Provider_D,USD,173.15,1991892150775.0,58421283737.0,454753927.0,2026-09-08 12:40:25
6421,2026-09-02,Meta Platforms,META,Communication,Provider_A,USD,332.5,1715768246971.0,292157793640.0,107544787.0,2026-09-08 18:16:59
6422,2026-09-02,Meta Platforms,META,Communication,Provider_B,USD,333.84,1722673380718.0,293333586841.0,107977602.0,2026-09-08 14:27:57
6423,2026-09-02,Meta Platforms,META,Communication,Provider_C,USD,332.83,1717467287322.0,292447103039.0,107651283.0,2026-09-08 20:01:03
6424,2026-09-02,Meta Platforms,META,Communication,Provider_D,USD,332.88,1717708187611.0,292488123087.0,107666383.0,2026-09-08 16:31:15
6405,2026-09-02,Microsoft Corp.,MSFT,Technology,Provider_A,USD,212.59,3048992242973.0,65033174069.0,358519372.0,2026-09-08 09:14:14
6406,2026-09-02,Microsoft Corp.,MSFT,Technology,Provider_B,USD,212.87,3703439416896.9277,65118453289.0,358989505.0,2026-09-08 06:00:35
6407,2026-09-02,Microsoft Corp.,MSFT,Technology,Provider_C,USD,,3051529034235.0,65087282304.0,358817664.0,2026-09-08 20:58:47
6408,2026-09-02,Microsoft Corp.,MSFT,Technology,Provider_D,USD,212.65,3049920753117.0,65052978633.0,358628552.0,2026-09-08 22:11:18
6525,2026-09-02,Morgan Stanley,MS,Financials,Provider_A,USD,70.3,1929167529292.0,230449480558.0,72339860.0,2026-09-08 21:20:00
6526,2026-09-02,Morgan Stanley,MS,Financials,Provider_B,USD,70.37,1931235678776.0,230696532183.0,72417412.0,2026-09-08 02:31:20
6527,2026-09-02,Morgan Stanley,MS,Financials,Provider_C,USD,70.39,1931655683308.0,230746703993.0,72433161.0,2026-09-08 14:35:08
6528,2026-09-02,Morgan Stanley,MS,Financials,Provider_D,USD,70.17,1925714804409.0,230037033923.0,72210390.0,2026-09-08 04:53:25
6409,2026-09-02,NVIDIA Corp.,NVDA,Technology,Provider_A,USD,229.38,211193501754.0,256939786522.0,44361221.0,2026-09-08 04:14:07
6410,2026-09-02,NVIDIA Corp.,NVDA,Technology,Provider_B,USD,229.52,211316176038.0,257089033085.0,44386989.0,2026-09-08 07:18:56
6411,2026-09-02,NVIDIA Corp.,NVDA,Technology,Provider_C,USD,229.3,211116717229.0,256846369824.0,44345093.0,2026-09-08 12:40:53
6412,2026-09-02,NVIDIA Corp.,NVDA,Technology,Provider_D,USD,229.43,211237685115.0,256993540370.0,44370502.0,2026-09-08 22:48:28
6473,2026-09-02,Netflix Inc.,NFLX,Communication,Provider_A,USD,240.41,1712865581150.0,140263196638.0,155804658.0,2026-09-08 14:00:59
6474,2026-09-02,Netflix Inc.,NFLX,Communication,Provider_B,USD,240.27,1711842362510.0,140179407274.0,155711585.0,2026-09-08 15:50:44
6475,2026-09-02,Netflix Inc.,NFLX,Communication,Provider_C,USD,240.03,1710179286743.0,140043221268.0,155560309.0,2026-09-08 00:55:17
6476,2026-09-02,Netflix Inc.,NFLX,Communication,Provider_D,USD,240.51,1713551572236.0,140319371100.0,155867057.0,2026-09-08 23:12:58
6541,2026-09-02,NextEra Energy,NEE,Utilities,Provider_A,USD,47.55,-2640861894282.0,415159924212.0,167117245.0,2026-09-08 20:41:43
6542,2026-09-02,NextEra Energy,NEE,Utilities,Provider_B,USD,47.49,2637893174553.0,-414693222996.0,166929380.0,2026-09-08 23:46:52
6543,2026-09-02,NextEra Energy,NEE,Utilities,Provider_C,USD,47.59,2643389251560.0,415557240504.0,167277179.0,2026-09-08 14:34:22
6544,2026-09-02,NextEra Energy,NEE,Utilities,Provider_D,USD,47.63,2645714160560.0,415922730667.0,167424303.0,2026-09-08 01:55:12
6505,2026-09-02,Nike Inc.,NKE,Consumer,Provider_A,USD,363.08,1108689247030.0,359421572513.0,112068432.0,2026-09-08 13:52:04
6506,2026-09-02,Nike Inc.,NKE,Consumer,Provider_B,USD,363.04,1108542366251.0,359373955815.0,112053585.0,2026-09-08 16:32:30
6507,2026-09-02,Nike Inc.,NKE,Consumer,Provider_C,USD,363.34,1109481970062.0,359678562251.0,112148562.0,2026-09-08 18:31:45
6508,2026-09-02,Nike Inc.,NKE,Consumer,Provider_D,USD,362.97,1108332787402.0,359306013279.0,112032401.0,2026-09-08 11:51:18
6469,2026-09-02,Oracle Corp.,ORCL,Technology,Provider_A,USD,535.35,1540104691239.0,369712997387.0,216776740.0,2026-09-08 10:18:47
6470,2026-09-02,Oracle Corp.,ORCL,Technology,Provider_B,USD,533.2,1533925122185.0,368229548235.0,215906937.0,2026-09-08 05:43:05
6471,2026-09-02,Oracle Corp.,ORCL,Technology,Provider_C,USD,533.58,1535006848152.0,368489224186.0,216059195.0,2026-09-08 13:38:24
6472,2026-09-02,Oracle Corp.,ORCL,Technology,Provider_D,USD,532.68,1532430355889.0,367870719040.0,215696542.0,2026-09-08 06:22:09
6497,2026-09-02,PepsiCo,PEP,Consumer,Provider_A,USD,228.69,3340019180403.0,408915198421.0,565457354.0,2026-09-08 19:24:56
6498,2026-09-02,PepsiCo,PEP,Consumer,Provider_B,INR,228.44,3336451834979.0,408478451898.0,564853411.0,2026-09-08 04:50:03
6499,2026-09-02,PepsiCo,PEP,Consumer,Provider_C,USD,228.95,3343835870485.0,409382471960.0,566103511.0,2026-09-08 08:13:11
6500,2026-09-02,PepsiCo,PEP,Consumer,Provider_D,USD,228.6,3338727421575.0,408757049683.0,565238663.0,2026-09-08 22:27:04
6509,2026-09-02,Pfizer Inc.,PFE,Healthcare,Provider_A,USD,226.12,3725889531724.0,199788655602.0,198732181.0,2026-09-08 10:05:49
6510,2026-09-02,Pfizer Inc.,PFE,Healthcare,Provider_B,USD,225.69,3718696068671.0,199402929643.0,198348495.0,2026-09-08 12:57:04
6511,2026-09-02,Pfizer Inc.,PFE,Healthcare,Provider_C,USD,225.84,5375999983688.828,199537547603.0,198482401.0,2026-09-08 08:04:49
6512,2026-09-02,Pfizer Inc.,PFE,Healthcare,Provider_D,USD,226.18,3726784731789.0,199836657782.0,198779930.0,2026-09-08 12:50:45
6457,2026-09-02,Procter & Gamble,PG,Consumer,Provider_A,USD,706.27,3130780394045.0,65492160867.0,292171485.0,2026-09-08 14:07:58
6458,2026-09-02,Procter & Gamble,PG,Consumer,Provider_B,USD,707.93,3138125347264.0,65645808456.0,292856932.0,2026-09-08 12:40:42
6459,2026-09-02,Procter & Gamble,PG,Consumer,Provider_C,USD,705.24,3126220374501.0,65396770742.0,291745933.0,2026-09-08 11:45:18
6460,2026-09-02,Procter & Gamble,PG,Consumer,Provider_D,USD,707.43,3135915520986.0,65599581548.0,292650706.0,2026-09-08 12:26:47
6593,2026-09-02,Qualcomm,QCOM,Technology,Provider_A,USD,493.6,2446899773590.0,60148980240.0,361093356.0,2026-09-08 14:00:38
6594,2026-09-02,Qualcomm,QCOM,Technology,Provider_B,USD,495.33,2455445652666.0,60359052559.0,362354487.0,2026-09-08 10:33:17
6595,2026-09-02,Qualcomm,QCOM,Technology,Provider_C,USD,493.42,2445987044753.0,60126543804.0,360958663.0,2026-09-08 12:19:05
6596,2026-09-02,Qualcomm,QCOM,Technology,Provider_D,USD,493.61,2446929786349.0,60149718005.0,361097785.0,2026-09-08 00:20:42
6481,2026-09-02,Salesforce Inc.,CRM,Technology,Provider_A,USD,600.9,3264741882523.0,55571970112.0,632133058.0,2026-09-08 05:27:50
6482,2026-09-02,Salesforce Inc.,CRM,Technology,Provider_B,USD,600.88,3264658325834.0,55570547822.0,632116880.0,2026-09-08 14:46:12
6483,2026-09-02,Salesforce Inc.,CRM,Technology,Provider_C,USD,601.07,3265681900777.0,55587970969.0,632315069.0,2026-09-08 01:42:00
6484,2026-09-02,Salesforce Inc.,CRM,Technology,Provider_D,USD,601.01,3265319080723.0,55581795098.0,632244818.0,2026-09-08 14:36:16
6425,2026-09-02,Tesla Inc.,TSLA,Automotive,Provider_A,USD,422.18,3228017633094.0,185974368524.0,780325692.0,2026-09-08 07:04:28
6426,2026-09-02,Tesla Inc.,TSLA,Automotive,Provider_B,USD,420.65,3216324517991.0,185300698196.0,777499054.0,2026-09-08 20:06:56
6427,2026-09-02,Tesla Inc.,TSLA,Automotive,Provider_C,USD,421.54,3223129487119.0,185692749907.0,779144055.0,2026-09-08 19:47:53
6428,2026-09-02,Tesla Inc.,TSLA,Automotive,Provider_D,USD,420.96,3218668421846.0,185435736504.0,778065658.0,2026-09-08 07:10:22
6597,2026-09-02,Texas Instruments,TXN,Technology,Provider_A,USD,141.28,3669035308385.0,311821837783.0,678926192.0,2026-09-08 23:29:23
6598,2026-09-02,Texas Instruments,TXN,Technology,Provider_B,USD,141.67,3679023261412.0,312670688123.0,680774384.0,2026-09-08 04:04:20
6599,2026-09-02,Texas Instruments,TXN,Technology,Provider_C,USD,141.43,3672861076217.0,312146979914.0,679634120.0,2026-09-08 04:51:25
6600,2026-09-02,Texas Instruments,TXN,Technology,Provider_D,USD,141.42,3672472171494.0,312113927905.0,679562157.0,2026-09-08 12:42:45
6569,2026-09-02,UPS,UPS,Industrials,Provider_A,USD,125.3,2101355042992.0,95977155006.0,142501792.0,2026-09-08 02:06:23
6570,2026-09-02,UPS,UPS,Industrials,Provider_B,USD,125.58,2106086778342.0,96193271981.0,142822671.0,2026-09-08 02:16:59
6571,2026-09-02,UPS,UPS,Industrials,Provider_C,USD,125.34,2101974891165.0,96005465911.0,142543826.0,2026-09-08 07:19:55
6572,2026-09-02,UPS,UPS,Industrials,Provider_D,USD,125.25,2100444888897.0,95935584686.0,142440070.0,2026-09-08 04:18:11
6565,2026-09-02,Union Pacific,UNP,Industrials,Provider_A,USD,133.49,3555152885651.0,379622400153.0,244591874.0,2026-09-08 08:31:49
6566,2026-09-02,Union Pacific,UNP,Industrials,Provider_B,USD,133.15,3545931133688.0,378637693242.0,243957424.0,2026-09-08 04:22:36
6567,2026-09-02,Union Pacific,UNP,Industrials,Provider_C,USD,133.09,,378478309149.0,243854733.0,2026-09-08 17:26:22
6568,2026-09-02,Union Pacific,UNP,Industrials,Provider_D,USD,133.15,3545907852850.0,378635207294.0,243955823.0,2026-09-08 23:01:26
6585,2026-09-02,Verizon,VZ,Communication,Provider_A,USD,645.32,3890872305223.0,30355787848.0,342420555.0,2026-09-08 09:20:59
6586,2026-09-02,Verizon,VZ,Communication,Provider_B,USD,642.94,3876511332890.0,30243746487.0,341156702.0,2026-09-08 02:21:28
6587,2026-09-02,Verizon,VZ,Communication,Provider_C,USD,645.02,3889054089042.0,30341602498.0,342260541.0,2026-09-08 11:07:54
6588,2026-09-02,Verizon,VZ,Communication,Provider_D,USD,641.48,3867729914898.0,30175235665.0,340383883.0,2026-09-08 06:58:05
6433,2026-09-02,Visa Inc.,V,Financials,Provider_A,USD,131.22,1091903757795.0,76451709770.0,250400438.0,2026-09-08 05:00:12
6434,2026-09-02,Visa Inc.,V,Financials,Provider_B,USD,130.73,1087893465388.0,76170921551.0,249480779.0,2026-09-08 14:38:21
6435,2026-09-02,Visa Inc.,V,Financials,Provider_C,USD,130.73,1087848224356.0,76167753914.0,249470404.0,2026-09-08 13:40:40
6436,2026-09-02,Visa Inc.,V,Financials,Provider_D,USD,130.78,1088294477829.0,-76198999196.0,249572741.0,2026-09-08 04:11:49
6437,2026-09-02,Walmart Inc.,WMT,Consumer,Provider_A,USD,696.12,1304849866452.0,45597326903.0,237840788.0,2026-09-08 08:22:03
6438,2026-09-02,Walmart Inc.,WMT,Consumer,Provider_B,USD,694.98,1302718264009.0,45522839120.0,237452252.0,2026-09-08 20:31:04
6439,2026-09-02,Walmart Inc.,WMT,Consumer,Provider_C,USD,695.79,1304219569893.0,45575301504.0,237725901.0,2026-09-08 12:10:21
6440,2026-09-02,Walmart Inc.,WMT,Consumer,Provider_D,USD,695.06,1302868342122.0,45528083525.0,237479607.0,2026-09-08 04:42:02
6533,2026-09-02,Wells Fargo,WFC,Financials,Provider_A,USD,582.9,628614762503.0,11681038269.0,106348121.0,2026-09-08 06:43:10
6534,2026-09-02,Wells Fargo,WFC,Financials,Provider_B,USD,582.13,627785128158.0,11665621847.0,106207765.0,2026-09-08 23:33:54
6535,2026-09-02,Wells Fargo,WFC,Financials,Provider_C,USD,582.76,628463003921.0,11678218262.0,106322447.0,2026-09-08 15:30:48
6536,2026-09-02,Wells Fargo,WFC,Financials,Provider_D,USD,583.76,629547056410.0,11698362330.0,106505845.0,2026-09-08 15:27:36
6689,2026-09-03,AMD,AMD,Technology,Provider_A,USD,107.66,1469342487670.0,403647618723.0,146714259.0,2026-09-08 19:07:46
6690,2026-09-03,AMD,AMD,Technology,Provider_B,USD,107.65,1469332357685.0,403644835884.0,146713248.0,2026-09-08 07:14:19
7626,2026-09-03,AMD,AMD,Technology,Provider_B,USD,107.65,1469332357685.0,403644835884.0,146713248.0,2026-09-08 07:14:19
6691,2026-09-03,AMD,AMD,Technology,Provider_C,USD,107.8,1471264201998.0,404175538809.0,146906143.0,2026-09-08 04:53:18
6692,2026-09-03,AMD,AMD,Technology,Provider_D,USD,107.7,1469910196515.0,403803575776.0,146770945.0,2026-09-08 16:14:40
6781,2026-09-03,AT&T,T,Communication,Provider_A,USD,282.59,922322592952.0,384175889861.0,156900458.0,2026-09-08 03:30:21
6782,2026-09-03,AT&T,T,Communication,Provider_B,USD,282.47,921936801405.0,384015195748.0,156834830.0,2026-09-08 23:55:38
6783,2026-09-03,AT&T,T,Communication,Provider_C,USD,282.19,921024561916.0,383635219783.0,156679645.0,2026-09-08 07:33:35
6784,2026-09-03,AT&T,T,Communication,Provider_D,USD,283.05,921970488667.0,384029227535.0,156840560.0,2026-09-08 05:24:09
6717,2026-09-03,AbbVie Inc.,ABBV,Healthcare,Provider_A,USD,595.62,3906680556412.0,379824765169.0,462666373.0,2026-09-08 08:53:49
6718,2026-09-03,AbbVie Inc.,ABBV,Healthcare,Provider_B,USD,595.91,3908586232523.0,380010043430.0,462892062.0,2026-09-08 14:53:47
6719,2026-09-03,AbbVie Inc.,ABBV,Healthcare,Provider_C,USD,597.1,3916391945567.0,380768949382.0,463816489.0,2026-09-08 23:53:13
6720,2026-09-03,AbbVie Inc.,ABBV,Healthcare,Provider_D,USD,595.64,3906817341086.0,379838063980.0,462682573.0,2026-09-08 04:56:25
6677,2026-09-03,Adobe Inc.,ADBE,Technology,Provider_A,USD,37.21,2384567477953.0,437964543550.0,235847224.0,2026-09-08 09:00:32
6678,2026-09-03,Adobe Inc.,ADBE,Technology,Provider_B,USD,37.09,2377197587807.0,436610943535.0,235118300.0,2026-09-08 08:49:56
6679,2026-09-03,Adobe Inc.,ADBE,Technology,Provider_C,USD,37.05,2374163976867.0,436053771619.0,234818258.0,2026-09-08 14:28:35
6680,2026-09-03,Adobe Inc.,ADBE,Technology,Provider_D,USD,37.12,2379045201955.0,436950287880.0,235301039.0,2026-09-08 02:55:19
6617,2026-09-03,Alphabet Inc.,GOOGL,Communication,Provider_A,USD,476.1,2357686917967.0,321956502976.0,589381134.0,2026-09-08 03:18:14
6618,2026-09-03,Alphabet Inc.,GOOGL,Communication,Provider_B,USD,475.36,2354031072467.0,321457275015.0,588467235.0,2026-09-08 07:56:15
6619,2026-09-03,Alphabet Inc.,GOOGL,Communication,Provider_C,USD,475.2,2353233184699.0,321348318583.0,588267777.0,2026-09-08 19:28:11
6620,2026-09-03,Alphabet Inc.,GOOGL,Communication,Provider_D,USD,475.25,2353468437192.0,321380443743.0,588326586.0,2026-09-08 10:52:24
6613,2026-09-03,Amazon.com Inc.,AMZN,Consumer,Provider_A,USD,70.14,1660263692612.0,127322688369.0,120321439.0,2026-09-08 10:07:03
6614,2026-09-03,Amazon.com Inc.,AMZN,Consumer,Provider_B,USD,24.524499999999996,1658632552336.0,127197599104.0,120203228.0,2026-09-08 01:30:50
6615,2026-09-03,Amazon.com Inc.,AMZN,Consumer,Provider_C,USD,70.18,1661207265672.0,127395049319.0,120389821.0,2026-09-08 16:14:29
6616,2026-09-03,Amazon.com Inc.,AMZN,Consumer,Provider_D,USD,125.96400000000001,1656532208321.0,127036527433.0,120051013.0,2026-09-08 05:31:56
6601,2026-09-03,Apple Inc.,AAPL,Technology,Provider_A,USD,693.65,1862562168262.0,50114309629.0,195817157.0,2026-09-08 21:19:37
6602,2026-09-03,Apple Inc.,AAPL,Technology,Provider_B,USD,696.23,1869505661567.0,50301132050.0,196547149.0,2026-09-08 12:34:44
6603,2026-09-03,Apple Inc.,AAPL,Technology,Provider_C,USD,693.78,1862918425406.0,50123895124.0,195854612.0,2026-09-08 09:58:34
6604,2026-09-03,Apple Inc.,AAPL,Technology,Provider_D,USD,691.1,1855734200189.0,49930595543.0,195099311.0,2026-09-08 23:21:45
6729,2026-09-03,Bank of America,BAC,Financials,Provider_A,USD,61.22,357264066601.0,172864913953.0,60162535.0,2026-09-08 03:00:15
6730,2026-09-03,Bank of America,BAC,Financials,Provider_B,USD,61.57,359254324631.0,173827915316.0,60497690.0,2026-09-08 14:56:16
6731,2026-09-03,Bank of America,BAC,Financials,Provider_C,USD,61.54,-359091398173.0,173749082120.0,60470254.0,2026-09-08 22:57:25
6732,2026-09-03,Bank of America,BAC,Financials,Provider_D,USD,61.5,358852473786.0,173633476753.0,60430019.0,2026-09-08 02:19:55
6737,2026-09-03,Berkshire Hathaway,BRK.B,Financials,Provider_A,USD,481.16,1789231703325.0,41299044401.0,188781967.0,2026-09-08 01:34:31
6738,2026-09-03,Berkshire Hathaway,BRK.B,Financials,Provider_B,USD,482.55,1794411015292.0,41418593275.0,189328436.0,2026-09-08 16:54:01
6739,2026-09-03,Berkshire Hathaway,BRK.B,Financials,Provider_C,USD,481.47,1790394228917.0,41325877816.0,188904625.0,2026-09-08 03:36:47
6740,2026-09-03,Berkshire Hathaway,BRK.B,Financials,Provider_D,USD,481.21,1789418476189.0,41303355492.0,188801673.0,2026-09-08 03:50:47
6757,2026-09-03,Boeing Co.,BA,Industrials,Provider_A,USD,569.96,721837915223.0,268588002381.0,100732101.0,2026-09-08 05:01:15
6758,2026-09-03,Boeing Co.,BA,Industrials,Provider_B,USD,570.4,722397319681.0,268796150669.0,100810166.0,2026-09-08 12:56:31
6759,2026-09-03,Boeing Co.,BA,Industrials,Provider_C,USD,570.32,722291476763.0,268756767675.0,100795395.0,2026-09-08 03:44:48
6760,2026-09-03,Boeing Co.,BA,Industrials,Provider_D,USD,570.23,722177135785.0,268714222647.0,100779439.0,2026-09-08 21:31:23
6665,2026-09-03,Broadcom Inc.,AVGO,Technology,Provider_A,USD,686.38,1323502512497.0,299119819580.0,251077460.0,2026-09-08 15:23:59
6666,2026-09-03,Broadcom Inc.,AVGO,Technology,Provider_B,USD,684.64,1320146246507.0,298361282541.0,250440754.0,2026-09-08 02:09:27
6667,2026-09-03,Broadcom Inc.,AVGO,Technology,Provider_C,USD,240.02649999999997,1322360568535.0,298861733125.0,250860826.0,2026-09-08 11:23:04
6668,2026-09-03,Broadcom Inc.,AVGO,Technology,Provider_D,USD,686.75,1324220550964.0,299282100751.0,251213677.0,2026-09-08 20:54:16
6761,2026-09-03,Caterpillar Inc.,CAT,Industrials,Provider_A,USD,346.01,3365692124439.0,327084743100.0,784394335.0,2026-09-08 15:37:21
6762,2026-09-03,Caterpillar Inc.,CAT,Industrials,Provider_B,USD,347.29,3378155507477.0,328295959779.0,787299000.0,2026-09-08 01:56:52
6763,2026-09-03,Caterpillar Inc.,CAT,Industrials,Provider_C,USD,347.2,3377328283746.0,328215568510.0,787106211.0,2026-09-08 18:36:26
6764,2026-09-03,Caterpillar Inc.,CAT,Industrials,Provider_D,USD,346.42,3369703863094.0,327474611947.0,785329294.0,2026-09-08 15:25:01
6653,2026-09-03,Chevron Corp.,CVX,Energy,Provider_A,USD,222.22,4513861350269.783,395579138623.0,148062414.0,2026-09-08 08:28:24
6654,2026-09-03,Chevron Corp.,CVX,Energy,Provider_B,USD,222.03,3973122194305.0,395244399587.0,147937123.0,2026-09-08 15:35:19
6655,2026-09-03,Chevron Corp.,CVX,Energy,Provider_C,USD,222.62,3983594710836.0,396286200796.0,148327062.0,2026-09-08 01:20:45
6656,2026-09-03,Chevron Corp.,CVX,Energy,Provider_D,USD,222.19,3975845591831.0,395515321941.0,148038528.0,2026-09-08 07:28:08
6693,2026-09-03,Cisco Systems,CSCO,Technology,Provider_A,USD,74.5,883692975569.0,119659648074.0,119253250.0,2026-09-08 07:32:07
6694,2026-09-03,Cisco Systems,CSCO,Technology,Provider_B,USD,74.66,885601173935.0,119918034585.0,119510758.0,2026-09-08 02:01:00
6695,2026-09-03,Cisco Systems,CSCO,Technology,Provider_C,USD,74.7,886116810292.0,119987856194.0,119580343.0,2026-09-08 16:55:26
6696,2026-09-03,Cisco Systems,CSCO,Technology,Provider_D,USD,74.51,883827550097.0,119677870626.0,119271410.0,2026-09-08 02:22:39
6641,2026-09-03,Coca-Cola,KO,Consumer,Provider_A,USD,460.1,2805107071453.0,214706907634.0,275458339.0,2026-09-08 13:55:17
6642,2026-09-03,Coca-Cola,KO,Consumer,Provider_B,USD,460.54,2807800177660.0,214913041836.0,275722799.0,2026-09-08 09:57:56
6643,2026-09-03,Coca-Cola,KO,Consumer,Provider_C,USD,461.23,2811981576822.0,215233092108.0,276133407.0,2026-09-08 05:00:09
6644,2026-09-03,Coca-Cola,KO,Consumer,Provider_D,USD,461.75,2815183317396.0,215478157912.0,276447815.0,2026-09-08 13:02:46
6789,2026-09-03,Comcast,CMCSA,Communication,Provider_A,USD,604.48,366763043505.0,173598224360.0,51464736.0,2026-09-08 20:09:45
6790,2026-09-03,Comcast,CMCSA,Communication,Provider_B,USD,605.76,367535419532.0,173963809468.0,51573117.0,2026-09-08 17:52:42
6791,2026-09-03,Comcast,CMCSA,Communication,Provider_C,USD,604.62,366847765306.0,173638325331.0,51476625.0,2026-09-08 16:15:41
6792,2026-09-03,Comcast,CMCSA,Communication,Provider_D,USD,605.82,367574179940.0,173982155749.0,51578556.0,2026-09-08 03:11:34
6749,2026-09-03,ConocoPhillips,COP,Energy,Provider_A,USD,292.65,207411446349.0,448068751321.0,40888060.0,2026-09-08 07:29:21
6750,2026-09-03,ConocoPhillips,COP,Energy,Provider_B,USD,291.71,206743397077.0,446625571552.0,40756365.0,2026-09-08 01:52:48
6751,2026-09-03,ConocoPhillips,COP,Energy,Provider_C,USD,291.75,206771121948.0,446685465298.0,40761830.0,2026-09-08 05:54:15
6752,2026-09-03,ConocoPhillips,COP,Energy,Provider_D,USD,292.71,294146904930.004,448151814882.0,40895640.0,2026-09-08 17:14:34
6745,2026-09-03,Duke Energy,DUK,Utilities,Provider_A,USD,627.71,298480534401.0,389478013026.0,20528929.0,2026-09-08 07:40:02
6746,2026-09-03,Duke Energy,DUK,Utilities,Provider_B,USD,628.9,299047892392.0,390218340913.0,20567951.0,2026-09-08 19:19:02
6747,2026-09-03,Duke Energy,DUK,Utilities,Provider_C,USD,631.25,300162988360.0,391673395135.0,20644645.0,2026-09-08 11:41:12
6748,2026-09-03,Duke Energy,DUK,Utilities,Provider_D,USD,627.54,298398942896.0,389371546796.0,20523317.0,2026-09-08 01:58:00
6649,2026-09-03,Exxon Mobil,XOM,Energy,Provider_A,USD,43.55,1848787582464.0684,96086122189.0,73731449.0,2026-09-08 12:46:08
6650,2026-09-03,Exxon Mobil,XOM,Energy,Provider_B,USD,43.55,1401036203195.0,96084483600.0,73730192.0,2026-09-08 05:46:32
6651,2026-09-03,Exxon Mobil,XOM,Energy,Provider_C,USD,43.61,1402907324482.0,96212806995.0,73828660.0,2026-09-08 07:43:08
6652,2026-09-03,Exxon Mobil,XOM,Energy,Provider_D,USD,43.56,1401498983672.0,96116221554.0,73754546.0,2026-09-08 19:09:53
6721,2026-09-03,Goldman Sachs,GS,Financials,Provider_A,USD,697.85,3766331137770.0,100176121000.0,141376817.0,2026-09-08 22:46:25
6722,2026-09-03,Goldman Sachs,GS,Financials,Provider_B,USD,699.17,3773501894189.0,100366847342.0,141645986.0,2026-09-08 07:04:56
6723,2026-09-03,Goldman Sachs,GS,Financials,Provider_C,USD,703.67,3764856954750.0,100136910975.0,141321481.0,2026-09-08 14:47:39
6724,2026-09-03,Goldman Sachs,GS,Financials,Provider_D,USD,698.84,3771691693428.0,100318699985.0,141578037.0,2026-09-08 00:28:00
6773,2026-09-03,Home Depot,HD,Consumer,Provider_A,USD,319.51,1338243255571.0,179839295075.0,278694543.0,2026-09-08 01:27:54
6774,2026-09-03,Home Depot,HD,Consumer,Provider_B,USD,318.88,1335618684430.0,179486593112.0,278147966.0,2026-09-08 06:07:16
6775,2026-09-03,Home Depot,HD,Consumer,Provider_C,USD,319.49,1338195671122.0,179832900458.0,278684634.0,2026-09-08 11:43:38
6776,2026-09-03,Home Depot,HD,Consumer,Provider_D,USD,319.7,1339053346489.0,179948158826.0,278863248.0,2026-09-08 18:17:12
6685,2026-09-03,Intel Corp.,INTC,Technology,Provider_A,USD,166.22,2194912408488.0,207437125169.0,148931981.0,2026-09-08 11:36:45
6686,2026-09-03,Intel Corp.,INTC,Technology,Provider_B,USD,166.71,2201434043831.0,208053472902.0,149374495.0,2026-09-08 07:51:09
6687,2026-09-03,Intel Corp.,INTC,Technology,Provider_C,USD,167.0,2205254872235.0,208414572350.0,149633751.0,2026-09-08 12:05:07
6688,2026-09-03,Intel Corp.,INTC,Technology,Provider_D,USD,166.66,2200771604044.0,207990866939.0,149329546.0,2026-09-08 02:23:06
6629,2026-09-03,JPMorgan Chase,JPM,Financials,Provider_A,USD,735.99,2178456728577.0,165924197488.0,425757348.0,2026-09-08 11:08:35
6630,2026-09-03,JPMorgan Chase,JPM,Financials,Provider_B,USD,735.7,2177602346774.0,165859122697.0,425590367.0,2026-09-08 15:58:13
6631,2026-09-03,JPMorgan Chase,JPM,Financials,Provider_C,USD,735.66,2177474766552.0,165849405430.0,425565433.0,2026-09-08 08:18:43
6632,2026-09-03,JPMorgan Chase,JPM,Financials,Provider_D,USD,732.28,2167483276708.0,165088394247.0,423612697.0,2026-09-08 16:14:02
6645,2026-09-03,Johnson & Johnson,JNJ,Healthcare,Provider_A,USD,573.09,1402743956863.0,293443232444.0,55605967.0,2026-09-08 19:01:06
7708,2026-09-03,Johnson & Johnson,JNJ,Healthcare,Provider_A,USD,573.09,1402743956863.0,293443232444.0,55605967.0,2026-09-08 19:01:06
6646,2026-09-03,Johnson & Johnson,JNJ,Healthcare,Provider_B,USD,572.45,1401166759812.0,293113294967.0,55543446.0,2026-09-08 18:33:00
6647,2026-09-03,Johnson & Johnson,JNJ,Healthcare,Provider_C,USD,573.55,1403859243205.0,293676541757.0,55650178.0,2026-09-08 05:17:43
6648,2026-09-03,Johnson & Johnson,JNJ,Healthcare,Provider_D,USD,572.35,1400927313623.0,293063204669.0,55533954.0,2026-09-08 01:19:31
6753,2026-09-03,Lockheed Martin,LMT,Industrials,Provider_A,USD,464.27,3911964055193.0,140903421064.0,243582700.0,2026-09-08 04:19:48
6754,2026-09-03,Lockheed Martin,LMT,Industrials,Provider_B,USD,465.53,3922532895990.0,141284095785.0,244240780.0,2026-09-08 08:37:28
6755,2026-09-03,Lockheed Martin,LMT,Industrials,Provider_C,USD,463.68,3906996964430.0,140724513469.0,243273418.0,2026-09-08 19:49:25
6756,2026-09-03,Lockheed Martin,LMT,Industrials,Provider_D,USD,464.27,3911938452712.0,140902498899.0,243581105.0,2026-09-08 01:00:37
6777,2026-09-03,Lowe's,LOW,Consumer,Provider_A,USD,396.01,1024425639751.0,329670876011.0,83526091.0,2026-09-08 19:32:31
6778,2026-09-03,Lowe's,LOW,Consumer,Provider_B,USD,1186.68,1023246481343.0,329291410514.0,83429949.0,2026-09-08 03:54:53
6779,2026-09-03,Lowe's,LOW,Consumer,Provider_C,USD,395.69,1023582292294.0,329399477987.0,83457329.0,2026-09-08 18:00:01
6780,2026-09-03,Lowe's,LOW,Consumer,Provider_D,USD,394.77,1021202107132.0,328633509529.0,83263262.0,2026-09-08 21:16:49
6661,2026-09-03,Mastercard Inc.,MA,Financials,Provider_A,USD,678.25,1999941663668.0,421007677736.0,376802289.0,2026-09-08 18:25:56
6662,2026-09-03,Mastercard Inc.,MA,Financials,Provider_B,USD,679.41,2003348499060.0,421724850583.0,377444160.0,2026-09-08 01:46:52
6663,2026-09-03,Mastercard Inc.,MA,Financials,Provider_C,USD,677.52,1997781997300.0,420553046414.0,376395394.0,2026-09-08 12:42:31
6664,2026-09-03,Mastercard Inc.,MA,Financials,Provider_D,USD,679.03,2002237102776.0,421490890574.0,377234765.0,2026-09-08 22:38:24
6701,2026-09-03,McDonald's,MCD,Consumer,Provider_A,USD,605.36,1225843858324.0,443453675529.0,279910199.0,2026-09-08 18:46:59
6702,2026-09-03,McDonald's,MCD,Consumer,Provider_B,USD,603.76,1222602518362.0,442281108476.0,279170069.0,2026-09-08 14:37:26
6703,2026-09-03,McDonald's,MCD,Consumer,Provider_C,USD,603.74,1222563317025.0,442266927244.0,279161118.0,2026-09-08 15:18:20
6704,2026-09-03,McDonald's,MCD,Consumer,Provider_D,USD,1818.2400000000002,1227304829759.0,443982187499.0,280243799.0,2026-09-08 15:52:37
6713,2026-09-03,Merck & Co.,MRK,Healthcare,Provider_A,USD,173.82,1998500486775.0,58532781516.0,362664713.0,2026-09-08 08:34:48
6714,2026-09-03,Merck & Co.,MRK,Healthcare,Provider_B,USD,173.24,1991810877932.0,58336853912.0,361450760.0,2026-09-08 06:26:19
6715,2026-09-03,Merck & Co.,MRK,Healthcare,Provider_C,USD,173.59,1995877231031.0,58455950684.0,362188675.0,2026-09-08 01:49:54
6716,2026-09-03,Merck & Co.,MRK,Healthcare,Provider_D,USD,173.18,1991135190510.0,58317064142.0,361328144.0,2026-09-08 10:48:59
6621,2026-09-03,Meta Platforms,META,Communication,Provider_A,USD,330.92,1719617850310.0,291847842980.0,388569439.0,2026-09-08 18:32:37
6622,2026-09-03,Meta Platforms,META,Communication,Provider_B,USD,331.21,1721103861961.0,292100043953.0,388905222.0,2026-09-08 23:02:16
6623,2026-09-03,Meta Platforms,META,Communication,Provider_C,USD,331.78,1724063808976.0,292602396352.0,389574060.0,2026-09-08 13:06:24
6624,2026-09-03,Meta Platforms,META,Communication,Provider_D,USD,332.04,1725448599358.0,,389886971.0,2026-09-08 22:13:12
6605,2026-09-03,Microsoft Corp.,MSFT,Technology,Provider_A,USD,214.52,3051039126597.0,-65120141864.0,126291200.0,2026-09-08 11:03:29
6606,2026-09-03,Microsoft Corp.,MSFT,Technology,Provider_B,USD,213.89,3042070364276.0,64928716238.0,125919957.0,2026-09-08 22:40:20
6607,2026-09-03,Microsoft Corp.,MSFT,Technology,Provider_C,USD,214.03,3044133044229.0,64972741243.0,126005338.0,2026-09-08 09:29:59
6608,2026-09-03,Microsoft Corp.,MSFT,Technology,Provider_D,USD,214.39,3049180989326.0,65080482536.0,126214286.0,2026-09-08 04:03:33
6725,2026-09-03,Morgan Stanley,MS,Financials,Provider_A,USD,69.99,1928353865037.0,230396342916.0,155937925.0,2026-09-08 14:06:02
6726,2026-09-03,Morgan Stanley,MS,Financials,Provider_B,USD,70.11,1931660203863.0,230791378489.0,156205295.0,2026-09-08 21:46:35
6727,2026-09-03,Morgan Stanley,MS,Financials,Provider_C,USD,70.07,1930439230519.0,,156106560.0,2026-09-08 09:11:46
6728,2026-09-03,Morgan Stanley,MS,Financials,Provider_D,USD,69.96,1927550803083.0,230300394480.0,155872985.0,2026-09-08 20:56:43
6609,2026-09-03,NVIDIA Corp.,NVDA,Technology,Provider_A,USD,224.63,211172621047.0,256909978696.0,32204799.0,2026-09-08 18:03:45
6610,2026-09-03,NVIDIA Corp.,NVDA,Technology,Provider_B,USD,224.72,211254057900.0,257009053756.0,32217218.0,2026-09-08 10:00:38
6611,2026-09-03,NVIDIA Corp.,NVDA,Technology,Provider_C,USD,224.94,211459652676.0,257259177799.0,32248573.0,2026-09-08 20:43:55
6612,2026-09-03,NVIDIA Corp.,NVDA,Technology,Provider_D,USD,224.83,211355710488.0,257132723028.0,32232721.0,2026-09-08 21:44:06
6673,2026-09-03,Netflix Inc.,NFLX,Communication,Provider_A,USD,239.06,1711655268252.0,140261894411.0,291943211.0,2026-09-08 00:03:18
6674,2026-09-03,Netflix Inc.,NFLX,Communication,Provider_B,USD,239.81,1717054489493.0,140704334553.0,292864112.0,2026-09-08 14:52:54
6675,2026-09-03,Netflix Inc.,NFLX,Communication,Provider_C,USD,238.64,1708684813697.0,140018479986.0,,2026-09-08 12:40:53
6676,2026-09-03,Netflix Inc.,NFLX,Communication,Provider_D,USD,-238.71,1709152009387.0,140056764420.0,291516250.0,2026-09-08 17:31:33
6741,2026-09-03,NextEra Energy,NEE,Utilities,Provider_A,USD,46.82,2638527535881.0,415374793481.0,632606015.0,2026-09-08 23:26:00
6742,2026-09-03,NextEra Energy,NEE,Utilities,Provider_B,USD,46.77,2635449172477.0,414890176760.0,631867955.0,2026-09-08 23:57:32
6743,2026-09-03,NextEra Energy,NEE,Utilities,Provider_C,USD,46.78,2636166738740.0,415003140879.0,632039997.0,2026-09-08 04:59:28
6744,2026-09-03,NextEra Energy,NEE,Utilities,Provider_D,USD,46.83,2638838530789.0,415423752397.0,632680578.0,2026-09-08 02:58:43
6705,2026-09-03,Nike Inc.,NKE,Consumer,Provider_A,USD,358.83,1104664167090.0,358601550692.0,170935940.0,2026-09-08 17:08:04
6706,2026-09-03,Nike Inc.,NKE,Consumer,Provider_B,USD,358.86,1104765856881.0,358634561736.0,170951675.0,2026-09-08 03:52:27
6707,2026-09-03,Nike Inc.,NKE,Consumer,Provider_C,USD,359.71,1107379050939.0,359482869728.0,171356041.0,2026-09-08 14:39:04
6708,2026-09-03,Nike Inc.,NKE,Consumer,Provider_D,USD,359.8,1107656904614.0,359573067963.0,171399036.0,2026-09-08 07:26:29
6669,2026-09-03,Oracle Corp.,ORCL,Technology,Provider_A,USD,544.05,1538515458493.0,369331207164.0,360979985.0,2026-09-08 06:24:49
6670,2026-09-03,Oracle Corp.,ORCL,Technology,Provider_B,USD,542.65,1534559468235.0,368381544520.0,360051796.0,2026-09-08 09:51:17
6671,2026-09-03,Oracle Corp.,ORCL,Technology,Provider_C,USD,541.99,1532671838670.0,367928406073.0,359608904.0,2026-09-08 21:40:20
6672,2026-09-03,Oracle Corp.,ORCL,Technology,Provider_D,USD,541.93,1532513876066.0,367890486064.0,359571841.0,2026-09-08 07:19:24
6697,2026-09-03,PepsiCo,PEP,Consumer,Provider_A,USD,228.51,3346434489189.0,409384842438.0,686293032.0,2026-09-08 20:41:15
6698,2026-09-03,PepsiCo,PEP,Consumer,Provider_B,USD,227.58,3332807808263.0,407717827398.0,683498447.0,2026-09-08 17:24:37
6699,2026-09-03,PepsiCo,PEP,Consumer,Provider_C,USD,228.56,3347177112910.0,409475691040.0,,2026-09-08 10:36:39
6700,2026-09-03,PepsiCo,PEP,Consumer,Provider_D,USD,228.26,3342836358271.0,408944666404.0,685555121.0,2026-09-08 00:31:40
6709,2026-09-03,Pfizer Inc.,PFE,Healthcare,Provider_A,USD,226.69,3734373787692.0,199853287616.0,925784310.0,2026-09-08 08:22:48
6710,2026-09-03,Pfizer Inc.,PFE,Healthcare,Provider_B,USD,226.82,3736496918965.0,199966911690.0,926310653.0,2026-09-08 23:51:59
6711,2026-09-03,Pfizer Inc.,PFE,Healthcare,Provider_C,USD,227.07,3740681555706.0,200190861797.0,927348062.0,2026-09-08 19:53:01
6712,2026-09-03,Pfizer Inc.,PFE,Healthcare,Provider_D,USD,227.05,3740259075774.0,200168251848.0,927243325.0,2026-09-08 10:11:52
6657,2026-09-03,Procter & Gamble,PG,Consumer,Provider_A,USD,703.74,3132273203521.0,65510773216.0,128285076.0,2026-09-08 15:25:23
6658,2026-09-03,Procter & Gamble,PG,Consumer,Provider_B,USD,703.2,3129848996692.0,65460071488.0,128185791.0,2026-09-08 12:55:18
6659,2026-09-03,Procter & Gamble,PG,Consumer,Provider_C,USD,704.98,3137811123630.0,65626597541.0,128511887.0,2026-09-08 11:11:22
6660,2026-09-03,Procter & Gamble,PG,Consumer,Provider_D,USD,703.22,3129974969186.0,65462706174.0,128190950.0,2026-09-08 17:20:13
6793,2026-09-03,Qualcomm,QCOM,Technology,Provider_A,USD,490.78,2447669080728.0,60294268583.0,547883899.0,2026-09-08 04:14:53
6794,2026-09-03,Qualcomm,QCOM,Technology,Provider_B,USD,491.14,2449457958670.0,60338334624.0,548284319.0,2026-09-08 01:22:21
6795,2026-09-03,Qualcomm,QCOM,Technology,Provider_C,USD,491.18,2449657663424.0,60343254020.0,548329021.0,2026-09-08 16:43:33
6796,2026-09-03,Qualcomm,QCOM,Technology,Provider_D,USD,490.36,2768742028810.5425,60243219695.0,547420026.0,2026-09-08 05:42:12
6681,2026-09-03,Salesforce Inc.,CRM,Technology,Provider_A,USD,599.65,3272450173857.0,55646644370.0,321812102.0,2026-09-08 20:31:54
6682,2026-09-03,Salesforce Inc.,CRM,Technology,Provider_B,USD,598.46,3265965589306.0,55536376727.0,321174409.0,2026-09-08 13:21:51
6683,2026-09-03,Salesforce Inc.,CRM,Technology,Provider_C,USD,597.76,3262146773981.0,55471439372.0,320798867.0,2026-09-08 19:27:53
6684,2026-09-03,Salesforce Inc.,CRM,Technology,Provider_D,USD,599.19,3269988939247.0,55604792107.0,321570064.0,2026-09-08 04:44:38
6625,2026-09-03,Tesla Inc.,TSLA,Automotive,Provider_A,USD,420.62,3222239615761.0,185716332786.0,745473178.0,2026-09-08 10:12:12
6626,2026-09-03,Tesla Inc.,TSLA,Automotive,Provider_B,USD,420.37,3220326443462.0,185606065585.0,745030560.0,2026-09-08 17:04:24
6627,2026-09-03,Tesla Inc.,TSLA,Automotive,Provider_C,USD,421.54,3208363656410.0,184916580877.0,742262940.0,2026-09-08 13:04:49
6628,2026-09-03,Tesla Inc.,TSLA,Automotive,Provider_D,USD,419.04,3210170047912.0,185020693682.0,742680853.0,2026-09-08 14:25:57
6797,2026-09-03,Texas Instruments,TXN,Technology,Provider_A,USD,142.05,3669787825659.0,312178879143.0,564492562.0,2026-09-08 07:33:21
6798,2026-09-03,Texas Instruments,TXN,Technology,Provider_B,USD,141.97,3667723543872.0,312003276300.0,564175031.0,2026-09-08 05:03:34
6799,2026-09-03,Texas Instruments,TXN,Technology,Provider_C,USD,142.36,3677896222740.0,312868638451.0,565739808.0,2026-09-08 09:42:15
6800,2026-09-03,Texas Instruments,TXN,Technology,Provider_D,USD,141.75,3662125862243.0,311527096734.0,563313987.0,2026-09-08 19:23:40
6769,2026-09-03,UPS,UPS,Industrials,Provider_A,USD,125.28,2099184006575.0,95858604082.0,329158469.0,2026-09-08 07:27:40
6770,2026-09-03,UPS,UPS,Industrials,Provider_B,USD,125.16,2097071265985.0,95762126421.0,328827185.0,2026-09-08 08:51:35
6771,2026-09-03,UPS,UPS,Industrials,Provider_C,USD,125.55,2103568267002.0,96058810011.0,329845935.0,2026-09-08 07:06:54
6772,2026-09-03,UPS,UPS,Industrials,Provider_D,USD,125.49,2102642297878.0,96016525911.0,329700740.0,2026-09-08 07:19:07
6765,2026-09-03,Union Pacific,UNP,Industrials,Provider_A,USD,134.02,3547991628867.0,378917170410.0,765072468.0,2026-09-08 09:01:34
6766,2026-09-03,Union Pacific,UNP,Industrials,Provider_B,USD,133.58,3536390571660.0,377678204755.0,762570870.0,2026-09-08 19:44:58
6767,2026-09-03,Union Pacific,UNP,Industrials,Provider_C,USD,133.89,3544505308242.0,378544839558.0,764320694.0,2026-09-08 03:55:05
6768,2026-09-03,Union Pacific,UNP,Industrials,Provider_D,USD,134.17,3551989277508.0,379344109893.0,765934503.0,2026-09-08 21:23:28
6785,2026-09-03,Verizon,VZ,Communication,Provider_A,USD,649.44,3874700382376.0,30294996143.0,263091903.0,2026-09-08 03:38:36
6786,2026-09-03,Verizon,VZ,Communication,Provider_B,USD,647.33,3862104012104.0,30196509305.0,262236610.0,2026-09-08 17:56:29
6787,2026-09-03,Verizon,VZ,Communication,Provider_C,USD,649.19,-3873156461118.0,30282924735.0,262987071.0,2026-09-08 09:58:11
6788,2026-09-03,Verizon,VZ,Communication,Provider_D,USD,648.58,3869517620295.0,30254473846.0,262739994.0,2026-09-08 13:09:04
6633,2026-09-03,Visa Inc.,V,Financials,Provider_A,USD,130.01,1088858705374.0,76241959992.0,269889874.0,2026-09-08 02:26:48
6634,2026-09-03,Visa Inc.,V,Financials,Provider_B,USD,130.73,1087381200586.0,76138505007.0,269523652.0,2026-09-08 23:15:41
6635,2026-09-03,Visa Inc.,V,Financials,Provider_C,USD,129.77,1086836268553.0,76100348830.0,269388583.0,2026-09-08 20:44:05
6636,2026-09-03,Visa Inc.,V,Financials,Provider_D,USD,129.9,1087904757146.0,76175164473.0,269653424.0,2026-09-08 13:18:20
6637,2026-09-03,Walmart Inc.,WMT,Consumer,Provider_A,USD,699.48,1302716646184.0,45511179835.0,81355085.0,2026-09-08 07:27:10
6638,2026-09-03,Walmart Inc.,WMT,Consumer,Provider_B,USD,698.97,1301763766310.0,45477890411.0,81295577.0,2026-09-08 18:09:37
6639,2026-09-03,Walmart Inc.,WMT,Consumer,Provider_C,USD,698.92,1301684958458.0,45475137212.0,81290656.0,2026-09-08 08:22:53
6640,2026-09-03,Walmart Inc.,WMT,Consumer,Provider_D,USD,700.35,1304350477194.0,45568258692.0,81457118.0,2026-09-08 07:25:41
6733,2026-09-03,Wells Fargo,WFC,Financials,Provider_A,USD,584.85,628428040617.0,11675284855.0,19333025.0,2026-09-08 04:05:56
6734,2026-09-03,Wells Fargo,WFC,Financials,Provider_B,USD,584.5,-628060401418.0,11668454650.0,19321715.0,2026-09-08 23:16:54
6735,2026-09-03,Wells Fargo,WFC,Financials,Provider_C,USD,584.42,627967513957.0,11666728935.0,19318857.0,2026-09-08 21:13:28
6736,2026-09-03,Wells Fargo,WFC,Financials,Provider_D,USD,1051.956,627973649681.0,11666842928.0,19319046.0,2026-09-08 18:47:31
6889,2026-09-04,AMD,AMD,Technology,Provider_A,USD,110.03,1471238051604.0,403704017707.0,216022384.0,2026-09-08 22:48:52
6890,2026-09-04,AMD,AMD,Technology,Provider_B,USD,110.4,1476192548494.0,405063519182.0,216749854.0,2026-09-08 12:13:58
6891,2026-09-04,AMD,AMD,Technology,Provider_C,USD,110.14,1472812594278.0,404136068253.0,216253574.0,2026-09-08 06:59:41
6892,2026-09-04,AMD,AMD,Technology,Provider_D,USD,110.21,1473714340802.0,404383505230.0,216385978.0,2026-09-08 04:54:41
6981,2026-09-04,AT&T,T,Communication,Provider_A,USD,284.38,922725809922.0,383788588257.0,33254270.0,2026-09-08 12:41:23
6982,2026-09-04,AT&T,T,Communication,Provider_B,USD,284.56,923316075936.0,384034097116.0,33275543.0,2026-09-08 06:12:07
6983,2026-09-04,AT&T,T,Communication,Provider_C,USD,283.74,920637188200.0,382919869540.0,33178998.0,2026-09-08 11:29:29
6984,2026-09-04,AT&T,T,Communication,Provider_D,USD,284.01,921507127650.0,383281702741.0,33210350.0,2026-09-08 05:05:20
6917,2026-09-04,AbbVie Inc.,ABBV,Healthcare,Provider_A,USD,592.37,3897012031121.0,379567920378.0,789910945.0,2026-09-08 22:02:59
6918,2026-09-04,AbbVie Inc.,ABBV,Healthcare,Provider_B,USD,593.18,3902331417254.0,380086027152.0,790989166.0,2026-09-08 19:09:35
6919,2026-09-04,AbbVie Inc.,ABBV,Healthcare,Provider_C,USD,593.6,3905088061897.0,380354523596.0,791547928.0,2026-09-08 18:51:58
6920,2026-09-04,AbbVie Inc.,ABBV,Healthcare,Provider_D,USD,594.78,3912891841623.0,381114609636.0,793129728.0,2026-09-08 14:54:16
6877,2026-09-04,Adobe Inc.,ADBE,Technology,Provider_A,USD,37.42,2383991966676.0,437793953329.0,488646364.0,2026-09-08 19:58:02
6878,2026-09-04,Adobe Inc.,ADBE,Technology,Provider_B,USD,37.3,2376262965313.0,436374607077.0,487062153.0,2026-09-08 01:52:07
6879,2026-09-04,Adobe Inc.,ADBE,Technology,Provider_C,USD,37.4,2382750841382.0,437566034293.0,488391971.0,2026-09-08 22:20:51
6880,2026-09-04,Adobe Inc.,ADBE,Technology,Provider_D,USD,37.38,2381558716705.0,437347113684.0,488147622.0,2026-09-08 04:40:49
6817,2026-09-04,Alphabet Inc.,GOOGL,Communication,Provider_A,USD,474.42,2360616214015.0,322525192663.0,354507215.0,2026-09-08 13:52:11
6818,2026-09-04,Alphabet Inc.,GOOGL,Communication,Provider_B,USD,473.25,2354797096257.0,321730140903.0,353633325.0,2026-09-08 17:53:57
6819,2026-09-04,Alphabet Inc.,GOOGL,Communication,Provider_C,USD,472.62,2351685861924.0,321305060601.0,353166094.0,2026-09-08 18:27:50
6820,2026-09-04,Alphabet Inc.,GOOGL,Communication,Provider_D,USD,472.29,2350054507341.0,321082172633.0,352921104.0,2026-09-08 20:27:07
6813,2026-09-04,Amazon.com Inc.,AMZN,Consumer,Provider_A,USD,69.59,1661846452352.0,127307299768.0,121129012.0,2026-09-08 02:39:07
6814,2026-09-04,Amazon.com Inc.,AMZN,Consumer,Provider_B,USD,69.72,1664890389263.0,127540483399.0,121350879.0,2026-09-08 06:24:06
6815,2026-09-04,Amazon.com Inc.,AMZN,Consumer,Provider_C,USD,69.8,1666775667126.0,127684906870.0,121488294.0,2026-09-08 17:47:22
6816,2026-09-04,Amazon.com Inc.,AMZN,Consumer,Provider_D,USD,69.45,1658354014977.0,127039758341.0,120874455.0,2026-09-08 15:19:03
6801,2026-09-04,Apple Inc.,AAPL,Technology,Provider_A,USD,711.34,1865397884960.0,50231562569.0,348509857.0,2026-09-08 08:57:06
6802,2026-09-04,Apple Inc.,AAPL,Technology,Provider_B,USD,710.28,1862625998181.0,50156921011.0,347991989.0,2026-09-08 22:53:31
6803,2026-09-04,Apple Inc.,AAPL,Technology,Provider_C,USD,709.37,1860227196304.0,50092325909.0,347543823.0,2026-09-08 20:45:37
6804,2026-09-04,Apple Inc.,AAPL,Technology,Provider_D,USD,710.68,1863667328461.0,50184962025.0,348186539.0,2026-09-08 11:54:12
6929,2026-09-04,Bank of America,BAC,Financials,Provider_A,USD,61.97,358213819961.0,173362173366.0,81111740.0,2026-09-08 09:35:26
6930,2026-09-04,Bank of America,BAC,Financials,Provider_B,USD,61.94,358049327125.0,173282564948.0,81074493.0,2026-09-08 11:32:29
6931,2026-09-04,Bank of America,BAC,Financials,Provider_C,INR,62.04,358614608437.0,173556140090.0,81202492.0,2026-09-08 11:34:23
6932,2026-09-04,Bank of America,BAC,Financials,Provider_D,USD,62.06,358736674447.0,173615215501.0,81230132.0,2026-09-08 01:49:21
6937,2026-09-04,Berkshire Hathaway,BRK.B,Financials,Provider_A,USD,470.17,1784605714160.0,41254193206.0,155868072.0,2026-09-08 20:44:15
6938,2026-09-04,Berkshire Hathaway,BRK.B,Financials,Provider_B,USD,470.22,1784774810002.0,41258102144.0,155882841.0,2026-09-08 10:02:54
6939,2026-09-04,Berkshire Hathaway,BRK.B,Financials,Provider_C,USD,471.93,1791273031912.0,41408319584.0,156450398.0,2026-09-08 19:38:23
6940,2026-09-04,Berkshire Hathaway,BRK.B,Financials,Provider_D,USD,471.32,1788972228828.0,41355132612.0,156249445.0,2026-09-08 02:42:14
6957,2026-09-04,Boeing Co.,BA,Industrials,Provider_A,USD,572.7,724322073917.0,269240005600.0,172400333.0,2026-09-08 06:38:49
6958,2026-09-04,Boeing Co.,BA,Industrials,Provider_B,USD,570.86,721996754831.0,268375654028.0,171846870.0,2026-09-08 21:39:01
6959,2026-09-04,Boeing Co.,BA,Industrials,Provider_C,USD,572.66,724262300701.0,269217787113.0,172386106.0,2026-09-08 14:00:45
6960,2026-09-04,Boeing Co.,BA,Industrials,Provider_D,USD,571.64,722972798347.0,268738462192.0,172079184.0,2026-09-08 20:54:45
6865,2026-09-04,Broadcom Inc.,AVGO,Technology,Provider_A,USD,679.78,1320088301729.0,298549888743.0,323341117.0,2026-09-08 21:09:46
6866,2026-09-04,Broadcom Inc.,AVGO,Technology,Provider_B,USD,680.35,1321212624738.0,298804164543.0,323616508.0,2026-09-08 04:53:54
6867,2026-09-04,Broadcom Inc.,AVGO,Technology,Provider_C,USD,680.16,1320835346366.0,298718839633.0,323524098.0,2026-09-08 11:04:00
6868,2026-09-04,Broadcom Inc.,AVGO,Technology,Provider_D,USD,679.45,1319452992115.0,298406207737.0,323185505.0,2026-09-08 09:36:27
6961,2026-09-04,Caterpillar Inc.,CAT,Industrials,Provider_A,USD,350.2,3370319878922.0,327295058453.0,170328306.0,2026-09-08 05:03:35
6962,2026-09-04,Caterpillar Inc.,CAT,Industrials,Provider_B,USD,350.95,3377510654541.0,327993361704.0,170691711.0,2026-09-08 05:14:05
6963,2026-09-04,Caterpillar Inc.,CAT,Industrials,Provider_C,USD,351.3,3380877072387.0,-328320277832.0,170861843.0,2026-09-08 13:04:53
6964,2026-09-04,Caterpillar Inc.,CAT,Industrials,Provider_D,USD,351.32,3381029601238.0,328335090058.0,170869551.0,2026-09-08 19:27:21
6853,2026-09-04,Chevron Corp.,CVX,Energy,Provider_A,USD,227.93,3966412198541.0,394361357366.0,499187421.0,2026-09-08 09:29:21
6854,2026-09-04,Chevron Corp.,CVX,Energy,Provider_B,USD,228.49,3976174424751.0,395331968736.0,500416033.0,2026-09-08 00:15:36
6855,2026-09-04,Chevron Corp.,CVX,Energy,Provider_C,USD,228.22,3971424158493.0,394859672526.0,499818195.0,2026-09-08 08:03:24
6856,2026-09-04,Chevron Corp.,CVX,Energy,Provider_D,USD,222.19,3975697454665.0,395284545886.0,500356004.0,2026-09-08 03:35:08
6893,2026-09-04,Cisco Systems,CSCO,Technology,Provider_A,USD,73.84,887745264193.0,,47616950.0,2026-09-08 19:11:22
6894,2026-09-04,Cisco Systems,CSCO,Technology,Provider_B,USD,73.87,888033235981.0,120261547191.0,47632397.0,2026-09-08 12:23:11
6895,2026-09-04,Cisco Systems,CSCO,Technology,Provider_C,USD,73.59,884749300907.0,119816821592.0,47456253.0,2026-09-08 07:26:43
6896,2026-09-04,Cisco Systems,CSCO,Technology,Provider_D,USD,73.7,885968681516.0,119981955725.0,47521658.0,2026-09-08 01:03:34
6841,2026-09-04,Coca-Cola,KO,Consumer,Provider_A,USD,460.46,2810615268361.0,214779364030.0,248309130.0,2026-09-08 00:01:28
6842,2026-09-04,Coca-Cola,KO,Consumer,Provider_B,USD,460.54,2815863680365.0,215180433008.0,248772811.0,2026-09-08 07:03:05
6843,2026-09-04,Coca-Cola,KO,Consumer,Provider_C,USD,461.4,2816311730540.0,215214671750.0,248812395.0,2026-09-08 18:06:53
6844,2026-09-04,Coca-Cola,KO,Consumer,Provider_D,USD,461.91,2819455081417.0,215454877839.0,249090100.0,2026-09-08 18:59:58
6989,2026-09-04,Comcast,CMCSA,Communication,Provider_A,USD,610.28,367792983770.0,173901447668.0,90533342.0,2026-09-08 17:18:43
6990,2026-09-04,Comcast,CMCSA,Communication,Provider_B,USD,611.45,368497153524.0,174234396215.0,90706676.0,2026-09-08 00:07:32
6991,2026-09-04,Comcast,CMCSA,Communication,Provider_C,USD,609.6,367385341413.0,173708704470.0,90433000.0,2026-09-08 08:43:12
6992,2026-09-04,Comcast,CMCSA,Communication,Provider_D,USD,610.0,367623089528.0,173821117548.0,90491522.0,2026-09-08 10:23:37
6949,2026-09-04,ConocoPhillips,COP,Energy,Provider_A,USD,297.97,206956039877.0,447708888714.0,46625956.0,2026-09-08 03:38:59
6950,2026-09-04,ConocoPhillips,COP,Energy,Provider_B,USD,298.14,207077012287.0,447970588849.0,46653211.0,2026-09-08 12:41:36
6951,2026-09-04,ConocoPhillips,COP,Energy,Provider_C,USD,297.15,206392773474.0,446490372090.0,46499056.0,2026-09-08 18:46:44
6952,2026-09-04,ConocoPhillips,COP,Energy,Provider_D,USD,296.91,206223936786.0,446125126958.0,46461018.0,2026-09-08 13:15:03
6945,2026-09-04,Duke Energy,DUK,Utilities,Provider_A,USD,628.29,299167527116.0,390534270715.0,48309484.0,2026-09-08 05:47:51
6946,2026-09-04,Duke Energy,DUK,Utilities,Provider_B,USD,626.39,298261399538.0,389351408804.0,48163163.0,2026-09-08 20:26:29
6947,2026-09-04,Duke Energy,DUK,Utilities,Provider_C,USD,628.09,299069817155.0,390406719811.0,48293706.0,2026-09-08 17:40:08
6948,2026-09-04,Duke Energy,DUK,Utilities,Provider_D,USD,629.4,299692239994.0,391219232626.0,48394215.0,2026-09-08 05:12:15
6849,2026-09-04,Exxon Mobil,XOM,Energy,Provider_A,USD,43.81,1398729661828.0,96132709923.0,302777528.0,2026-09-08 06:20:24
6850,2026-09-04,Exxon Mobil,XOM,Energy,Provider_B,USD,43.83,1399417611036.0,96179991699.0,302926446.0,2026-09-08 21:51:41
6851,2026-09-04,Exxon Mobil,XOM,Energy,Provider_C,USD,43.78,1397972888930.0,96080697993.0,302613713.0,2026-09-08 03:55:33
6852,2026-09-04,Exxon Mobil,XOM,Energy,Provider_D,USD,43.84,1399708468210.0,96199981901.0,302989407.0,2026-09-08 03:26:03
6921,2026-09-04,Goldman Sachs,GS,Financials,Provider_A,USD,683.65,3763127006873.0,100096710409.0,501376247.0,2026-09-08 08:07:30
6922,2026-09-04,Goldman Sachs,GS,Financials,Provider_B,USD,685.54,3773507908462.0,100372835583.0,502759336.0,2026-09-08 01:53:25
6923,2026-09-04,Goldman Sachs,GS,Financials,Provider_C,USD,686.56,3779099770942.0,100521575458.0,503504362.0,2026-09-08 21:51:12
6924,2026-09-04,Goldman Sachs,GS,Financials,Provider_D,USD,685.06,3770865427767.0,100302547330.0,502407268.0,2026-09-08 12:20:23
6973,2026-09-04,Home Depot,HD,Consumer,Provider_A,USD,319.42,1337627723995.0,179695650475.0,293903454.0,2026-09-08 21:25:24
6974,2026-09-04,Home Depot,HD,Consumer,Provider_B,USD,319.82,1339302578580.0,179920648865.0,294271453.0,2026-09-08 12:30:50
6975,2026-09-04,Home Depot,HD,Consumer,Provider_C,USD,318.55,1334000451659.0,179208366121.0,293106470.0,2026-09-08 20:04:02
6976,2026-09-04,Home Depot,HD,Consumer,Provider_D,USD,319.51,1338038615340.0,179750849232.0,293993735.0,2026-09-08 13:57:53
6885,2026-09-04,Intel Corp.,INTC,Technology,Provider_A,USD,167.29,2201011588062.0,207831538735.0,426152376.0,2026-09-08 11:23:36
6886,2026-09-04,Intel Corp.,INTC,Technology,Provider_B,USD,167.7,2206359591320.0,208336526419.0,427187838.0,2026-09-08 00:02:18
6887,2026-09-04,Intel Corp.,INTC,Technology,Provider_C,USD,167.18,2199476281379.0,207686566690.0,425855115.0,2026-09-08 23:34:29
6888,2026-09-04,Intel Corp.,INTC,Technology,Provider_D,USD,167.38,2202164552384.0,207940407925.0,426375609.0,2026-09-08 11:06:16
6829,2026-09-04,JPMorgan Chase,JPM,Financials,Provider_A,USD,734.05,2172571965590.0,,408269456.0,2026-09-08 07:33:25
6830,2026-09-04,JPMorgan Chase,JPM,Financials,Provider_B,USD,734.22,2173076979759.0,165539870981.0,408364359.0,2026-09-08 02:44:33
6831,2026-09-04,JPMorgan Chase,JPM,Financials,Provider_C,USD,735.17,2175883959200.0,165753700044.0,408891846.0,2026-09-08 00:34:48
6832,2026-09-04,JPMorgan Chase,JPM,Financials,Provider_D,USD,734.44,2173737156144.0,165590161659.0,408488419.0,2026-09-08 03:05:17
6845,2026-09-04,Johnson & Johnson,JNJ,Healthcare,Provider_A,USD,570.81,1398594040615.0,292592395935.0,92402728.0,2026-09-08 09:38:56
7698,2026-09-04,Johnson & Johnson,JNJ,Healthcare,Provider_A,USD,570.81,1398594040615.0,292592395935.0,92402728.0,2026-09-08 09:38:56
6846,2026-09-04,Johnson & Johnson,JNJ,Healthcare,Provider_B,USD,570.9,1398809290559.0,292637427227.0,92416949.0,2026-09-08 16:07:08
6847,2026-09-04,Johnson & Johnson,JNJ,Healthcare,Provider_C,USD,571.78,1400969784359.0,293089412606.0,92559689.0,2026-09-08 09:30:13
6848,2026-09-04,Johnson & Johnson,JNJ,Healthcare,Provider_D,USD,570.38,1397536148672.0,292371080007.0,92332835.0,2026-09-08 04:47:48
6953,2026-09-04,Lockheed Martin,LMT,Industrials,Provider_A,USD,458.27,3919687063795.0,141137729073.0,461528136.0,2026-09-08 21:39:20
6954,2026-09-04,Lockheed Martin,LMT,Industrials,Provider_B,USD,456.48,3904381100318.0,140586601166.0,459725917.0,2026-09-08 10:29:27
6955,2026-09-04,Lockheed Martin,LMT,Industrials,Provider_C,USD,457.74,3915133812781.0,140973778355.0,460992008.0,2026-09-08 14:20:39
6956,2026-09-04,Lockheed Martin,LMT,Industrials,Provider_D,USD,458.05,3917812602812.0,141070234611.0,461307425.0,2026-09-08 00:38:32
6977,2026-09-04,Lowe's,LOW,Consumer,Provider_A,USD,391.36,1023794909257.0,329541644137.0,221574920.0,2026-09-08 00:20:45
6978,2026-09-04,Lowe's,LOW,Consumer,Provider_B,USD,390.67,1021983710645.0,328958651036.0,221182931.0,2026-09-08 21:20:18
6979,2026-09-04,Lowe's,LOW,Consumer,Provider_C,USD,390.56,1021688812382.0,328863728452.0,221119108.0,2026-09-08 06:45:39
6980,2026-09-04,Lowe's,LOW,Consumer,Provider_D,USD,391.81,1024969836424.0,329919832607.0,221829204.0,2026-09-08 23:24:23
6861,2026-09-04,Mastercard Inc.,MA,Financials,Provider_A,USD,677.54,2005351819015.0,421470064715.0,207142273.0,2026-09-08 07:28:13
6862,2026-09-04,Mastercard Inc.,MA,Financials,Provider_B,USD,678.6,2008487444019.0,422129087267.0,207466166.0,2026-09-08 15:29:22
6863,2026-09-04,Mastercard Inc.,MA,Financials,Provider_C,USD,676.97,2426566378716.5215,421119418387.0,206969938.0,2026-09-08 05:13:47
6864,2026-09-04,Mastercard Inc.,MA,Financials,Provider_D,USD,677.97,2006634076865.0,421739560219.0,207274723.0,2026-09-08 00:41:52
6901,2026-09-04,McDonald's,MCD,Consumer,Provider_A,USD,614.75,1221545927017.0,441937950784.0,97203627.0,2026-09-08 06:51:06
6902,2026-09-04,McDonald's,MCD,Consumer,Provider_B,USD,616.99,1225995749518.0,443547833306.0,97557719.0,2026-09-08 02:57:14
6903,2026-09-04,McDonald's,MCD,Consumer,Provider_C,USD,617.11,1226222125250.0,443629732827.0,97575732.0,2026-09-08 17:30:43
6904,2026-09-04,McDonald's,MCD,Consumer,Provider_D,USD,617.48,1226967285094.0,443899321066.0,97635028.0,2026-09-08 22:29:29
6913,2026-09-04,Merck & Co.,MRK,Healthcare,Provider_A,USD,174.35,1991904034819.0,58354335081.0,296682526.0,2026-09-08 09:42:46
6914,2026-09-04,Merck & Co.,MRK,Healthcare,Provider_B,USD,174.94,1998601321286.0,58550537152.0,297680048.0,2026-09-08 06:51:44
6915,2026-09-04,Merck & Co.,MRK,Healthcare,Provider_C,USD,174.45,1992987140417.0,58386065478.0,296843848.0,2026-09-08 06:33:07
7653,2026-09-04,Merck & Co.,MRK,Healthcare,Provider_C,USD,174.45,1992987140417.0,58386065478.0,296843848.0,2026-09-08 06:33:07
6916,2026-09-04,Merck & Co.,MRK,Healthcare,Provider_D,USD,174.33,1991690075817.0,58348066990.0,296650658.0,2026-09-08 23:41:58
6821,2026-09-04,Meta Platforms,META,Communication,Provider_A,USD,334.81,1727622421846.0,293164045819.0,316810132.0,2026-09-08 01:31:32
6822,2026-09-04,Meta Platforms,META,Communication,Provider_B,USD,334.36,1725272792660.0,292765332078.0,316379259.0,2026-09-08 13:53:48
6823,2026-09-04,Meta Platforms,META,Communication,Provider_C,USD,334.77,1727397629031.0,293125900232.0,316768910.0,2026-09-08 07:39:58
6824,2026-09-04,Meta Platforms,META,Communication,Provider_D,USD,335.01,1728644892463.0,293337551105.0,316997632.0,2026-09-08 06:14:39
6805,2026-09-04,Microsoft Corp.,MSFT,Technology,Provider_A,USD,216.92,3044118163913.0,64927512859.0,472068147.0,2026-09-08 06:25:20
6806,2026-09-04,Microsoft Corp.,MSFT,Technology,Provider_B,USD,216.74,3041473843042.0,64871112559.0,471658077.0,2026-09-08 08:48:18
6807,2026-09-04,Microsoft Corp.,MSFT,Technology,Provider_C,USD,217.2,3047981349227.0,65009910125.0,472667232.0,2026-09-08 07:45:02
7687,2026-09-04,Microsoft Corp.,MSFT,Technology,Provider_C,USD,217.2,3047981349227.0,65009910125.0,472667232.0,2026-09-08 07:45:02
6808,2026-09-04,Microsoft Corp.,MSFT,Technology,Provider_D,USD,217.41,3050955171957.0,65073338317.0,473128399.0,2026-09-08 21:58:31
6925,2026-09-04,Morgan Stanley,MS,Financials,Provider_A,USD,68.99,1931680547359.0,230597533268.0,210778682.0,2026-09-08 19:52:38
6926,2026-09-04,Morgan Stanley,MS,Financials,Provider_B,USD,68.83,1927298653812.0,230074437539.0,210300544.0,2026-09-08 10:18:39
6927,2026-09-04,Morgan Stanley,MS,Financials,Provider_C,USD,68.84,1927580626310.0,-230108098468.0,210331312.0,2026-09-08 04:10:19
6928,2026-09-04,Morgan Stanley,MS,Financials,Provider_D,USD,69.01,1932201881695.0,230659768409.0,210835568.0,2026-09-08 21:42:19
6809,2026-09-04,NVIDIA Corp.,NVDA,Technology,Provider_A,USD,227.38,211453089752.0,257327421180.0,30773155.0,2026-09-08 10:36:32
6810,2026-09-04,NVIDIA Corp.,NVDA,Technology,Provider_B,USD,226.84,210956713467.0,256723357037.0,30700916.0,2026-09-08 18:41:18
7628,2026-09-04,NVIDIA Corp.,NVDA,Technology,Provider_B,USD,226.84,210956713467.0,256723357037.0,30700916.0,2026-09-08 18:41:18
6811,2026-09-04,NVIDIA Corp.,NVDA,Technology,Provider_C,USD,227.37,211445354260.0,257318007488.0,30772029.0,2026-09-08 21:26:45
6812,2026-09-04,NVIDIA Corp.,NVDA,Technology,Provider_D,USD,227.4,211473176526.0,257351865739.0,30776078.0,2026-09-08 12:16:21
6873,2026-09-04,Netflix Inc.,NFLX,Communication,Provider_A,USD,239.06,1709907052317.0,140204953140.0,412992859.0,2026-09-08 14:30:11
6874,2026-09-04,Netflix Inc.,NFLX,Communication,Provider_B,USD,241.01,1711413226033.0,140328452844.0,413356644.0,2026-09-08 10:43:43
6875,2026-09-04,Netflix Inc.,NFLX,Communication,Provider_C,USD,723.5999999999999,1712781358165.0,140440633738.0,413687089.0,2026-09-08 06:10:06
6876,2026-09-04,Netflix Inc.,NFLX,Communication,Provider_D,USD,240.49,1707731431535.0,140026561683.0,412467383.0,2026-09-08 15:57:15
6941,2026-09-04,NextEra Energy,NEE,Utilities,Provider_A,USD,47.38,2637179424521.0,415216670915.0,523163747.0,2026-09-08 00:28:10
6942,2026-09-04,NextEra Energy,NEE,Utilities,Provider_B,USD,47.44,2640387935133.0,415721842115.0,523800251.0,2026-09-08 14:56:07
6943,2026-09-04,NextEra Energy,NEE,Utilities,Provider_C,USD,47.5,3469186550443.8936,416226967876.0,524436698.0,2026-09-08 19:12:45
6944,2026-09-04,NextEra Energy,NEE,Utilities,Provider_D,USD,16.611,2641691723810.0,415927120068.0,524058897.0,2026-09-08 07:13:36
6905,2026-09-04,Nike Inc.,NKE,Consumer,Provider_A,USD,365.54,1100963561944.0,357463939881.0,186021782.0,2026-09-08 00:11:36
6906,2026-09-04,Nike Inc.,NKE,Consumer,Provider_B,USD,367.39,1106530393598.0,359271394410.0,186962369.0,2026-09-08 20:55:06
6907,2026-09-04,Nike Inc.,NKE,Consumer,Provider_C,USD,366.95,1105198454075.0,358838936546.0,186737321.0,2026-09-08 00:15:17
6908,2026-09-04,Nike Inc.,NKE,Consumer,Provider_D,USD,367.24,1106069057660.0,359121606562.0,186884420.0,2026-09-08 18:30:14
6869,2026-09-04,Oracle Corp.,ORCL,Technology,Provider_A,USD,538.89,1536852290113.0,368809837401.0,254232975.0,2026-09-08 03:06:54
6870,2026-09-04,Oracle Corp.,ORCL,Technology,Provider_B,USD,537.08,1531684574675.0,367569702417.0,253378109.0,2026-09-08 02:44:07
6871,2026-09-04,Oracle Corp.,ORCL,Technology,Provider_C,USD,539.39,1538281405766.0,369152792879.0,254469386.0,2026-09-08 14:46:33
6872,2026-09-04,Oracle Corp.,ORCL,Technology,Provider_D,USD,538.51,1535769299762.0,368549944178.0,254053822.0,2026-09-08 18:27:14
6897,2026-09-04,PepsiCo,PEP,Consumer,Provider_A,USD,231.2,3333463558740.0,408980268939.0,453975103.0,2026-09-08 02:18:38
6898,2026-09-04,PepsiCo,PEP,Consumer,Provider_B,USD,231.55,3338550933387.0,409604435310.0,454667938.0,2026-09-08 22:42:08
6899,2026-09-04,PepsiCo,PEP,Consumer,Provider_C,USD,230.98,3330293975833.0,408591395070.0,453543446.0,2026-09-08 15:36:10
6900,2026-09-04,PepsiCo,PEP,Consumer,Provider_D,USD,230.29,3320396976626.0,,452195602.0,2026-09-08 02:52:17
6909,2026-09-04,Pfizer Inc.,PFE,Healthcare,Provider_A,USD,228.32,3739488166112.0,200139543417.0,491182961.0,2026-09-08 14:27:57
6910,2026-09-04,Pfizer Inc.,PFE,Healthcare,Provider_B,USD,226.82,3726615912115.0,199450613028.0,489492186.0,2026-09-08 01:09:43
6911,2026-09-04,Pfizer Inc.,PFE,Healthcare,Provider_C,USD,227.63,3728194746299.0,199535113135.0,489699567.0,2026-09-08 10:01:24
6912,2026-09-04,Pfizer Inc.,PFE,Healthcare,Provider_D,USD,227.47,5326565963733.009,199392603072.0,489349818.0,2026-09-08 20:06:11
6857,2026-09-04,Procter & Gamble,PG,Consumer,Provider_A,USD,705.54,3129296494476.0,65447054630.0,608984128.0,2026-09-08 06:24:29
6858,2026-09-04,Procter & Gamble,PG,Consumer,Provider_B,USD,702.94,3117784102384.0,65206280975.0,606743732.0,2026-09-08 21:21:24
6859,2026-09-04,Procter & Gamble,PG,Consumer,Provider_C,USD,706.58,3133929799787.0,65543956980.0,609885803.0,2026-09-08 02:41:25
6860,2026-09-04,Procter & Gamble,PG,Consumer,Provider_D,USD,706.41,3133167347576.0,65528010824.0,609737425.0,2026-09-08 19:57:29
6993,2026-09-04,Qualcomm,QCOM,Technology,Provider_A,USD,491.16,2449769202482.0,60330157330.0,146850317.0,2026-09-08 23:17:48
6994,2026-09-04,Qualcomm,QCOM,Technology,Provider_B,USD,489.74,2442721885749.0,60156603949.0,146427869.0,2026-09-08 04:01:50
6995,2026-09-04,Qualcomm,QCOM,Technology,Provider_C,USD,490.86,2448295626273.0,60293867754.0,146761984.0,2026-09-08 20:39:11
6996,2026-09-04,Qualcomm,QCOM,Technology,Provider_D,USD,490.45,2446258244937.0,60243693421.0,146639854.0,2026-09-08 07:34:10
6881,2026-09-04,Salesforce Inc.,CRM,Technology,Provider_A,USD,601.23,3269084010957.0,55646240884.0,741197943.0,2026-09-08 19:01:12
6882,2026-09-04,Salesforce Inc.,CRM,Technology,Provider_B,USD,600.6,3265675352602.0,55588218813.0,740425099.0,2026-09-08 11:36:24
6883,2026-09-04,Salesforce Inc.,CRM,Technology,Provider_C,USD,600.81,3266796927009.0,55607310216.0,740679393.0,2026-09-08 07:49:51
6884,2026-09-04,Salesforce Inc.,CRM,Technology,Provider_D,USD,602.08,3273715537144.0,55725078571.0,742248046.0,2026-09-08 14:58:33
6825,2026-09-04,Tesla Inc.,TSLA,Automotive,Provider_A,USD,421.31,3217151478529.0,185566643776.0,623026373.0,2026-09-08 23:42:06
6826,2026-09-04,Tesla Inc.,TSLA,Automotive,Provider_B,USD,421.22,3216460824751.0,185526806577.0,622892623.0,2026-09-08 16:03:32
6827,2026-09-04,Tesla Inc.,TSLA,Automotive,Provider_C,USD,421.6,3219381377175.0,185695265263.0,623458211.0,2026-09-08 15:02:02
6828,2026-09-04,Tesla Inc.,TSLA,Automotive,Provider_D,USD,421.2,3216313649452.0,185518317444.0,622864121.0,2026-09-08 21:25:27
6997,2026-09-04,Texas Instruments,TXN,Technology,Provider_A,USD,142.01,3662815500546.0,311690692261.0,864167139.0,2026-09-08 13:46:31
6998,2026-09-04,Texas Instruments,TXN,Technology,Provider_B,USD,142.2,3667829780019.0,312117387037.0,865350156.0,2026-09-08 08:51:14
6999,2026-09-04,Texas Instruments,TXN,Technology,Provider_C,USD,142.54,3676530148053.0,312857752948.0,867402832.0,2026-09-08 07:10:29
7000,2026-09-04,Texas Instruments,TXN,Technology,Provider_D,USD,142.29,3670005853879.0,312302562067.0,865863557.0,2026-09-08 21:37:09
6969,2026-09-04,UPS,UPS,Industrials,Provider_A,USD,124.65,2103931609717.0,95965636818.0,126036454.0,2026-09-08 17:05:24
7714,2026-09-04,UPS,UPS,Industrials,Provider_A,USD,124.65,2103931609717.0,95965636818.0,126036454.0,2026-09-08 17:05:24
6970,2026-09-04,UPS,UPS,Industrials,Provider_B,USD,124.78,2106124898483.0,96065678261.0,126167843.0,2026-09-08 11:52:28
6971,2026-09-04,UPS,UPS,Industrials,Provider_C,USD,124.73,2105189766466.0,96023024526.0,,2026-09-08 22:12:38
6972,2026-09-04,UPS,UPS,Industrials,Provider_D,USD,124.79,2106269750225.0,96072285315.0,126176520.0,2026-09-08 18:36:46
6965,2026-09-04,Union Pacific,UNP,Industrials,Provider_A,USD,135.57,3542456627837.0,378472367092.0,848619590.0,2026-09-08 14:41:32
6966,2026-09-04,Union Pacific,UNP,Industrials,Provider_B,USD,135.53,3541440944181.0,378363852510.0,848376276.0,2026-09-08 23:17:45
6967,2026-09-04,Union Pacific,UNP,Industrials,Provider_C,USD,135.38,3537473954194.0,377940023442.0,847425957.0,2026-09-08 05:53:15
6968,2026-09-04,Union Pacific,UNP,Industrials,Provider_D,USD,135.57,3542335638795.0,378459440749.0,848590607.0,2026-09-08 13:53:48
6985,2026-09-04,Verizon,VZ,Communication,Provider_A,USD,653.65,3884611666434.0,30324223193.0,688510869.0,2026-09-08 12:14:38
6986,2026-09-04,Verizon,VZ,Communication,Provider_B,USD,652.04,3875034399870.0,30249460721.0,686813389.0,2026-09-08 13:23:04
6987,2026-09-04,Verizon,VZ,Communication,Provider_C,USD,652.49,3877695817578.0,30270236395.0,687285100.0,2026-09-08 03:54:36
6988,2026-09-04,Verizon,VZ,Communication,Provider_D,USD,653.0,3880780299904.0,30294314614.0,687831795.0,2026-09-08 22:32:49
6833,2026-09-04,Visa Inc.,V,Financials,Provider_A,USD,127.68,1090035199029.0,76332700627.0,256935361.0,2026-09-08 20:21:58
6834,2026-09-04,Visa Inc.,V,Financials,Provider_B,USD,127.27,1086545784914.0,76088344845.0,256112861.0,2026-09-08 20:59:01
6835,2026-09-04,Visa Inc.,V,Financials,Provider_C,USD,127.29,1086698087734.0,76099010267.0,256148761.0,2026-09-08 05:10:35
6836,2026-09-04,Visa Inc.,V,Financials,Provider_D,USD,127.43,1087849929212.0,76179671122.0,256420265.0,2026-09-08 04:39:35
6837,2026-09-04,Walmart Inc.,WMT,Consumer,Provider_A,USD,677.37,1306448757384.0,45602808441.0,97671992.0,2026-09-08 11:18:16
6838,2026-09-04,Walmart Inc.,WMT,Consumer,Provider_B,USD,677.72,1307134540612.0,45626746343.0,97723262.0,2026-09-08 19:25:29
6839,2026-09-04,Walmart Inc.,WMT,Consumer,Provider_C,USD,676.53,1304832327351.0,45546385448.0,97551146.0,2026-09-08 02:25:04
6840,2026-09-04,Walmart Inc.,WMT,Consumer,Provider_D,USD,676.93,1305601687132.0,45573240667.0,97608664.0,2026-09-08 17:51:08
6933,2026-09-04,Wells Fargo,WFC,Financials,Provider_A,USD,586.78,630050983843.0,11694346646.0,22287810.0,2026-09-08 18:06:30
6934,2026-09-04,Wells Fargo,WFC,Financials,Provider_B,USD,585.1,628244685782.0,11660820033.0,22223913.0,2026-09-08 03:27:47
6935,2026-09-04,Wells Fargo,WFC,Financials,Provider_C,USD,586.49,629741809872.0,11688608082.0,22276873.0,2026-09-08 18:17:13
6936,2026-09-04,Wells Fargo,WFC,Financials,Provider_D,USD,585.84,629041596919.0,11675611463.0,22252103.0,2026-09-08 22:19:32
7089,2026-09-05,AMD,AMD,Technology,Provider_A,USD,109.98,1469858851556.0,403731671457.0,312765407.0,2026-09-08 07:18:39
7090,2026-09-05,AMD,AMD,Technology,Provider_B,USD,109.85,1468236849846.0,403286150132.0,312420267.0,2026-09-08 18:58:29
7091,2026-09-05,AMD,AMD,Technology,Provider_C,USD,110.12,1471838180979.0,404275341330.0,313186580.0,2026-09-08 23:59:43
7092,2026-09-05,AMD,AMD,Technology,Provider_D,USD,38.528,1471309113126.0,404130020269.0,313074002.0,2026-09-08 04:26:10
7181,2026-09-05,AT&T,T,Communication,Provider_A,USD,289.13,920770062169.0,383738096172.0,119002069.0,2026-09-08 06:04:20
7182,2026-09-05,AT&T,T,Communication,Provider_B,USD,288.85,919878741297.0,383366631255.0,118886873.0,2026-09-08 03:17:56
7183,2026-09-05,AT&T,T,Communication,Provider_C,USD,289.09,920650360592.0,383688209607.0,118986599.0,2026-09-08 13:06:31
7184,2026-09-05,AT&T,T,Communication,Provider_D,USD,289.19,920973685239.0,383822957672.0,119028386.0,2026-09-08 03:03:42
7117,2026-09-05,AbbVie Inc.,ABBV,Healthcare,Provider_A,USD,581.3,3914871672508.0,380766678772.0,659334481.0,2026-09-08 12:57:23
7118,2026-09-05,AbbVie Inc.,ABBV,Healthcare,Provider_B,USD,580.73,3911072565170.0,380397171518.0,658694644.0,2026-09-08 07:55:01
7119,2026-09-05,AbbVie Inc.,ABBV,Healthcare,Provider_C,USD,580.17,3907282635526.0,380028556901.0,658056352.0,2026-09-08 12:40:31
7120,2026-09-05,AbbVie Inc.,ABBV,Healthcare,Provider_D,USD,1449.475,3904732220207.0,379780499428.0,657626816.0,2026-09-08 14:19:43
7077,2026-09-05,Adobe Inc.,ADBE,Technology,Provider_A,USD,37.24,2380636035599.0,437426085625.0,84719341.0,2026-09-08 05:13:54
7078,2026-09-05,Adobe Inc.,ADBE,Technology,Provider_B,USD,37.2,2377658733749.0,436879026153.0,84613388.0,2026-09-08 05:47:46
7079,2026-09-05,Adobe Inc.,ADBE,Technology,Provider_C,USD,37.3,2384011646985.0,438046331834.0,84839468.0,2026-09-08 04:01:36
7080,2026-09-05,Adobe Inc.,ADBE,Technology,Provider_D,USD,37.14,2373956777834.0,436198816301.0,84481647.0,2026-09-08 08:09:08
7017,2026-09-05,Alphabet Inc.,GOOGL,Communication,Provider_A,USD,473.72,2360179011290.0,321698361824.0,152188501.0,2026-09-08 16:12:59
7018,2026-09-05,Alphabet Inc.,GOOGL,Communication,Provider_B,USD,474.39,2363522170956.0,322154042932.0,152404074.0,2026-09-08 23:45:22
7019,2026-09-05,Alphabet Inc.,GOOGL,Communication,Provider_C,USD,473.18,2357492639635.0,321332202580.0,152015279.0,2026-09-08 06:00:47
7020,2026-09-05,Alphabet Inc.,GOOGL,Communication,Provider_D,USD,473.8,2360569516990.0,321751588737.0,152213681.0,2026-09-08 17:42:17
7013,2026-09-05,Amazon.com Inc.,AMZN,Consumer,Provider_A,USD,70.4,1659302145004.0,126972305155.0,413572340.0,2026-09-08 15:39:26
7014,2026-09-05,Amazon.com Inc.,AMZN,Consumer,Provider_B,USD,70.61,1664100304155.0,127339467537.0,414768256.0,2026-09-08 23:13:44
7015,2026-09-05,Amazon.com Inc.,AMZN,Consumer,Provider_C,USD,70.66,1665400044206.0,127438925608.0,415092209.0,2026-09-08 07:37:36
7016,2026-09-05,Amazon.com Inc.,AMZN,Consumer,Provider_D,USD,70.71,1666435354246.0,127518149095.0,415350255.0,2026-09-08 20:15:52
7001,2026-09-05,Apple Inc.,AAPL,Technology,Provider_A,USD,724.23,1861228957557.0,50053860570.0,240564668.0,2026-09-08 13:54:09
7002,2026-09-05,Apple Inc.,AAPL,Technology,Provider_B,USD,725.64,1864842813152.0,50151047659.0,241031760.0,2026-09-08 05:47:28
7003,2026-09-05,Apple Inc.,AAPL,Technology,Provider_C,USD,726.57,1867236714060.0,50215426618.0,241341173.0,2026-09-08 19:33:04
7004,2026-09-05,Apple Inc.,AAPL,Technology,Provider_D,USD,254.32049999999998,1867382932687.0,50219358862.0,241360072.0,2026-09-08 12:05:57
7129,2026-09-05,Bank of America,BAC,Financials,Provider_A,USD,60.77,358103224391.0,173556530929.0,31859131.0,2026-09-08 20:59:21
7130,2026-09-05,Bank of America,BAC,Financials,Provider_B,USD,60.81,358308737704.0,173656133991.0,31877415.0,2026-09-08 17:20:47
7131,2026-09-05,Bank of America,BAC,Financials,Provider_C,USD,60.8,358292475430.0,173648252399.0,31875968.0,2026-09-08 23:20:16
7132,2026-09-05,Bank of America,BAC,Financials,Provider_D,USD,60.68,357543489908.0,173285252794.0,31809334.0,2026-09-08 16:11:25
7137,2026-09-05,Berkshire Hathaway,BRK.B,Financials,Provider_A,USD,470.97,1790146414308.0,41423792824.0,158676516.0,2026-09-08 21:19:46
7138,2026-09-05,Berkshire Hathaway,BRK.B,Financials,Provider_B,USD,469.35,2107476924037.402,41281584745.0,158131779.0,2026-09-08 12:21:05
7139,2026-09-05,Berkshire Hathaway,BRK.B,Financials,Provider_C,USD,468.75,1781713945650.0,41228666419.0,,2026-09-08 20:53:17
7140,2026-09-05,Berkshire Hathaway,BRK.B,Financials,Provider_D,USD,470.05,1786659122795.0,41343097279.0,158367407.0,2026-09-08 18:44:55
7157,2026-09-05,Boeing Co.,BA,Industrials,Provider_A,USD,551.17,722145401065.0,268854469016.0,26244820.0,2026-09-08 23:55:45
7158,2026-09-05,Boeing Co.,BA,Industrials,Provider_B,USD,551.8,722967575782.0,269160564363.0,26274701.0,2026-09-08 22:48:41
7605,2026-09-05,Boeing Co.,BA,Industrials,Provider_B,USD,551.8,722967575782.0,269160564363.0,26274701.0,2026-09-08 22:48:41
7159,2026-09-05,Boeing Co.,BA,Industrials,Provider_C,USD,550.18,720851410439.0,268372716779.0,26197793.0,2026-09-08 03:00:43
7160,2026-09-05,Boeing Co.,BA,Industrials,Provider_D,USD,550.66,721483464017.0,268608030095.0,26220764.0,2026-09-08 20:33:09
7065,2026-09-05,Broadcom Inc.,AVGO,Technology,Provider_A,USD,676.65,1321357658002.0,298792900194.0,174699900.0,2026-09-08 14:50:44
7066,2026-09-05,Broadcom Inc.,AVGO,Technology,Provider_B,USD,680.35,1315493863036.0,297466945565.0,173924634.0,2026-09-08 14:35:35
7067,2026-09-05,Broadcom Inc.,AVGO,Technology,Provider_C,USD,675.6,1319297201556.0,298326978077.0,174427483.0,2026-09-08 04:09:32
7068,2026-09-05,Broadcom Inc.,AVGO,Technology,Provider_D,USD,676.08,1794771750466.937,298539812289.0,174551924.0,2026-09-08 05:10:46
7161,2026-09-05,Caterpillar Inc.,CAT,Industrials,Provider_A,USD,346.72,3373652895884.0,328231288257.0,290217720.0,2026-09-08 20:59:22
7162,2026-09-05,Caterpillar Inc.,CAT,Industrials,Provider_B,USD,347.16,3377886520383.0,328643188374.0,290581916.0,2026-09-08 02:14:59
7163,2026-09-05,Caterpillar Inc.,CAT,Industrials,Provider_C,USD,345.89,3365566744357.0,327444565967.0,289522110.0,2026-09-08 01:52:49
7164,2026-09-05,Caterpillar Inc.,CAT,Industrials,Provider_D,USD,346.07,3367286934201.0,327611927621.0,289670089.0,2026-09-08 16:11:35
7053,2026-09-05,Chevron Corp.,CVX,Energy,Provider_A,USD,227.96,3982104901479.0,395639247452.0,829467403.0,2026-09-08 23:15:16
7054,2026-09-05,Chevron Corp.,CVX,Energy,Provider_B,USD,227.68,3977215747472.0,395153488975.0,828448999.0,2026-09-08 23:37:31
7055,2026-09-05,Chevron Corp.,CVX,Energy,Provider_C,USD,228.25,3987171213598.0,396142607350.0,830522710.0,2026-09-08 00:43:32
7056,2026-09-05,Chevron Corp.,CVX,Energy,Provider_D,USD,227.75,3978525923661.0,395283660614.0,828721907.0,2026-09-08 18:33:25
7093,2026-09-05,Cisco Systems,CSCO,Technology,Provider_A,USD,74.52,882846277623.0,119772327468.0,124715912.0,2026-09-08 23:30:55
7094,2026-09-05,Cisco Systems,CSCO,Technology,Provider_B,USD,74.62,884062932232.0,119937386276.0,124887783.0,2026-09-08 21:53:51
7095,2026-09-05,Cisco Systems,CSCO,Technology,Provider_C,USD,74.56,883357243396.0,119841648211.0,124788094.0,2026-09-08 13:28:10
7096,2026-09-05,Cisco Systems,CSCO,Technology,Provider_D,USD,74.79,886012781032.0,120201914694.0,125163230.0,2026-09-08 11:29:53
7041,2026-09-05,Coca-Cola,KO,Consumer,Provider_A,USD,464.98,2819814763557.0,215812269748.0,,2026-09-08 12:58:22
7042,2026-09-05,Coca-Cola,KO,Consumer,Provider_B,USD,464.37,2816084817404.0,215526801299.0,594641811.0,2026-09-08 03:03:01
7043,2026-09-05,Coca-Cola,KO,Consumer,Provider_C,USD,463.19,2808930435129.0,214979246369.0,593131098.0,2026-09-08 15:45:44
7044,2026-09-05,Coca-Cola,KO,Consumer,Provider_D,USD,464.76,2818449196185.0,215707757140.0,595141071.0,2026-09-08 10:32:25
7189,2026-09-05,Comcast,CMCSA,Communication,Provider_A,USD,625.96,,173802449826.0,56147777.0,2026-09-08 07:42:22
7190,2026-09-05,Comcast,CMCSA,Communication,Provider_B,USD,626.59,367790125129.0,173976443787.0,56203987.0,2026-09-08 12:10:36
7191,2026-09-05,Comcast,CMCSA,Communication,Provider_C,USD,625.58,367194466704.0,173694678380.0,56112961.0,2026-09-08 02:18:01
7192,2026-09-05,Comcast,CMCSA,Communication,Provider_D,USD,626.63,367815324927.0,173988364094.0,56207838.0,2026-09-08 04:21:34
7149,2026-09-05,ConocoPhillips,COP,Energy,Provider_A,USD,302.61,206514474124.0,446474325667.0,44145748.0,2026-09-08 10:39:13
7150,2026-09-05,ConocoPhillips,COP,Energy,Provider_B,USD,303.51,207130359381.0,447805839868.0,44277404.0,2026-09-08 04:37:16
7151,2026-09-05,ConocoPhillips,COP,Energy,Provider_C,USD,304.49,207796719498.0,449246478279.0,44419849.0,2026-09-08 14:13:54
7152,2026-09-05,ConocoPhillips,COP,Energy,Provider_D,USD,,207069447858.0,447674152094.0,44264383.0,2026-09-08 03:45:12
7145,2026-09-05,Duke Energy,DUK,Utilities,Provider_A,USD,623.7,298837665376.0,390766471142.0,61614983.0,2026-09-08 10:57:44
7146,2026-09-05,Duke Energy,DUK,Utilities,Provider_B,USD,622.36,298197470784.0,389929339112.0,61482986.0,2026-09-08 21:06:27
7147,2026-09-05,Duke Energy,DUK,Utilities,Provider_C,USD,623.94,298954380057.0,390919089735.0,61639048.0,2026-09-08 02:21:10
7148,2026-09-05,Duke Energy,DUK,Utilities,Provider_D,USD,1120.59,298289028162.0,390049061482.0,61501864.0,2026-09-08 22:55:21
7049,2026-09-05,Exxon Mobil,XOM,Energy,Provider_A,USD,43.93,1401828890103.0,96138971464.0,299660415.0,2026-09-08 05:35:46
7050,2026-09-05,Exxon Mobil,XOM,Energy,Provider_B,USD,43.96,1402812471896.0,96206426589.0,299870669.0,2026-09-08 02:00:10
7051,2026-09-05,Exxon Mobil,XOM,Energy,Provider_C,USD,43.88,1400337721545.0,96036705480.0,299341657.0,2026-09-08 07:38:56
7052,2026-09-05,Exxon Mobil,XOM,Energy,Provider_D,USD,,1400877724298.0,96073739464.0,299457090.0,2026-09-08 11:10:06
7121,2026-09-05,Goldman Sachs,GS,Financials,Provider_A,USD,686.96,3766677306137.0,100266730645.0,190202889.0,2026-09-08 12:17:07
7122,2026-09-05,Goldman Sachs,GS,Financials,Provider_B,USD,686.55,3764403628234.0,100206206679.0,190088077.0,2026-09-08 13:02:28
7123,2026-09-05,Goldman Sachs,GS,Financials,Provider_C,USD,684.91,3755423745746.0,99967167498.0,189634627.0,2026-09-08 06:10:43
7124,2026-09-05,Goldman Sachs,GS,Financials,Provider_D,USD,688.62,3775755137827.0,100508377176.0,190661285.0,2026-09-08 05:51:23
7173,2026-09-05,Home Depot,HD,Consumer,Provider_A,USD,311.36,1338014941959.0,179584141786.0,51567041.0,2026-09-08 21:15:30
7174,2026-09-05,Home Depot,HD,Consumer,Provider_B,USD,310.95,1336257819402.0,179348306343.0,51499321.0,2026-09-08 04:28:07
7175,2026-09-05,Home Depot,HD,Consumer,Provider_C,USD,311.94,1340526668950.0,179921257854.0,51663843.0,2026-09-08 07:36:42
7176,2026-09-05,Home Depot,HD,Consumer,Provider_D,USD,311.87,1340204627998.0,179878034534.0,51651431.0,2026-09-08 05:35:20
7085,2026-09-05,Intel Corp.,INTC,Technology,Provider_A,USD,170.42,2201943997075.0,207861448270.0,241096931.0,2026-09-08 09:47:50
7086,2026-09-05,Intel Corp.,INTC,Technology,Provider_B,USD,170.16,2198669300407.0,207552319976.0,240738375.0,2026-09-08 01:44:44
7087,2026-09-05,Intel Corp.,INTC,Technology,Provider_C,USD,170.56,2203828700705.0,208039362526.0,241303292.0,2026-09-08 16:37:30
7088,2026-09-05,Intel Corp.,INTC,Technology,Provider_D,USD,170.75,2206204777081.0,208263661907.0,241563455.0,2026-09-08 10:26:35
7029,2026-09-05,JPMorgan Chase,JPM,Financials,Provider_A,USD,725.78,2169312078179.0,165595171769.0,334232763.0,2026-09-08 18:26:40
7030,2026-09-05,JPMorgan Chase,JPM,Financials,Provider_B,USD,724.54,2165591116868.0,165311130928.0,333659463.0,2026-09-08 01:57:30
7031,2026-09-05,JPMorgan Chase,JPM,Financials,Provider_C,USD,725.42,2168213137993.0,165511283798.0,334063446.0,2026-09-08 20:01:26
7032,2026-09-05,JPMorgan Chase,JPM,Financials,Provider_D,USD,724.55,2165633727923.0,165314383657.0,333666028.0,2026-09-08 06:18:23
7045,2026-09-05,Johnson & Johnson,JNJ,Healthcare,Provider_A,USD,577.2,1401298802804.0,293262094316.0,346935852.0,2026-09-08 02:51:51
7046,2026-09-05,Johnson & Johnson,JNJ,Healthcare,Provider_B,USD,576.69,1400040928276.0,292998847878.0,346624425.0,2026-09-08 23:46:41
7047,2026-09-05,Johnson & Johnson,JNJ,Healthcare,Provider_C,USD,576.38,1399309312697.0,292845736267.0,346443291.0,2026-09-08 14:59:26
7048,2026-09-05,Johnson & Johnson,JNJ,Healthcare,Provider_D,USD,577.09,1401013570033.0,293202401152.0,346865233.0,2026-09-08 00:04:55
7153,2026-09-05,Lockheed Martin,LMT,Industrials,Provider_A,USD,459.16,3911993963397.0,140963768453.0,317414316.0,2026-09-08 09:00:07
7154,2026-09-05,Lockheed Martin,LMT,Industrials,Provider_B,USD,459.45,,141053103250.0,317615475.0,2026-09-08 09:39:45
7155,2026-09-05,Lockheed Martin,LMT,Industrials,Provider_C,USD,458.29,3904603740585.0,140697471095.0,316814682.0,2026-09-08 02:33:16
7156,2026-09-05,Lockheed Martin,LMT,Industrials,Provider_D,USD,459.63,3915952047832.0,141106393034.0,317735470.0,2026-09-08 00:27:10
7177,2026-09-05,Lowe's,LOW,Consumer,Provider_A,USD,393.39,1027519500690.0,329760492386.0,116237902.0,2026-09-08 02:27:02
7178,2026-09-05,Lowe's,LOW,Consumer,Provider_B,USD,392.43,1025033861576.0,328962779469.0,115956714.0,2026-09-08 02:29:38
7179,2026-09-05,Lowe's,LOW,Consumer,Provider_C,USD,392.27,1024606613306.0,328825663239.0,115908382.0,2026-09-08 12:35:16
7180,2026-09-05,Lowe's,LOW,Consumer,Provider_D,USD,393.38,1027511395018.0,329757891044.0,116236985.0,2026-09-08 08:49:52
7061,2026-09-05,Mastercard Inc.,MA,Financials,Provider_A,USD,670.56,2005017087326.0,421057059166.0,125527086.0,2026-09-08 17:56:45
7062,2026-09-05,Mastercard Inc.,MA,Financials,Provider_B,USD,669.47,2001744194661.0,420369746041.0,125322182.0,2026-09-08 03:04:56
7063,2026-09-05,Mastercard Inc.,MA,Financials,Provider_C,USD,669.76,2002620827196.0,420553840391.0,125377065.0,2026-09-08 10:02:58
7064,2026-09-05,Mastercard Inc.,MA,Financials,Provider_D,USD,670.42,,420968033272.0,125500546.0,2026-09-08 14:37:45
7101,2026-09-05,McDonald's,MCD,Consumer,Provider_A,USD,619.52,1227486077543.0,442959056407.0,167470945.0,2026-09-08 15:37:51
7102,2026-09-05,McDonald's,MCD,Consumer,Provider_B,USD,619.78,1228011229643.0,443148566400.0,167542594.0,2026-09-08 08:32:00
7103,2026-09-05,McDonald's,MCD,Consumer,Provider_C,USD,617.88,1224244213282.0,441789175004.0,167028644.0,2026-09-08 07:05:11
7104,2026-09-05,McDonald's,MCD,Consumer,Provider_D,USD,619.15,1226755710980.0,442695491313.0,167371298.0,2026-09-08 06:14:31
7113,2026-09-05,Merck & Co.,MRK,Healthcare,Provider_A,USD,170.87,1989403819750.0,58262541557.0,324284363.0,2026-09-08 02:48:15
7114,2026-09-05,Merck & Co.,MRK,Healthcare,Provider_B,USD,171.05,1991452639017.0,58322544165.0,324618333.0,2026-09-08 09:11:35
7115,2026-09-05,Merck & Co.,MRK,Healthcare,Provider_C,USD,171.54,1997172815227.0,58490067722.0,325550755.0,2026-09-08 08:33:06
7116,2026-09-05,Merck & Co.,MRK,Healthcare,Provider_D,USD,171.31,1994504231868.0,58411914434.0,325115760.0,2026-09-08 07:04:45
7021,2026-09-05,Meta Platforms,META,Communication,Provider_A,USD,337.41,1728955263576.0,293302437477.0,252750523.0,2026-09-08 18:00:57
7022,2026-09-05,Meta Platforms,META,Communication,Provider_B,USD,337.24,1728055753215.0,293149843256.0,252619026.0,2026-09-08 19:26:57
7023,2026-09-05,Meta Platforms,META,Communication,Provider_C,USD,337.33,1728522074038.0,293228950586.0,252687196.0,2026-09-08 04:16:02
7024,2026-09-05,Meta Platforms,META,Communication,Provider_D,USD,336.81,1725851226861.0,292775864260.0,252296754.0,2026-09-08 02:15:10
7005,2026-09-05,Microsoft Corp.,MSFT,Technology,Provider_A,USD,219.41,3052288643872.0,65128485958.0,327883425.0,2026-09-08 08:34:15
7006,2026-09-05,Microsoft Corp.,MSFT,Technology,Provider_B,USD,219.29,3050572248311.0,65091862212.0,327699046.0,2026-09-08 09:55:06
7007,2026-09-05,Microsoft Corp.,MSFT,Technology,Provider_C,USD,219.86,3058438127745.0,65259701129.0,328544016.0,2026-09-08 22:26:28
7008,2026-09-05,Microsoft Corp.,MSFT,Technology,Provider_D,USD,217.41,3044553378331.0,64963434028.0,327052486.0,2026-09-08 22:13:04
7125,2026-09-05,Morgan Stanley,MS,Financials,Provider_A,USD,68.86,1928512560344.0,230300526769.0,136408583.0,2026-09-08 08:31:08
7126,2026-09-05,Morgan Stanley,MS,Financials,Provider_B,USD,69.09,1934844181951.0,231056641000.0,136856434.0,2026-09-08 12:24:15
7127,2026-09-05,Morgan Stanley,MS,Financials,Provider_C,USD,68.81,1927114047209.0,230133518102.0,136309662.0,2026-09-08 04:07:06
7128,2026-09-05,Morgan Stanley,MS,Financials,Provider_D,USD,68.88,1928913050610.0,230348352809.0,136436910.0,2026-09-08 04:43:37
7009,2026-09-05,NVIDIA Corp.,NVDA,Technology,Provider_A,USD,228.52,211393975827.0,256807430966.0,51670329.0,2026-09-08 00:52:48
7010,2026-09-05,NVIDIA Corp.,NVDA,Technology,Provider_B,USD,228.3,211193328105.0,256563678392.0,51621285.0,2026-09-08 19:37:05
7011,2026-09-05,NVIDIA Corp.,NVDA,Technology,Provider_C,USD,228.43,211309919179.0,,51649783.0,2026-09-08 14:23:22
7012,2026-09-05,NVIDIA Corp.,NVDA,Technology,Provider_D,USD,228.43,211315958040.0,256712652734.0,51651260.0,2026-09-08 05:00:36
7073,2026-09-05,Netflix Inc.,NFLX,Communication,Provider_A,USD,239.65,1710514831270.0,140194672242.0,288225967.0,2026-09-08 16:23:43
7074,2026-09-05,Netflix Inc.,NFLX,Communication,Provider_B,USD,239.9,1712277415656.0,140339134562.0,288522966.0,2026-09-08 08:24:41
7075,2026-09-05,Netflix Inc.,NFLX,Communication,Provider_C,USD,,1709055762000.0,140075086177.0,287980110.0,2026-09-08 00:59:25
7076,2026-09-05,Netflix Inc.,NFLX,Communication,Provider_D,USD,240.03,1713216962425.0,140416140297.0,288681282.0,2026-09-08 19:51:20
7141,2026-09-05,NextEra Energy,NEE,Utilities,Provider_A,USD,47.5,2641518804746.0,415473589735.0,83477857.0,2026-09-08 13:07:17
7142,2026-09-05,NextEra Energy,NEE,Utilities,Provider_B,USD,47.57,2645220654509.0,416055838405.0,83594843.0,2026-09-08 09:57:00
7143,2026-09-05,NextEra Energy,NEE,Utilities,Provider_C,USD,47.6,2646744831099.0,416295569849.0,83643011.0,2026-09-08 03:52:53
7144,2026-09-05,NextEra Energy,NEE,Utilities,Provider_D,USD,47.41,2636310926563.0,414654464072.0,83313276.0,2026-09-08 21:36:38
7105,2026-09-05,Nike Inc.,NKE,Consumer,Provider_A,USD,367.8,1104782752112.0,359337621615.0,100963813.0,2026-09-08 05:47:31
7106,2026-09-05,Nike Inc.,NKE,Consumer,Provider_B,USD,367.96,1105259203150.0,359492590347.0,101007355.0,2026-09-08 00:00:11
7660,2026-09-05,Nike Inc.,NKE,Consumer,Provider_B,USD,367.96,1105259203150.0,359492590347.0,101007355.0,2026-09-08 00:00:11
7107,2026-09-05,Nike Inc.,NKE,Consumer,Provider_C,USD,368.36,1106488352844.0,359892379108.0,,2026-09-08 10:24:26
7108,2026-09-05,Nike Inc.,NKE,Consumer,Provider_D,USD,367.77,1297177154743.4285,359307744186.0,100955418.0,2026-09-08 19:07:44
7069,2026-09-05,Oracle Corp.,ORCL,Technology,Provider_A,USD,543.28,1532707764873.0,368138723624.0,139452123.0,2026-09-08 10:22:57
7070,2026-09-05,Oracle Corp.,ORCL,Technology,Provider_B,USD,543.44,1533166526317.0,368248912831.0,139493863.0,2026-09-08 03:55:34
7071,2026-09-05,Oracle Corp.,ORCL,Technology,Provider_C,USD,543.28,1532721458378.0,368142012646.0,139453369.0,2026-09-08 18:31:36
7072,2026-09-05,Oracle Corp.,ORCL,Technology,Provider_D,USD,542.64,1530919952601.0,367709311741.0,139289460.0,2026-09-08 10:16:40
7097,2026-09-05,PepsiCo,PEP,Consumer,Provider_A,USD,232.81,3341686634097.0,409570412644.0,495890932.0,2026-09-08 23:32:09
7098,2026-09-05,PepsiCo,PEP,Consumer,Provider_B,USD,233.01,3344494471398.0,409914552358.0,496307603.0,2026-09-08 15:28:02
7099,2026-09-05,PepsiCo,PEP,Consumer,Provider_C,USD,232.03,3330506223852.0,408200097070.0,494231811.0,2026-09-08 15:33:47
7100,2026-09-05,PepsiCo,PEP,Consumer,Provider_D,USD,232.78,3341278109830.0,409520342284.0,495830309.0,2026-09-08 01:23:45
7109,2026-09-05,Pfizer Inc.,PFE,Healthcare,Provider_A,USD,223.45,3735685357257.0,199897995232.0,776321332.0,2026-09-08 18:05:11
7110,2026-09-05,Pfizer Inc.,PFE,Healthcare,Provider_B,USD,78.24249999999999,3737393094573.0,199989376928.0,776676221.0,2026-09-08 20:36:38
7111,2026-09-05,Pfizer Inc.,PFE,Healthcare,Provider_C,USD,223.68,3739549533386.0,200104768819.0,777124356.0,2026-09-08 07:12:21
7112,2026-09-05,Pfizer Inc.,PFE,Healthcare,Provider_D,USD,222.96,3727489793630.0,199459447393.0,774618194.0,2026-09-08 11:50:54
7057,2026-09-05,Procter & Gamble,PG,Consumer,Provider_A,USD,712.68,3132523193671.0,65527355561.0,486480987.0,2026-09-08 13:02:54
7058,2026-09-05,Procter & Gamble,PG,Consumer,Provider_B,USD,-712.53,3131869462048.0,65513680545.0,486379463.0,2026-09-08 03:46:52
7059,2026-09-05,Procter & Gamble,PG,Consumer,Provider_C,USD,713.53,3136253714363.0,65605392064.0,487060337.0,2026-09-08 09:44:05
7060,2026-09-05,Procter & Gamble,PG,Consumer,Provider_D,USD,712.45,3131513526418.0,65506234944.0,486324186.0,2026-09-08 04:44:06
7193,2026-09-05,Qualcomm,QCOM,Technology,Provider_A,USD,488.59,2443983634182.0,60290180492.0,381672909.0,2026-09-08 01:23:05
7194,2026-09-05,Qualcomm,QCOM,Technology,Provider_B,USD,487.72,2439597004349.0,60181967531.0,380987856.0,2026-09-08 02:40:16
7195,2026-09-05,Qualcomm,QCOM,Technology,Provider_C,USD,488.8,2445013909124.0,60315596154.0,381833805.0,2026-09-08 05:26:49
7196,2026-09-05,Qualcomm,QCOM,Technology,Provider_D,USD,488.23,2442182582297.0,60245750676.0,381391642.0,2026-09-08 02:08:33
7081,2026-09-05,Salesforce Inc.,CRM,Technology,Provider_A,USD,588.15,4029934238315.8096,55632354038.0,173495846.0,2026-09-08 01:22:51
7082,2026-09-05,Salesforce Inc.,CRM,Technology,Provider_B,USD,588.17,3823209956422.969,55634083144.0,173501239.0,2026-09-08 01:57:04
7083,2026-09-05,Salesforce Inc.,CRM,Technology,Provider_C,USD,586.88,3260256868314.0,55512127533.0,173120906.0,2026-09-08 08:04:16
7084,2026-09-05,Salesforce Inc.,CRM,Technology,Provider_D,USD,587.74,3265044226070.0,55593641483.0,173375117.0,2026-09-08 17:52:42
7025,2026-09-05,Tesla Inc.,TSLA,Automotive,Provider_A,USD,423.78,3224109048812.0,185633724010.0,482775952.0,2026-09-08 05:20:00
7026,2026-09-05,Tesla Inc.,TSLA,Automotive,Provider_B,USD,422.45,3214012650429.0,185052406194.0,481264124.0,2026-09-08 10:52:32
7027,2026-09-05,Tesla Inc.,TSLA,Automotive,Provider_C,USD,423.61,3222845738171.0,185560986688.0,482586785.0,2026-09-08 19:22:12
7028,2026-09-05,Tesla Inc.,TSLA,Automotive,Provider_D,USD,423.36,3220971153761.0,185453054208.0,482306086.0,2026-09-08 02:43:02
7197,2026-09-05,Texas Instruments,TXN,Technology,Provider_A,USD,141.12,3666907032287.0,311648855682.0,880715102.0,2026-09-08 02:22:37
7198,2026-09-05,Texas Instruments,TXN,Technology,Provider_B,USD,141.19,3668776927214.0,311807777250.0,881164212.0,2026-09-08 13:04:56
7199,2026-09-05,Texas Instruments,TXN,Technology,Provider_C,USD,141.28,3671130410016.0,312007798744.0,881729469.0,2026-09-08 21:06:22
7200,2026-09-05,Texas Instruments,TXN,Technology,Provider_D,USD,141.29,3671503346148.0,312039494425.0,881819041.0,2026-09-08 16:28:04
7639,2026-09-05,Texas Instruments,TXN,Technology,Provider_D,USD,141.29,3671503346148.0,312039494425.0,881819041.0,2026-09-08 16:28:04
7169,2026-09-05,UPS,UPS,Industrials,Provider_A,USD,125.0,2106804510836.0,96189482685.0,405489497.0,2026-09-08 20:02:55
7170,2026-09-05,UPS,UPS,Industrials,Provider_B,USD,124.97,2106278558658.0,96165469509.0,405388269.0,2026-09-08 09:59:08
7171,2026-09-05,UPS,UPS,Industrials,Provider_C,USD,125.02,2107040767894.0,96200269374.0,405534969.0,2026-09-08 22:17:26
7172,2026-09-05,UPS,UPS,Industrials,Provider_D,USD,124.98,2106365075009.0,96169419549.0,405404920.0,2026-09-08 23:33:01
7165,2026-09-05,Union Pacific,UNP,Industrials,Provider_A,USD,135.1,3549363781626.0,378624527889.0,126064317.0,2026-09-08 11:20:28
7166,2026-09-05,Union Pacific,UNP,Industrials,Provider_B,USD,135.18,3551575800143.0,378860492563.0,126142882.0,2026-09-08 04:09:02
7167,2026-09-05,Union Pacific,UNP,Industrials,Provider_C,USD,135.03,3547702527642.0,378447315424.0,126005313.0,2026-09-08 23:54:02
7168,2026-09-05,Union Pacific,UNP,Industrials,Provider_D,USD,135.23,4308784796789.787,378985333324.0,126184448.0,2026-09-08 03:26:33
7185,2026-09-05,Verizon,VZ,Communication,Provider_A,USD,674.82,3890878989387.0,30389345108.0,891715089.0,2026-09-08 08:45:21
7186,2026-09-05,Verizon,VZ,Communication,Provider_B,USD,671.91,3874082316744.0,30258156273.0,887865612.0,2026-09-08 04:31:08
7187,2026-09-05,Verizon,VZ,Communication,Provider_C,USD,671.19,3869950152631.0,30225882393.0,886918599.0,2026-09-08 00:39:51
7188,2026-09-05,Verizon,VZ,Communication,Provider_D,USD,673.22,3881672647257.0,30317439837.0,889605171.0,2026-09-08 03:19:49
7033,2026-09-05,Visa Inc.,V,Financials,Provider_A,USD,128.35,1084596136066.0,75960611162.0,162338639.0,2026-09-08 20:34:47
7034,2026-09-05,Visa Inc.,V,Financials,Provider_B,USD,128.68,1087339327620.0,76152732911.0,162749231.0,2026-09-08 17:17:43
7035,2026-09-05,Visa Inc.,V,Financials,Provider_C,USD,128.67,1087312418570.0,76150848313.0,162745203.0,2026-09-08 17:58:30
7036,2026-09-05,Visa Inc.,V,Financials,Provider_D,USD,128.94,1089587275776.0,76310169869.0,163085696.0,2026-09-08 18:50:49
7037,2026-09-05,Walmart Inc.,WMT,Consumer,Provider_A,USD,670.6,1300081618192.0,45435158538.0,143739300.0,2026-09-08 05:25:33
7038,2026-09-05,Walmart Inc.,WMT,Consumer,Provider_B,USD,671.47,1301761027902.0,45493850428.0,143924979.0,2026-09-08 01:02:03
7039,2026-09-05,Walmart Inc.,WMT,Consumer,Provider_C,USD,672.4,1303561425018.0,45556770576.0,144124034.0,2026-09-08 07:35:24
7040,2026-09-05,Walmart Inc.,WMT,Consumer,Provider_D,USD,672.82,1304382588245.0,45585468529.0,144214823.0,2026-09-08 21:44:27
7133,2026-09-05,Wells Fargo,WFC,Financials,Provider_A,USD,575.22,629210436500.0,11666646488.0,103622560.0,2026-09-08 10:12:14
7134,2026-09-05,Wells Fargo,WFC,Financials,Provider_B,USD,575.73,629769023600.0,11677003656.0,103714552.0,2026-09-08 16:13:18
7135,2026-09-05,Wells Fargo,WFC,Financials,Provider_C,USD,576.0,630062280832.0,11682441151.0,103762848.0,2026-09-08 04:58:18
7136,2026-09-05,Wells Fargo,WFC,Financials,Provider_D,EUR,575.72,629760049287.0,11676837257.0,103713074.0,2026-09-08 05:12:25
7289,2026-09-06,AMD,AMD,Technology,Provider_A,USD,110.23,1471710677121.0,404897437135.0,291760257.0,2026-09-08 05:59:06
7290,2026-09-06,AMD,AMD,Technology,Provider_B,USD,109.82,1466332147211.0,403417694541.0,290693986.0,2026-09-08 02:04:11
7291,2026-09-06,AMD,AMD,Technology,Provider_C,USD,109.76,1465473048913.0,403181339186.0,290523674.0,2026-09-08 04:05:04
7292,2026-09-06,AMD,AMD,Technology,Provider_D,USD,109.8,1465945588787.0,403311344483.0,290617353.0,2026-09-08 13:48:46
7381,2026-09-06,AT&T,T,Communication,Provider_A,USD,290.15,916816445948.0,382311782414.0,167993807.0,2026-09-08 19:40:59
7382,2026-09-06,AT&T,T,Communication,Provider_B,USD,291.35,920616434670.0,383896374912.0,168690102.0,2026-09-08 05:38:25
7383,2026-09-06,AT&T,T,Communication,Provider_C,USD,291.42,920840423447.0,383989778067.0,168731145.0,2026-09-08 11:10:07
7384,2026-09-06,AT&T,T,Communication,Provider_D,USD,291.05,919655127755.0,383495510637.0,168513956.0,2026-09-08 20:57:56
7317,2026-09-06,AbbVie Inc.,ABBV,Healthcare,Provider_A,USD,579.06,3904676301697.0,380194756412.0,357142758.0,2026-09-08 19:50:10
7318,2026-09-06,AbbVie Inc.,ABBV,Healthcare,Provider_B,USD,578.71,3902309857376.0,379964337896.0,356926310.0,2026-09-08 13:06:08
7319,2026-09-06,AbbVie Inc.,ABBV,Healthcare,Provider_C,USD,579.29,3906283606342.0,380351258194.0,357289771.0,2026-09-08 15:46:45
7320,2026-09-06,AbbVie Inc.,ABBV,Healthcare,Provider_D,USD,579.83,3909893626065.0,380702762509.0,357619963.0,2026-09-08 02:51:15
7277,2026-09-06,Adobe Inc.,ADBE,Technology,Provider_A,USD,37.12,2375669836263.0,436939910930.0,350030521.0,2026-09-08 15:16:55
7278,2026-09-06,Adobe Inc.,ADBE,Technology,Provider_B,USD,37.2,2375217430316.0,436856703150.0,349963863.0,2026-09-08 22:53:37
7279,2026-09-06,Adobe Inc.,ADBE,Technology,Provider_C,USD,37.12,2375323387029.0,436876191008.0,349979475.0,2026-09-08 22:19:52
7280,2026-09-06,Adobe Inc.,ADBE,Technology,Provider_D,USD,37.1,2373925727709.0,436619129555.0,349773544.0,2026-09-08 21:47:49
7217,2026-09-06,Alphabet Inc.,GOOGL,Communication,Provider_A,USD,466.75,2367158431567.0,323317549089.0,409541789.0,2026-09-08 15:55:55
7218,2026-09-06,Alphabet Inc.,GOOGL,Communication,Provider_B,USD,465.26,2359601121394.0,322285336386.0,408234299.0,2026-09-08 03:38:29
7219,2026-09-06,Alphabet Inc.,GOOGL,Communication,Provider_C,USD,465.05,2358529062181.0,322138909534.0,408048823.0,2026-09-08 08:10:25
7220,2026-09-06,Alphabet Inc.,GOOGL,Communication,Provider_D,USD,463.97,2353067097699.0,321392888927.0,407103849.0,2026-09-08 11:07:03
7213,2026-09-06,Amazon.com Inc.,AMZN,Consumer,Provider_A,USD,70.67,1658196357147.0,127297367848.0,259782906.0,2026-09-08 13:43:01
7214,2026-09-06,Amazon.com Inc.,AMZN,Consumer,Provider_B,USD,70.65,2163417544888.2354,127247264088.0,259680656.0,2026-09-08 08:56:02
7215,2026-09-06,Amazon.com Inc.,AMZN,Consumer,Provider_C,USD,70.73,1659579486432.0,127403548709.0,259999595.0,2026-09-08 05:19:38
7216,2026-09-06,Amazon.com Inc.,AMZN,Consumer,Provider_D,USD,70.64,1657351378981.0,127232500080.0,259650526.0,2026-09-08 02:51:46
7201,2026-09-06,Apple Inc.,AAPL,Technology,Provider_A,USD,710.28,1863837855299.0,50145082969.0,461649765.0,2026-09-08 20:23:19
7202,2026-09-06,Apple Inc.,AAPL,Technology,Provider_B,USD,710.08,1863293212292.0,50130429780.0,461514864.0,2026-09-08 20:17:21
7203,2026-09-06,Apple Inc.,AAPL,Technology,Provider_C,USD,708.31,1858652361545.0,50005571362.0,460365382.0,2026-09-08 01:27:00
7204,2026-09-06,Apple Inc.,AAPL,Technology,Provider_D,USD,709.21,1861023172600.0,50069356158.0,460952603.0,2026-09-08 17:36:32
7329,2026-09-06,Bank of America,BAC,Financials,Provider_A,USD,61.62,402610778871.12964,173559314834.0,53082615.0,2026-09-08 12:41:46
7330,2026-09-06,Bank of America,BAC,Financials,Provider_B,USD,61.71,358496206678.0,173805467504.0,53157900.0,2026-09-08 21:21:25
7331,2026-09-06,Bank of America,BAC,Financials,Provider_C,USD,61.76,358820483593.0,173962682838.0,53205984.0,2026-09-08 18:04:05
7332,2026-09-06,Bank of America,BAC,Financials,Provider_D,USD,61.64,358085872694.0,173606530141.0,53097055.0,2026-09-08 14:29:39
7337,2026-09-06,Berkshire Hathaway,BRK.B,Financials,Provider_A,USD,464.02,1789335016079.0,41386620741.0,239300790.0,2026-09-08 10:12:41
7338,2026-09-06,Berkshire Hathaway,BRK.B,Financials,Provider_B,USD,463.76,1788333454859.0,41363455021.0,239166844.0,2026-09-08 04:05:48
7339,2026-09-06,Berkshire Hathaway,BRK.B,Financials,Provider_C,USD,462.94,1785139657377.0,41289583731.0,238739714.0,2026-09-08 10:06:52
7340,2026-09-06,Berkshire Hathaway,BRK.B,Financials,Provider_D,USD,462.0,1781523482654.0,41205943021.0,238256096.0,2026-09-08 22:28:34
7357,2026-09-06,Boeing Co.,BA,Industrials,Provider_A,USD,554.6,722565479585.0,268698803389.0,168463032.0,2026-09-08 12:47:57
7358,2026-09-06,Boeing Co.,BA,Industrials,Provider_B,USD,555.28,723459804026.0,269031373812.0,168671540.0,2026-09-08 06:04:16
7359,2026-09-06,Boeing Co.,BA,Industrials,Provider_C,USD,553.66,721348306137.0,268246175830.0,168179253.0,2026-09-08 03:07:16
7360,2026-09-06,Boeing Co.,BA,Industrials,Provider_D,USD,554.48,722412918621.0,268642070885.0,168427463.0,2026-09-08 10:00:21
7265,2026-09-06,Broadcom Inc.,AVGO,Technology,Provider_A,USD,655.68,1316745494653.0,298015568581.0,309652410.0,2026-09-08 14:26:29
7266,2026-09-06,Broadcom Inc.,AVGO,Technology,Provider_B,USD,657.56,1320515509134.0,298868826112.0,310538985.0,2026-09-08 16:15:23
7267,2026-09-06,Broadcom Inc.,AVGO,Technology,Provider_C,USD,655.47,1316327347529.0,297920930435.0,309554076.0,2026-09-08 19:18:12
7268,2026-09-06,Broadcom Inc.,AVGO,Technology,Provider_D,USD,657.15,1319696488218.0,298683459247.0,310346380.0,2026-09-08 02:15:01
7361,2026-09-06,Caterpillar Inc.,CAT,Industrials,Provider_A,USD,343.66,3385993630297.0,328425426957.0,455399915.0,2026-09-08 10:31:01
7362,2026-09-06,Caterpillar Inc.,CAT,Industrials,Provider_B,USD,343.15,3381018573461.0,327942869887.0,454730794.0,2026-09-08 23:40:17
7363,2026-09-06,Caterpillar Inc.,CAT,Industrials,Provider_C,USD,342.7,3376540296618.0,327508498136.0,454128487.0,2026-09-08 19:53:21
7364,2026-09-06,Caterpillar Inc.,CAT,Industrials,Provider_D,USD,343.14,3380900454481.0,327931412903.0,454714907.0,2026-09-08 11:51:00
7253,2026-09-06,Chevron Corp.,CVX,Energy,Provider_A,USD,225.27,3973459914725.0,394970322425.0,752605325.0,2026-09-08 10:56:32
7254,2026-09-06,Chevron Corp.,CVX,Energy,Provider_B,USD,225.38,3975375312391.0,395160717005.0,752968117.0,2026-09-08 23:42:42
7255,2026-09-06,Chevron Corp.,CVX,Energy,Provider_C,USD,225.73,3981462889054.0,395765835005.0,754121153.0,2026-09-08 21:52:47
7256,2026-09-06,Chevron Corp.,CVX,Energy,Provider_D,USD,225.37,3975195705938.0,395142863744.0,752934098.0,2026-09-08 02:32:30
7293,2026-09-06,Cisco Systems,CSCO,Technology,Provider_A,USD,75.29,882997567827.0,120008174670.0,202889578.0,2026-09-08 04:47:05
7294,2026-09-06,Cisco Systems,CSCO,Technology,Provider_B,USD,75.33,883523939719.0,120079713859.0,203010524.0,2026-09-08 07:34:55
7295,2026-09-06,Cisco Systems,CSCO,Technology,Provider_C,USD,74.56,881070864278.0,119746316445.0,202446872.0,2026-09-08 00:12:46
7296,2026-09-06,Cisco Systems,CSCO,Technology,Provider_D,USD,75.12,881025178399.0,119740107278.0,202436375.0,2026-09-08 10:13:16
7241,2026-09-06,Coca-Cola,KO,Consumer,Provider_A,USD,468.13,2816316043041.0,215204082641.0,389805531.0,2026-09-08 17:50:11
7242,2026-09-06,Coca-Cola,KO,Consumer,Provider_B,USD,467.91,2814970516573.0,215101266485.0,389619297.0,2026-09-08 05:17:26
7243,2026-09-06,Coca-Cola,KO,Consumer,Provider_C,USD,467.69,2813664178847.0,215001444872.0,389438487.0,2026-09-08 04:28:51
7244,2026-09-06,Coca-Cola,KO,Consumer,Provider_D,USD,468.63,2819330504058.0,215434427641.0,390222762.0,2026-09-08 19:59:07
7389,2026-09-06,Comcast,CMCSA,Communication,Provider_A,USD,617.68,365746851272.0,173080675914.0,88130690.0,2026-09-08 22:51:45
7390,2026-09-06,Comcast,CMCSA,Communication,Provider_B,USD,620.64,367499088730.0,173909879070.0,88552910.0,2026-09-08 13:34:55
7391,2026-09-06,Comcast,CMCSA,Communication,Provider_C,USD,618.24,366076812394.0,173236821876.0,88210197.0,2026-09-08 04:07:39
7392,2026-09-06,Comcast,CMCSA,Communication,Provider_D,USD,620.94,367675208832.0,173993223564.0,88595348.0,2026-09-08 05:10:26
7349,2026-09-06,ConocoPhillips,COP,Energy,Provider_A,USD,297.0,207258744918.0,447496645762.0,48149923.0,2026-09-08 01:57:33
7350,2026-09-06,ConocoPhillips,COP,Energy,Provider_B,USD,297.1,207330911092.0,447652461244.0,48166689.0,2026-09-08 21:08:30
7351,2026-09-06,ConocoPhillips,COP,Energy,Provider_C,USD,296.79,207116379406.0,447189261441.0,48116849.0,2026-09-08 08:19:02
7352,2026-09-06,ConocoPhillips,COP,Energy,Provider_D,USD,296.76,207095827247.0,447144886848.0,48112075.0,2026-09-08 02:24:20
7345,2026-09-06,Duke Energy,DUK,Utilities,Provider_A,USD,623.7,300398129325.0,391561454058.0,16638090.0,2026-09-08 02:36:22
7346,2026-09-06,Duke Energy,DUK,Utilities,Provider_B,USD,629.51,300645970672.0,391884509059.0,16651817.0,2026-09-08 17:44:59
7347,2026-09-06,Duke Energy,DUK,Utilities,Provider_C,USD,628.45,300135860734.0,391219593503.0,16623564.0,2026-09-08 13:21:57
7348,2026-09-06,Duke Energy,DUK,Utilities,Provider_D,USD,627.87,299861770680.0,390862323968.0,16608383.0,2026-09-08 00:26:23
7249,2026-09-06,Exxon Mobil,XOM,Energy,Provider_A,USD,43.38,1399034074993.0,96072528327.0,88535902.0,2026-09-08 16:11:52
7250,2026-09-06,Exxon Mobil,XOM,Energy,Provider_B,USD,43.37,1398779958569.0,96055077997.0,88519821.0,2026-09-08 22:49:11
7251,2026-09-06,Exxon Mobil,XOM,Energy,Provider_C,USD,43.51,1403166907380.0,96356332463.0,88797443.0,2026-09-08 19:30:02
7252,2026-09-06,Exxon Mobil,XOM,Energy,Provider_D,USD,43.38,1399218767625.0,96085211284.0,88547590.0,2026-09-08 17:46:12
7321,2026-09-06,Goldman Sachs,GS,Financials,Provider_A,USD,696.39,3775059691202.0,100433297902.0,352733569.0,2026-09-08 18:31:28
7322,2026-09-06,Goldman Sachs,GS,Financials,Provider_B,USD,695.8,3771904865001.0,100349365560.0,352438789.0,2026-09-08 09:42:10
7323,2026-09-06,Goldman Sachs,GS,Financials,Provider_C,USD,693.94,3761787292673.0,100080193351.0,351493424.0,2026-09-08 03:55:34
7324,2026-09-06,Goldman Sachs,GS,Financials,Provider_D,USD,696.89,3777785428402.0,100505814576.0,352988256.0,2026-09-08 07:45:59
7373,2026-09-06,Home Depot,HD,Consumer,Provider_A,USD,317.84,1334871867340.0,179422319704.0,63837920.0,2026-09-08 22:08:38
7374,2026-09-06,Home Depot,HD,Consumer,Provider_B,USD,318.96,1339546032624.0,180050581935.0,64061454.0,2026-09-08 00:41:21
7375,2026-09-06,Home Depot,HD,Consumer,Provider_C,USD,317.83,1334811323597.0,179414181920.0,63835025.0,2026-09-08 22:38:23
7376,2026-09-06,Home Depot,HD,Consumer,Provider_D,USD,318.54,1337789216977.0,179814445459.0,63977438.0,2026-09-08 13:17:33
7285,2026-09-06,Intel Corp.,INTC,Technology,Provider_A,USD,168.3,2202719309431.0,208099843660.0,233635426.0,2026-09-08 09:37:29
7286,2026-09-06,Intel Corp.,INTC,Technology,Provider_B,USD,168.3,2202695214562.0,208097567320.0,233632870.0,2026-09-08 12:26:26
7287,2026-09-06,Intel Corp.,INTC,Technology,Provider_C,USD,168.35,2203282879111.0,208153086377.0,233695202.0,2026-09-08 16:59:30
7288,2026-09-06,Intel Corp.,INTC,Technology,Provider_D,USD,168.55,2205881447593.0,208398583701.0,233970824.0,2026-09-08 23:51:38
7229,2026-09-06,JPMorgan Chase,JPM,Financials,Provider_A,USD,717.63,2172726980412.0,165438976919.0,130480895.0,2026-09-08 07:15:36
7230,2026-09-06,JPMorgan Chase,JPM,Financials,Provider_B,USD,719.09,2177173755237.0,165777569795.0,130747942.0,2026-09-08 23:36:37
7231,2026-09-06,JPMorgan Chase,JPM,Financials,Provider_C,USD,716.8,2170232499215.0,165249038458.0,130331092.0,2026-09-08 08:16:00
7232,2026-09-06,JPMorgan Chase,JPM,Financials,Provider_D,USD,718.6,2175688374797.0,165664467770.0,130658739.0,2026-09-08 07:02:19
7245,2026-09-06,Johnson & Johnson,JNJ,Healthcare,Provider_A,USD,563.81,1403417860832.0,293299303909.0,169344393.0,2026-09-08 12:11:26
7246,2026-09-06,Johnson & Johnson,JNJ,Healthcare,Provider_B,USD,562.09,1399117977637.0,292400674369.0,168825545.0,2026-09-08 13:23:24
7247,2026-09-06,Johnson & Johnson,JNJ,Healthcare,Provider_C,USD,562.54,1400242991180.0,292635790151.0,168961295.0,2026-09-08 12:20:09
7248,2026-09-06,Johnson & Johnson,JNJ,Healthcare,Provider_D,USD,563.84,1403483066467.0,293312931189.0,169352261.0,2026-09-08 14:19:40
7353,2026-09-06,Lockheed Martin,LMT,Industrials,Provider_A,USD,459.76,3911322034060.0,140972846786.0,899968063.0,2026-09-08 05:04:03
7354,2026-09-06,Lockheed Martin,LMT,Industrials,Provider_B,USD,460.54,3917964427640.0,141212253597.0,901496432.0,2026-09-08 19:35:32
7355,2026-09-06,Lockheed Martin,LMT,Industrials,Provider_C,USD,460.28,3915747987003.0,141132368089.0,900986444.0,2026-09-08 00:29:30
7356,2026-09-06,Lockheed Martin,LMT,Industrials,Provider_D,USD,460.45,3917177367773.0,-141183886188.0,901315335.0,2026-09-08 00:52:51
7377,2026-09-06,Lowe's,LOW,Consumer,Provider_A,USD,392.72,1028197700052.0,330212239137.0,162309880.0,2026-09-08 08:38:17
7378,2026-09-06,Lowe's,LOW,Consumer,Provider_B,USD,392.05,1026459965709.0,329654154686.0,162035564.0,2026-09-08 17:17:04
7379,2026-09-06,Lowe's,LOW,Consumer,Provider_C,USD,392.08,1026543566800.0,329681003709.0,162048761.0,2026-09-08 01:45:52
7380,2026-09-06,Lowe's,LOW,Consumer,Provider_D,USD,391.48,1024965482098.0,,161799647.0,2026-09-08 00:47:48
7261,2026-09-06,Mastercard Inc.,MA,Financials,Provider_A,USD,663.96,2002161741232.0,421186671769.0,403747407.0,2026-09-08 22:15:12
7262,2026-09-06,Mastercard Inc.,MA,Financials,Provider_B,USD,-663.95,2002144263693.0,421182995090.0,403743883.0,2026-09-08 01:26:16
7263,2026-09-06,Mastercard Inc.,MA,Financials,Provider_C,USD,1988.37,1998638653746.0,420445534097.0,403036956.0,2026-09-08 00:21:35
7264,2026-09-06,Mastercard Inc.,MA,Financials,Provider_D,USD,663.42,2000551380638.0,420847906721.0,403422669.0,2026-09-08 08:57:30
7301,2026-09-06,McDonald's,MCD,Consumer,Provider_A,USD,629.75,1226736323586.0,443607898907.0,284523599.0,2026-09-08 10:30:36
7302,2026-09-06,McDonald's,MCD,Consumer,Provider_B,USD,627.1,1221586203509.0,441745531337.0,283329104.0,2026-09-08 09:42:36
7690,2026-09-06,McDonald's,MCD,Consumer,Provider_B,USD,627.1,1221586203509.0,441745531337.0,283329104.0,2026-09-08 09:42:36
7303,2026-09-06,McDonald's,MCD,Consumer,Provider_C,USD,627.55,1512139895533.6992,442058551040.0,283529870.0,2026-09-08 17:37:47
7304,2026-09-06,McDonald's,MCD,Consumer,Provider_D,USD,629.38,1226022030273.0,443349598774.0,284357929.0,2026-09-08 07:30:32
7313,2026-09-06,Merck & Co.,MRK,Healthcare,Provider_A,USD,171.35,1996258299728.0,58423466629.0,354863119.0,2026-09-08 05:11:22
7314,2026-09-06,Merck & Co.,MRK,Healthcare,Provider_B,USD,171.23,1994865438109.0,58382702463.0,354615518.0,2026-09-08 01:15:52
7315,2026-09-06,Merck & Co.,MRK,Healthcare,Provider_C,USD,171.53,1998345501340.0,-58484551687.0,355234148.0,2026-09-08 05:12:37
7316,2026-09-06,Merck & Co.,MRK,Healthcare,Provider_D,USD,170.97,1991878899043.0,58295296958.0,354084619.0,2026-09-08 04:14:44
7221,2026-09-06,Meta Platforms,META,Communication,Provider_A,USD,338.47,1727195450434.0,292842016955.0,297866566.0,2026-09-08 11:06:05
7222,2026-09-06,Meta Platforms,META,Communication,Provider_B,USD,338.7,1728406485883.0,293047345231.0,298075417.0,2026-09-08 23:25:07
7223,2026-09-06,Meta Platforms,META,Communication,Provider_C,USD,338.93,1729553499118.0,293241818687.0,298273227.0,2026-09-08 06:16:31
7224,2026-09-06,Meta Platforms,META,Communication,Provider_D,USD,338.67,,293020151067.0,298047756.0,2026-09-08 09:04:54
7205,2026-09-06,Microsoft Corp.,MSFT,Technology,Provider_A,USD,218.57,3038430218270.0,,376784522.0,2026-09-08 23:56:35
7206,2026-09-06,Microsoft Corp.,MSFT,Technology,Provider_B,USD,219.08,3045513578595.0,65005525369.0,,2026-09-08 20:29:25
7207,2026-09-06,Microsoft Corp.,MSFT,Technology,Provider_C,USD,219.47,3050981119123.0,65122228295.0,378340913.0,2026-09-08 05:51:13
7208,2026-09-06,Microsoft Corp.,MSFT,Technology,Provider_D,USD,219.0,3044446166727.0,64982741800.0,377530537.0,2026-09-08 01:45:09
7325,2026-09-06,Morgan Stanley,MS,Financials,Provider_A,USD,68.46,1930869753399.0,230562566988.0,146576788.0,2026-09-08 11:52:12
7326,2026-09-06,Morgan Stanley,MS,Financials,Provider_B,USD,68.43,1929941153128.0,230451684076.0,146506296.0,2026-09-08 13:39:56
7327,2026-09-06,Morgan Stanley,MS,Financials,Provider_C,USD,68.35,1927698287567.0,230183866508.0,146336035.0,2026-09-08 00:21:22
7328,2026-09-06,Morgan Stanley,MS,Financials,Provider_D,USD,68.49,1931675060938.0,230658727681.0,146637921.0,2026-09-08 08:39:36
7209,2026-09-06,NVIDIA Corp.,NVDA,Technology,Provider_A,USD,227.61,211323239821.0,257097057866.0,20667670.0,2026-09-08 02:06:30
7210,2026-09-06,NVIDIA Corp.,NVDA,Technology,Provider_B,USD,113.77,211260169596.0,257020326271.0,20661502.0,2026-09-08 05:20:26
7211,2026-09-06,NVIDIA Corp.,NVDA,Technology,Provider_C,USD,227.64,211352570851.0,257132742164.0,20670539.0,2026-09-08 22:54:16
7212,2026-09-06,NVIDIA Corp.,NVDA,Technology,Provider_D,USD,227.9,211592226610.0,257424308727.0,20693977.0,2026-09-08 18:44:01
7273,2026-09-06,Netflix Inc.,NFLX,Communication,Provider_A,USD,239.11,1713555141594.0,140249723061.0,57603654.0,2026-09-08 02:31:41
7274,2026-09-06,Netflix Inc.,NFLX,Communication,Provider_B,USD,238.71,1710680230754.0,140014419604.0,57507010.0,2026-09-08 12:28:42
7275,2026-09-06,Netflix Inc.,NFLX,Communication,Provider_C,USD,239.59,1716977760923.0,140529854936.0,57718710.0,2026-09-08 01:02:27
7276,2026-09-06,Netflix Inc.,NFLX,Communication,Provider_D,USD,239.44,1715886228919.0,140440516076.0,57682017.0,2026-09-08 06:29:31
7341,2026-09-06,NextEra Energy,NEE,Utilities,Provider_A,USD,47.14,2638747410209.0,414853518296.0,268574634.0,2026-09-08 16:10:12
7342,2026-09-06,NextEra Energy,NEE,Utilities,Provider_B,USD,47.32,2648563993116.0,416396842958.0,269573776.0,2026-09-08 14:03:20
7343,2026-09-06,NextEra Energy,NEE,Utilities,Provider_C,USD,47.12,2637239784559.0,414616495304.0,268421186.0,2026-09-08 00:22:47
7344,2026-09-06,NextEra Energy,NEE,Utilities,Provider_D,USD,47.28,2646282029870.0,416038081647.0,269341515.0,2026-09-08 14:00:43
7305,2026-09-06,Nike Inc.,NKE,Consumer,Provider_A,USD,374.67,1105469270319.0,359253457852.0,120143259.0,2026-09-08 10:05:32
7306,2026-09-06,Nike Inc.,NKE,Consumer,Provider_B,USD,373.92,,358532949819.0,119902303.0,2026-09-08 11:58:03
7307,2026-09-06,Nike Inc.,NKE,Consumer,Provider_C,USD,375.0,1106430089869.0,359565703298.0,120247682.0,2026-09-08 13:43:25
7308,2026-09-06,Nike Inc.,NKE,Consumer,Provider_D,USD,374.72,1105608467381.0,359298693868.0,120158387.0,2026-09-08 10:42:51
7269,2026-09-06,Oracle Corp.,ORCL,Technology,Provider_A,USD,542.38,1536300054063.0,367702582298.0,85012575.0,2026-09-08 22:53:06
7270,2026-09-06,Oracle Corp.,ORCL,Technology,Provider_B,USD,190.176,1539073423039.0,368366368602.0,85166042.0,2026-09-08 18:46:17
7271,2026-09-06,Oracle Corp.,ORCL,Technology,Provider_C,USD,542.6,1536909572473.0,367848466231.0,85046303.0,2026-09-08 23:36:43
7272,2026-09-06,Oracle Corp.,ORCL,Technology,Provider_D,USD,542.35,1536212348098.0,367681590494.0,85007721.0,2026-09-08 01:22:53
7297,2026-09-06,PepsiCo,PEP,Consumer,Provider_A,USD,234.44,3345772719868.0,409607871311.0,414667623.0,2026-09-08 02:51:30
7298,2026-09-06,PepsiCo,PEP,Consumer,Provider_B,USD,233.6,3333797813660.0,408141837527.0,413183479.0,2026-09-08 06:48:00
7299,2026-09-06,PepsiCo,PEP,Consumer,Provider_C,USD,233.39,3330789949167.0,407773598237.0,412810691.0,2026-09-08 06:26:38
7300,2026-09-06,PepsiCo,PEP,Consumer,Provider_D,USD,234.18,3342011443692.0,409147395225.0,414201459.0,2026-09-08 15:10:34
7309,2026-09-06,Pfizer Inc.,PFE,Healthcare,Provider_A,USD,223.18,3732291728925.0,199804702411.0,675140551.0,2026-09-08 11:08:45
7310,2026-09-06,Pfizer Inc.,PFE,Healthcare,Provider_B,USD,223.48,3737413723383.0,200078903533.0,676067077.0,2026-09-08 11:51:09
7311,2026-09-06,Pfizer Inc.,PFE,Healthcare,Provider_C,USD,223.19,3732565691062.0,199819368715.0,675190108.0,2026-09-08 23:47:18
7312,2026-09-06,Pfizer Inc.,PFE,Healthcare,Provider_D,USD,222.72,3724605706564.0,199393238484.0,673750213.0,2026-09-08 13:20:15
7257,2026-09-06,Procter & Gamble,PG,Consumer,Provider_A,USD,706.21,3143732904993.0,65713672814.0,404787929.0,2026-09-08 17:48:10
7258,2026-09-06,Procter & Gamble,PG,Consumer,Provider_B,USD,703.42,3131307053808.0,65453934362.0,403187973.0,2026-09-08 08:58:43
7259,2026-09-06,Procter & Gamble,PG,Consumer,Provider_C,USD,702.35,3126536101239.0,65354206800.0,402573664.0,2026-09-08 09:23:34
7260,2026-09-06,Procter & Gamble,PG,Consumer,Provider_D,USD,703.56,3131910819221.0,65466554913.0,403265714.0,2026-09-08 03:28:16
7393,2026-09-06,Qualcomm,QCOM,Technology,Provider_A,USD,491.09,2442000587475.0,60253405294.0,453959330.0,2026-09-08 03:23:01
7394,2026-09-06,Qualcomm,QCOM,Technology,Provider_B,USD,491.11,2442115547724.0,60256241799.0,453980701.0,2026-09-08 08:49:56
7395,2026-09-06,Qualcomm,QCOM,Technology,Provider_C,USD,492.43,2448707596965.0,60418892626.0,455206140.0,2026-09-08 09:58:04
7396,2026-09-06,Qualcomm,QCOM,Technology,Provider_D,USD,490.81,3184457167851.073,60219599757.0,453704633.0,2026-09-08 12:16:54
7281,2026-09-06,Salesforce Inc.,CRM,Technology,Provider_A,USD,597.79,3268062873234.0,55597779048.0,471599953.0,2026-09-08 08:01:13
7282,2026-09-06,Salesforce Inc.,CRM,Technology,Provider_B,USD,599.22,3275881472520.0,55730792633.0,472728221.0,2026-09-08 21:02:08
7283,2026-09-06,Salesforce Inc.,CRM,Technology,Provider_C,USD,597.21,3264927743218.0,55544442784.0,471147536.0,2026-09-08 17:22:26
7284,2026-09-06,Salesforce Inc.,CRM,Technology,Provider_D,USD,597.91,3268702139675.0,55608654541.0,471692203.0,2026-09-08 09:19:00
7225,2026-09-06,Tesla Inc.,TSLA,Automotive,Provider_A,USD,425.77,3198150911898.0,184648403776.0,543148581.0,2026-09-08 03:33:50
7226,2026-09-06,Tesla Inc.,TSLA,Automotive,Provider_B,USD,149.555,3209609626487.0,185309983988.0,545094638.0,2026-09-08 04:37:11
7227,2026-09-06,Tesla Inc.,TSLA,Automotive,Provider_C,USD,426.96,3207089425412.0,185164477688.0,544666627.0,2026-09-08 14:03:25
7228,2026-09-06,Tesla Inc.,TSLA,Automotive,Provider_D,USD,427.53,3211385372019.0,185412508412.0,545396216.0,2026-09-08 07:09:57
7397,2026-09-06,Texas Instruments,TXN,Technology,Provider_A,USD,140.57,3672330087024.0,312103113538.0,185396756.0,2026-09-08 14:03:58
7398,2026-09-06,Texas Instruments,TXN,Technology,Provider_B,USD,140.38,3667435961447.0,311687172760.0,185149677.0,2026-09-08 02:27:27
7399,2026-09-06,Texas Instruments,TXN,Technology,Provider_C,USD,140.04,3658467349349.0,310924950494.0,184696898.0,2026-09-08 18:51:44
7400,2026-09-06,Texas Instruments,TXN,Technology,Provider_D,USD,140.5,3670591531689.0,311955357611.0,185308985.0,2026-09-08 07:11:49
7369,2026-09-06,UPS,UPS,Industrials,Provider_A,USD,123.69,2103152873917.0,95932355118.0,337619360.0,2026-09-08 03:14:18
7370,2026-09-06,UPS,UPS,Industrials,Provider_B,USD,61.99,2108027561743.0,96154707135.0,338401895.0,2026-09-08 20:52:21
7371,2026-09-06,UPS,UPS,Industrials,Provider_C,USD,123.72,2103653744390.0,95955201618.0,337699765.0,2026-09-08 11:20:12
7372,2026-09-06,UPS,UPS,Industrials,Provider_D,USD,123.68,2102988164464.0,95924842128.0,337592920.0,2026-09-08 18:25:34
7365,2026-09-06,Union Pacific,UNP,Industrials,Provider_A,USD,135.96,3557504307241.0,379857780022.0,873700900.0,2026-09-08 12:38:11
7366,2026-09-06,Union Pacific,UNP,Industrials,Provider_B,USD,135.37,3542005172967.0,378202837054.0,869894409.0,2026-09-08 05:02:10
7367,2026-09-06,Union Pacific,UNP,Industrials,Provider_C,USD,135.21,3538039871426.0,377779436122.0,868920556.0,2026-09-08 17:27:07
7368,2026-09-06,Union Pacific,UNP,Industrials,Provider_D,USD,135.22,3538106223594.0,377786520973.0,868936852.0,2026-09-08 03:36:00
7385,2026-09-06,Verizon,VZ,Communication,Provider_A,USD,679.88,3865071404783.0,30222033448.0,452494994.0,2026-09-08 12:07:52
7386,2026-09-06,Verizon,VZ,Communication,Provider_B,USD,681.89,3876481889777.0,30311255101.0,453830852.0,2026-09-08 06:59:50
7387,2026-09-06,Verizon,VZ,Communication,Provider_C,USD,1701.775,3869804855126.0,30259045570.0,453049153.0,2026-09-08 06:29:36
7388,2026-09-06,Verizon,VZ,Communication,Provider_D,USD,680.72,3869843648578.0,30259348907.0,453053694.0,2026-09-08 13:51:47
7233,2026-09-06,Visa Inc.,V,Financials,Provider_A,USD,127.57,1090946545282.0,76372709019.0,253071352.0,2026-09-08 06:54:28
7234,2026-09-06,Visa Inc.,V,Financials,Provider_B,USD,44.526999999999994,1088017199305.0,76167637479.0,252391819.0,2026-09-08 05:31:04
7235,2026-09-06,Visa Inc.,V,Financials,Provider_C,USD,127.46,1090030283935.0,76308565306.0,252858803.0,2026-09-08 22:37:23
7236,2026-09-06,Visa Inc.,V,Financials,Provider_D,USD,127.05,1086560918532.0,76065689213.0,252054000.0,2026-09-08 13:07:16
7237,2026-09-06,Walmart Inc.,WMT,Consumer,Provider_A,USD,675.87,1302321498486.0,45525170398.0,277094503.0,2026-09-08 12:05:02
7238,2026-09-06,Walmart Inc.,WMT,Consumer,Provider_B,USD,674.9,1300450655871.0,45459771471.0,276696444.0,2026-09-08 00:29:37
7239,2026-09-06,Walmart Inc.,WMT,Consumer,Provider_C,USD,676.6,1303725302705.0,45574243093.0,277393190.0,2026-09-08 07:41:32
7240,2026-09-06,Walmart Inc.,WMT,Consumer,Provider_D,USD,674.79,1300245995476.0,45452617170.0,276652899.0,2026-09-08 22:25:16
7333,2026-09-06,Wells Fargo,WFC,Financials,Provider_A,USD,585.45,628037279175.0,11673255201.0,135036680.0,2026-09-08 18:41:20
7334,2026-09-06,Wells Fargo,WFC,Financials,Provider_B,USD,584.42,626933576389.0,11652740807.0,134799369.0,2026-09-08 17:12:56
7335,2026-09-06,Wells Fargo,WFC,Financials,Provider_C,USD,585.04,627589416330.0,11664930827.0,134940384.0,2026-09-08 12:25:02
7336,2026-09-06,Wells Fargo,WFC,Financials,Provider_D,USD,585.73,889932721817.982,11678707589.0,135099754.0,2026-09-08 11:55:22
7489,2026-09-07,AMD,AMD,Technology,Provider_A,USD,111.01,1469769564159.0,404182558534.0,112656699.0,2026-09-08 06:02:40
7490,2026-09-07,AMD,AMD,Technology,Provider_B,USD,111.02,1469942932321.0,404230234299.0,112669988.0,2026-09-08 07:00:06
7491,2026-09-07,AMD,AMD,Technology,Provider_C,USD,110.83,1467315909235.0,403507810227.0,112468628.0,2026-09-08 04:49:44
7492,2026-09-07,AMD,AMD,Technology,Provider_D,USD,277.375,1468962703859.0,403960674187.0,112594854.0,2026-09-08 01:54:16
7581,2026-09-07,AT&T,T,Communication,Provider_A,USD,298.64,921309545238.0,384354030216.0,86220122.0,2026-09-08 10:18:28
7582,2026-09-07,AT&T,T,Communication,Provider_B,USD,298.13,-919725527118.0,383693205902.0,86071882.0,2026-09-08 14:21:30
7583,2026-09-07,AT&T,T,Communication,Provider_C,USD,298.08,919590045013.0,383636685166.0,86059203.0,2026-09-08 05:28:04
7584,2026-09-07,AT&T,T,Communication,Provider_D,EUR,298.52,920946624845.0,384202626253.0,86186158.0,2026-09-08 19:03:32
7517,2026-09-07,AbbVie Inc.,ABBV,Healthcare,Provider_A,USD,576.5,3903830545493.0,379997903301.0,662621337.0,2026-09-08 19:31:44
7518,2026-09-07,AbbVie Inc.,ABBV,Healthcare,Provider_B,USD,577.03,3907451503263.0,380350366438.0,663235945.0,2026-09-08 10:03:31
7519,2026-09-07,AbbVie Inc.,ABBV,Healthcare,Provider_C,USD,575.27,3895541580565.0,379191057497.0,661214400.0,2026-09-08 18:28:49
7520,2026-09-07,AbbVie Inc.,ABBV,Healthcare,Provider_D,USD,576.97,3907042473500.0,380310551581.0,663166518.0,2026-09-08 20:37:44
7477,2026-09-07,Adobe Inc.,ADBE,Technology,Provider_A,USD,,2375364716976.0,436152778618.0,425926985.0,2026-09-08 13:54:13
7478,2026-09-07,Adobe Inc.,ADBE,Technology,Provider_B,USD,37.1,2384494165569.0,437829083037.0,427563988.0,2026-09-08 11:09:06
7479,2026-09-07,Adobe Inc.,ADBE,Technology,Provider_C,USD,37.07,2382680222397.0,437496015719.0,427238730.0,2026-09-08 15:45:24
7480,2026-09-07,Adobe Inc.,ADBE,Technology,Provider_D,USD,37.04,2380394802529.0,437076378171.0,426828931.0,2026-09-08 00:25:30
7417,2026-09-07,Alphabet Inc.,GOOGL,Communication,Provider_A,USD,465.43,2357156352780.0,-322096852505.0,145270208.0,2026-09-08 18:05:07
7418,2026-09-07,Alphabet Inc.,GOOGL,Communication,Provider_B,USD,465.5,2357531545704.0,322148121255.0,145293331.0,2026-09-08 10:56:00
7419,2026-09-07,Alphabet Inc.,GOOGL,Communication,Provider_C,USD,465.05,2355234810149.0,321834280685.0,145151784.0,2026-09-08 07:45:43
7420,2026-09-07,Alphabet Inc.,GOOGL,Communication,Provider_D,USD,465.51,2357582102939.0,,145296447.0,2026-09-08 15:11:12
7413,2026-09-07,Amazon.com Inc.,AMZN,Consumer,Provider_A,USD,70.67,1660219699588.0,127161598993.0,317464194.0,2026-09-08 11:36:15
7414,2026-09-07,Amazon.com Inc.,AMZN,Consumer,Provider_B,USD,70.39,1666565095175.0,127647613374.0,318677549.0,2026-09-08 21:38:02
7415,2026-09-07,Amazon.com Inc.,AMZN,Consumer,Provider_C,USD,70.15,1660860565976.0,127210685023.0,317586740.0,2026-09-08 19:05:28
7416,2026-09-07,Amazon.com Inc.,AMZN,Consumer,Provider_D,USD,70.36,1665863537960.0,127593878837.0,318543399.0,2026-09-08 14:15:27
7401,2026-09-07,Apple Inc.,AAPL,Technology,Provider_A,USD,708.62,1861056969983.0,50044027463.0,248123586.0,2026-09-08 09:28:25
7402,2026-09-07,Apple Inc.,AAPL,Technology,Provider_B,USD,709.4,1863088862411.0,50098665275.0,248394486.0,2026-09-08 18:41:59
7403,2026-09-07,Apple Inc.,AAPL,Technology,Provider_C,USD,710.66,1866414119016.0,50188081792.0,248837823.0,2026-09-08 00:27:56
7404,2026-09-07,Apple Inc.,AAPL,Technology,Provider_D,USD,708.45,1860592336225.0,50031533410.0,248061639.0,2026-09-08 18:57:57
7529,2026-09-07,Bank of America,BAC,Financials,Provider_A,USD,60.85,358632251525.0,173553561006.0,44192470.0,2026-09-08 07:40:41
7530,2026-09-07,Bank of America,BAC,Financials,Provider_B,USD,60.77,358150067060.0,173320216597.0,44133052.0,2026-09-08 03:05:37
7531,2026-09-07,Bank of America,BAC,Financials,Provider_C,USD,61.01,359600047400.0,174021908233.0,44311726.0,2026-09-08 23:44:31
7709,2026-09-07,Bank of America,BAC,Financials,Provider_C,USD,61.01,359600047400.0,174021908233.0,44311726.0,2026-09-08 23:44:31
7532,2026-09-07,Bank of America,BAC,Financials,Provider_D,USD,60.72,357878562136.0,173188826723.0,44099596.0,2026-09-08 01:05:06
7537,2026-09-07,Berkshire Hathaway,BRK.B,Financials,Provider_A,USD,462.28,1780121770705.0,41175119378.0,168615512.0,2026-09-08 07:28:40
7538,2026-09-07,Berkshire Hathaway,BRK.B,Financials,Provider_B,USD,463.37,1784294312800.0,,169010741.0,2026-09-08 03:55:35
7539,2026-09-07,Berkshire Hathaway,BRK.B,Financials,Provider_C,USD,463.57,1785070965942.0,,169084307.0,2026-09-08 11:20:25
7540,2026-09-07,Berkshire Hathaway,BRK.B,Financials,Provider_D,USD,463.11,1783297882082.0,41248584445.0,168916358.0,2026-09-08 19:22:30
7557,2026-09-07,Boeing Co.,BA,Industrials,Provider_A,USD,548.67,721507417289.0,268575985664.0,74321934.0,2026-09-08 13:31:43
7558,2026-09-07,Boeing Co.,BA,Industrials,Provider_B,USD,,722562649675.0,268968788387.0,74430633.0,2026-09-08 22:24:52
7559,2026-09-07,Boeing Co.,BA,Industrials,Provider_C,USD,549.98,723229510184.0,269217022451.0,74499325.0,2026-09-08 23:49:07
7560,2026-09-07,Boeing Co.,BA,Industrials,Provider_D,USD,549.82,723024536895.0,269140722607.0,74478211.0,2026-09-08 15:52:18
7465,2026-09-07,Broadcom Inc.,AVGO,Technology,Provider_A,USD,654.97,1320783271551.0,298750932055.0,43497817.0,2026-09-08 17:25:04
7466,2026-09-07,Broadcom Inc.,AVGO,Technology,Provider_B,USD,654.77,1320387970718.0,298661518072.0,43484798.0,2026-09-08 07:57:49
7467,2026-09-07,Broadcom Inc.,AVGO,Technology,Provider_C,USD,656.32,1323509593362.0,299367604903.0,43587604.0,2026-09-08 15:22:46
7468,2026-09-07,Broadcom Inc.,AVGO,Technology,Provider_D,USD,654.34,1319509720991.0,298462864795.0,43455875.0,2026-09-08 07:49:57
7561,2026-09-07,Caterpillar Inc.,CAT,Industrials,Provider_A,USD,350.86,3389953243455.0,328390889591.0,160318949.0,2026-09-08 18:04:06
7562,2026-09-07,Caterpillar Inc.,CAT,Industrials,Provider_B,USD,350.8,3389391659871.0,328336487976.0,160292390.0,2026-09-08 20:32:04
7563,2026-09-07,Caterpillar Inc.,CAT,Industrials,Provider_C,USD,350.18,3383387206694.0,327754825758.0,160008425.0,2026-09-08 01:58:46
7564,2026-09-07,Caterpillar Inc.,CAT,Industrials,Provider_D,USD,349.81,3379786782752.0,327406046192.0,159838153.0,2026-09-08 22:51:05
7453,2026-09-07,Chevron Corp.,CVX,Energy,Provider_A,USD,230.46,3977486622193.0,395132698840.0,282127499.0,2026-09-08 05:29:26
7454,2026-09-07,Chevron Corp.,CVX,Energy,Provider_B,USD,231.1,3988454379096.0,396222261118.0,282905454.0,2026-09-08 13:28:09
7455,2026-09-07,Chevron Corp.,CVX,Energy,Provider_C,USD,230.87,3984564259797.0,395835807691.0,282629524.0,2026-09-08 06:10:10
7456,2026-09-07,Chevron Corp.,CVX,Energy,Provider_D,USD,230.99,3986554142169.0,396033487197.0,282770668.0,2026-09-08 11:25:37
7493,2026-09-07,Cisco Systems,CSCO,Technology,Provider_A,GBP,76.35,883069728245.0,119682406970.0,44771336.0,2026-09-08 18:26:12
7494,2026-09-07,Cisco Systems,CSCO,Technology,Provider_B,USD,76.4,883647072858.0,119760654464.0,44800608.0,2026-09-08 10:41:29
7495,2026-09-07,Cisco Systems,CSCO,Technology,Provider_C,USD,76.38,883404211744.0,119727739506.0,44788295.0,2026-09-08 16:43:26
7496,2026-09-07,Cisco Systems,CSCO,Technology,Provider_D,USD,76.39,883483339374.0,119738463671.0,44792306.0,2026-09-08 18:30:14
7441,2026-09-07,Coca-Cola,KO,Consumer,Provider_A,USD,478.91,2821473487723.0,215864810058.0,589288351.0,2026-09-08 16:13:19
7442,2026-09-07,Coca-Cola,KO,Consumer,Provider_B,USD,477.33,2812184720493.0,215154146647.0,587348314.0,2026-09-08 05:37:06
7443,2026-09-07,Coca-Cola,KO,Consumer,Provider_C,USD,477.44,2812849733233.0,215205025327.0,587487207.0,2026-09-08 15:03:59
7444,2026-09-07,Coca-Cola,KO,Consumer,Provider_D,USD,477.67,2814174965956.0,215306416005.0,587763993.0,2026-09-08 21:48:38
7589,2026-09-07,Comcast,CMCSA,Communication,Provider_A,USD,612.68,366399170681.0,173196002438.0,35676543.0,2026-09-08 14:28:34
7590,2026-09-07,Comcast,CMCSA,Communication,Provider_B,USD,614.31,367378364103.0,173658864802.0,35771887.0,2026-09-08 13:18:48
7591,2026-09-07,Comcast,CMCSA,Communication,Provider_C,USD,613.04,366614572155.0,173297822194.0,35697516.0,2026-09-08 06:28:28
7592,2026-09-07,Comcast,CMCSA,Communication,Provider_D,USD,615.44,368054114774.0,173978290511.0,35837686.0,2026-09-08 20:18:05
7549,2026-09-07,ConocoPhillips,COP,Energy,Provider_A,USD,300.24,206938752082.0,447914566748.0,36481148.0,2026-09-08 17:42:15
7550,2026-09-07,ConocoPhillips,COP,Energy,Provider_B,USD,299.81,206636289822.0,447259893563.0,36427827.0,2026-09-08 05:30:29
7551,2026-09-07,ConocoPhillips,COP,Energy,Provider_C,USD,300.08,287043718233.9662,447675791905.0,36461701.0,2026-09-08 13:35:44
7552,2026-09-07,ConocoPhillips,COP,Energy,Provider_D,USD,300.35,207013372191.0,448076080402.0,36494303.0,2026-09-08 20:36:48
7545,2026-09-07,Duke Energy,DUK,Utilities,Provider_A,USD,628.37,299159744100.0,390416513482.0,11593210.0,2026-09-08 16:42:28
7546,2026-09-07,Duke Energy,DUK,Utilities,Provider_B,USD,628.65,423883055512.6288,390591553641.0,11598408.0,2026-09-08 13:52:39
7547,2026-09-07,Duke Energy,DUK,Utilities,Provider_C,USD,,299124793078.0,390370900873.0,11591856.0,2026-09-08 12:46:07
7548,2026-09-07,Duke Energy,DUK,Utilities,Provider_D,USD,629.78,299830655753.0,391292082449.0,11619210.0,2026-09-08 18:18:26
7449,2026-09-07,Exxon Mobil,XOM,Energy,Provider_A,USD,41.64,1402973353644.0,96340393473.0,104572293.0,2026-09-08 01:11:03
7450,2026-09-07,Exxon Mobil,XOM,Energy,Provider_B,USD,41.56,1400426643519.0,96165514132.0,104382471.0,2026-09-08 17:34:23
7451,2026-09-07,Exxon Mobil,XOM,Energy,Provider_C,USD,41.46,1865337713194.0015,95933434581.0,104130561.0,2026-09-08 21:43:33
7452,2026-09-07,Exxon Mobil,XOM,Energy,Provider_D,USD,41.61,1402187203881.0,96286409570.0,104513696.0,2026-09-08 14:58:51
7521,2026-09-07,Goldman Sachs,GS,Financials,Provider_A,USD,689.75,3777908401868.0,100535921384.0,448901123.0,2026-09-08 10:39:04
7522,2026-09-07,Goldman Sachs,GS,Financials,Provider_B,USD,689.0,3773805860624.0,100426746486.0,448413649.0,2026-09-08 16:55:47
7523,2026-09-07,Goldman Sachs,GS,Financials,Provider_C,USD,687.81,3767267320590.0,100252745934.0,447636722.0,2026-09-08 16:12:18
7524,2026-09-07,Goldman Sachs,GS,Financials,Provider_D,USD,687.51,3765660608114.0,100209988858.0,447445808.0,2026-09-08 14:20:14
7573,2026-09-07,Home Depot,HD,Consumer,Provider_A,USD,318.16,1341494780764.0,180055022491.0,310784080.0,2026-09-08 08:26:51
7574,2026-09-07,Home Depot,HD,Consumer,Provider_B,USD,317.22,1337565864347.0,179527684521.0,309873868.0,2026-09-08 04:05:49
7575,2026-09-07,Home Depot,HD,Consumer,Provider_C,USD,317.21,1547527770122.4097,179517285059.0,309855918.0,2026-09-08 12:53:10
7576,2026-09-07,Home Depot,HD,Consumer,Provider_D,USD,317.48,1338662371834.0,179674857423.0,310127896.0,2026-09-08 07:51:38
7485,2026-09-07,Intel Corp.,INTC,Technology,Provider_A,USD,169.28,2196932578627.0,207849710125.0,225244785.0,2026-09-08 00:45:07
7486,2026-09-07,Intel Corp.,INTC,Technology,Provider_B,USD,169.22,2196184909261.0,207778973834.0,225168129.0,2026-09-08 10:34:43
7487,2026-09-07,Intel Corp.,INTC,Technology,Provider_C,USD,169.29,2197061087939.0,207861868269.0,225257960.0,2026-09-08 05:43:16
7488,2026-09-07,Intel Corp.,INTC,Technology,Provider_D,USD,169.43,2198787394653.0,208025192512.0,225434953.0,2026-09-08 10:48:13
7429,2026-09-07,JPMorgan Chase,JPM,Financials,Provider_A,USD,713.5,2170194646865.0,165405371808.0,517568704.0,2026-09-08 05:54:26
7430,2026-09-07,JPMorgan Chase,JPM,Financials,Provider_B,USD,714.57,2173464939833.0,165654623194.0,518348634.0,2026-09-08 22:37:41
7431,2026-09-07,JPMorgan Chase,JPM,Financials,Provider_C,USD,714.07,2171947475124.0,165538966834.0,517986735.0,2026-09-08 05:01:09
7432,2026-09-07,JPMorgan Chase,JPM,Financials,Provider_D,USD,715.0,2174750444712.0,,518655214.0,2026-09-08 01:42:08
7445,2026-09-07,Johnson & Johnson,JNJ,Healthcare,Provider_A,USD,556.48,1396640607674.0,292091444668.0,159892823.0,2026-09-08 13:19:58
7446,2026-09-07,Johnson & Johnson,JNJ,Healthcare,Provider_B,USD,558.44,1401579167735.0,293124288147.0,160458208.0,2026-09-08 08:48:27
7447,2026-09-07,Johnson & Johnson,JNJ,Healthcare,Provider_C,USD,557.87,1400138881910.0,292823068803.0,160293319.0,2026-09-08 04:32:13
7448,2026-09-07,Johnson & Johnson,JNJ,Healthcare,Provider_D,EUR,558.54,1401831469324.0,293177054145.0,160487093.0,2026-09-08 02:49:28
7553,2026-09-07,Lockheed Martin,LMT,Industrials,Provider_A,USD,452.51,3904700922425.0,140803125354.0,548790296.0,2026-09-08 15:28:09
7554,2026-09-07,Lockheed Martin,LMT,Industrials,Provider_B,USD,452.77,3907021561075.0,140886807352.0,549116452.0,2026-09-08 09:14:46
7555,2026-09-07,Lockheed Martin,LMT,Industrials,Provider_C,USD,453.09,3909713075248.0,140983863084.0,549494734.0,2026-09-08 11:57:53
7556,2026-09-07,Lockheed Martin,LMT,Industrials,Provider_D,USD,454.38,3920908383024.0,141387564764.0,551068190.0,2026-09-08 00:38:36
7577,2026-09-07,Lowe's,LOW,Consumer,Provider_A,USD,391.06,1026156964779.0,329708020500.0,112408566.0,2026-09-08 00:10:44
7578,2026-09-07,Lowe's,LOW,Consumer,Provider_B,USD,390.2,1023904054187.0,328984152011.0,112161775.0,2026-09-08 07:17:03
7579,2026-09-07,Lowe's,LOW,Consumer,Provider_C,USD,390.36,1024315216109.0,329116259854.0,112206815.0,2026-09-08 09:43:34
7580,2026-09-07,Lowe's,LOW,Consumer,Provider_D,USD,389.95,,328771552098.0,112089293.0,2026-09-08 01:28:39
7461,2026-09-07,Mastercard Inc.,MA,Financials,Provider_A,USD,659.15,2005946542316.0,421433558701.0,117453911.0,2026-09-08 07:14:56
7462,2026-09-07,Mastercard Inc.,MA,Financials,Provider_B,USD,658.67,2004489960125.0,421127542262.0,117368624.0,2026-09-08 10:11:33
7463,2026-09-07,Mastercard Inc.,MA,Financials,Provider_C,USD,660.2,2009163007257.0,422109312634.0,117642244.0,2026-09-08 01:16:26
7464,2026-09-07,Mastercard Inc.,MA,Financials,Provider_D,USD,658.5,2003990962853.0,421022706869.0,117339406.0,2026-09-08 15:39:10
7501,2026-09-07,McDonald's,MCD,Consumer,Provider_A,USD,628.56,1223239269894.0,441927537567.0,284095150.0,2026-09-08 06:31:57
7502,2026-09-07,McDonald's,MCD,Consumer,Provider_B,USD,631.64,1229228466594.0,444091293272.0,285486130.0,2026-09-08 01:58:50
7503,2026-09-07,McDonald's,MCD,Consumer,Provider_C,USD,630.25,1226515365558.0,443111113769.0,284856017.0,2026-09-08 22:45:31
7504,2026-09-07,McDonald's,MCD,Consumer,Provider_D,USD,631.54,1484121659475.9937,444017669594.0,285438801.0,2026-09-08 12:58:45
7513,2026-09-07,Merck & Co.,MRK,Healthcare,Provider_A,USD,171.37,1992766151480.0,58424266384.0,111379995.0,2026-09-08 15:50:41
7514,2026-09-07,Merck & Co.,MRK,Healthcare,Provider_B,USD,171.9,1999002807423.0,58607113753.0,111728576.0,2026-09-08 19:49:19
7515,2026-09-07,Merck & Co.,MRK,Healthcare,Provider_C,USD,171.35,1992588164175.0,,111370047.0,2026-09-08 22:06:00
7516,2026-09-07,Merck & Co.,MRK,Healthcare,Provider_D,USD,171.76,1997323288176.0,58557873314.0,111634704.0,2026-09-08 22:57:07
7421,2026-09-07,Meta Platforms,META,Communication,Provider_A,USD,346.73,1720859803201.0,292742587288.0,182349814.0,2026-09-08 03:58:52
7422,2026-09-07,Meta Platforms,META,Communication,Provider_B,USD,346.61,1720259387485.0,292640448084.0,182286191.0,2026-09-08 21:08:27
7423,2026-09-07,Meta Platforms,META,Communication,Provider_C,USD,346.45,1719485190877.0,292508746293.0,182204154.0,2026-09-08 03:03:18
7424,2026-09-07,Meta Platforms,META,Communication,Provider_D,USD,338.67,1717618875135.0,292191259594.0,182006391.0,2026-09-08 21:11:06
7405,2026-09-07,Microsoft Corp.,MSFT,Technology,Provider_A,USD,221.66,3043908273360.0,64988836005.0,615092042.0,2026-09-08 22:09:26
7406,2026-09-07,Microsoft Corp.,MSFT,Technology,Provider_B,USD,221.17,3037263085271.0,64846958196.0,613749228.0,2026-09-08 19:27:30
7407,2026-09-07,Microsoft Corp.,MSFT,Technology,Provider_C,USD,222.01,3048772579105.0,65092691161.0,616074988.0,2026-09-08 22:27:38
7408,2026-09-07,Microsoft Corp.,MSFT,Technology,Provider_D,USD,222.17,3050941971289.0,65139008678.0,616513364.0,2026-09-08 05:39:27
7525,2026-09-07,Morgan Stanley,MS,Financials,Provider_A,USD,68.18,1922244458426.0,229569582522.0,226953671.0,2026-09-08 22:17:13
7526,2026-09-07,Morgan Stanley,MS,Financials,Provider_B,USD,68.38,1927864427035.0,230240763464.0,227617204.0,2026-09-08 11:20:09
7643,2026-09-07,Morgan Stanley,MS,Financials,Provider_B,USD,68.38,1927864427035.0,230240763464.0,227617204.0,2026-09-08 11:20:09
7527,2026-09-07,Morgan Stanley,MS,Financials,Provider_C,USD,68.31,1926090265050.0,230028879058.0,227407734.0,2026-09-08 04:07:19
7528,2026-09-07,Morgan Stanley,MS,Financials,Provider_D,USD,68.38,1927868981833.0,230241307434.0,227617742.0,2026-09-08 15:26:31
7409,2026-09-07,NVIDIA Corp.,NVDA,Technology,Provider_A,USD,227.55,211065529687.0,256832627256.0,31745126.0,2026-09-08 15:49:38
7410,2026-09-07,NVIDIA Corp.,NVDA,Technology,Provider_B,USD,227.49,211014669776.0,256770738966.0,31737476.0,2026-09-08 02:52:44
7411,2026-09-07,NVIDIA Corp.,NVDA,Technology,Provider_C,USD,227.49,211013539080.0,256769363092.0,31737306.0,2026-09-08 01:54:52
7412,2026-09-07,NVIDIA Corp.,NVDA,Technology,Provider_D,USD,227.7,211211158569.0,257009834062.0,31767029.0,2026-09-08 18:33:24
7473,2026-09-07,Netflix Inc.,NFLX,Communication,Provider_A,USD,237.52,1714289763390.0,140257273481.0,323441311.0,2026-09-08 00:35:12
7474,2026-09-07,Netflix Inc.,NFLX,Communication,Provider_B,USD,237.67,1715410939138.0,140349004212.0,323652847.0,2026-09-08 12:14:45
7475,2026-09-07,Netflix Inc.,NFLX,Communication,Provider_C,USD,237.82,1716461067366.0,140434922080.0,323850979.0,2026-09-08 17:33:39
7476,2026-09-07,Netflix Inc.,NFLX,Communication,Provider_D,USD,237.52,1714319455209.0,140259702763.0,323446913.0,2026-09-08 00:57:08
7541,2026-09-07,NextEra Energy,NEE,Utilities,Provider_A,USD,46.58,2647205307483.0,416315394115.0,127923441.0,2026-09-08 08:27:33
7542,2026-09-07,NextEra Energy,NEE,Utilities,Provider_B,USD,46.52,3348728766873.944,415783061624.0,127759868.0,2026-09-08 01:03:33
7543,2026-09-07,NextEra Energy,NEE,Utilities,Provider_C,USD,46.43,2638773876621.0,414989416696.0,127516001.0,2026-09-08 22:58:55
7544,2026-09-07,NextEra Energy,NEE,Utilities,Provider_D,USD,46.6,2648408209939.0,416504569775.0,127981570.0,2026-09-08 21:27:06
7505,2026-09-07,Nike Inc.,NKE,Consumer,Provider_A,USD,375.49,1104607301097.0,358459389169.0,,2026-09-08 23:27:57
7506,2026-09-07,Nike Inc.,NKE,Consumer,Provider_B,USD,376.06,1106288565843.0,359004981375.0,225023073.0,2026-09-08 20:30:41
7507,2026-09-07,Nike Inc.,NKE,Consumer,Provider_C,USD,376.09,1106384666150.0,359036167170.0,225042620.0,2026-09-08 02:58:02
7508,2026-09-07,Nike Inc.,NKE,Consumer,Provider_D,USD,376.81,1108500700787.0,359722847842.0,225473029.0,2026-09-08 21:27:00
7469,2026-09-07,Oracle Corp.,ORCL,Technology,Provider_A,USD,539.11,1531780383189.0,368332760788.0,86322285.0,2026-09-08 10:09:30
7470,2026-09-07,Oracle Corp.,ORCL,Technology,Provider_B,USD,539.26,1532210341281.0,368436148750.0,86346515.0,2026-09-08 19:28:11
7471,2026-09-07,Oracle Corp.,ORCL,Technology,Provider_C,USD,538.71,1530640172822.0,368058585171.0,86258030.0,2026-09-08 10:30:59
7472,2026-09-07,Oracle Corp.,ORCL,Technology,Provider_D,USD,540.42,1535486294400.0,369223886254.0,86531129.0,2026-09-08 17:42:45
7497,2026-09-07,PepsiCo,PEP,Consumer,Provider_A,USD,233.8,3349661397834.0,409887123552.0,233568359.0,2026-09-08 10:26:35
7498,2026-09-07,PepsiCo,PEP,Consumer,Provider_B,USD,233.45,3344616497262.0,409269795548.0,233216584.0,2026-09-08 15:23:15
7499,2026-09-07,PepsiCo,PEP,Consumer,Provider_C,USD,233.83,3350055507782.0,409935349499.0,233595840.0,2026-09-08 00:27:42
7500,2026-09-07,PepsiCo,PEP,Consumer,Provider_D,USD,233.44,3344528644455.0,409259045287.0,233210458.0,2026-09-08 11:16:06
7509,2026-09-07,Pfizer Inc.,PFE,Healthcare,Provider_A,USD,223.93,3740491122128.0,199950830283.0,931618258.0,2026-09-08 09:06:03
7510,2026-09-07,Pfizer Inc.,PFE,Healthcare,Provider_B,USD,224.04,3742247045505.0,200044694518.0,932055594.0,2026-09-08 15:33:03
7511,2026-09-07,Pfizer Inc.,PFE,Healthcare,Provider_C,USD,223.81,3738413342574.0,199839760979.0,931100760.0,INVALID_TIMESTAMP
7512,2026-09-07,Pfizer Inc.,PFE,Healthcare,Provider_D,GBP,223.87,3739445547770.0,199894938301.0,931357844.0,2026-09-08 20:44:58
7457,2026-09-07,Procter & Gamble,PG,Consumer,Provider_A,USD,701.87,3130499849202.0,-65470699977.0,177078345.0,2026-09-08 04:30:46
7458,2026-09-07,Procter & Gamble,PG,Consumer,Provider_B,USD,701.53,3128952826539.0,65438345828.0,176990836.0,2026-09-08 13:35:08
7459,2026-09-07,Procter & Gamble,PG,Consumer,Provider_C,USD,701.98,3130956425636.0,65480248733.0,177104171.0,2026-09-08 04:53:34
7460,2026-09-07,Procter & Gamble,PG,Consumer,Provider_D,USD,700.72,3125361215128.0,65363231526.0,176787675.0,2026-09-08 18:00:57
7593,2026-09-07,Qualcomm,QCOM,Technology,Provider_A,USD,496.48,2445104793728.0,60240449678.0,596430366.0,2026-09-08 01:01:10
7594,2026-09-07,Qualcomm,QCOM,Technology,Provider_B,USD,496.76,2446461418109.0,60273873057.0,596761285.0,2026-09-08 12:16:18
7595,2026-09-07,Qualcomm,QCOM,Technology,Provider_C,USD,497.64,2450805880958.0,60380908304.0,597821023.0,2026-09-08 04:07:44
7596,2026-09-07,Qualcomm,QCOM,Technology,Provider_D,USD,496.55,2445465539292.0,60249337426.0,596518362.0,2026-09-08 21:33:43
7481,2026-09-07,Salesforce Inc.,CRM,Technology,Provider_A,USD,593.42,3264560774233.0,55579572779.0,170705340.0,2026-09-08 05:49:07
7482,2026-09-07,Salesforce Inc.,CRM,Technology,Provider_B,USD,592.91,3261769467027.0,55532050410.0,170559381.0,2026-09-08 18:15:34
7483,2026-09-07,Salesforce Inc.,CRM,Technology,Provider_C,USD,592.92,3261819129483.0,55532895920.0,170561978.0,2026-09-08 21:28:30
7484,2026-09-07,Salesforce Inc.,CRM,Technology,Provider_D,USD,592.6,3260022227340.0,55502303427.0,170468017.0,2026-09-08 05:14:33
7425,2026-09-07,Tesla Inc.,TSLA,Automotive,Provider_A,USD,425.77,3212793820765.0,185328669237.0,171992375.0,2026-09-08 00:14:16
7426,2026-09-07,Tesla Inc.,TSLA,Automotive,Provider_B,USD,419.63,3215838274748.0,185504287293.0,172155355.0,2026-09-08 02:13:37
7427,2026-09-07,Tesla Inc.,TSLA,Automotive,Provider_C,USD,419.17,3212287663234.0,185299471751.0,171965278.0,2026-09-08 12:38:51
7428,2026-09-07,Tesla Inc.,TSLA,Automotive,Provider_D,USD,418.43,3206675098112.0,184975713277.0,171664818.0,2026-09-08 18:36:01
7597,2026-09-07,Texas Instruments,TXN,Technology,Provider_A,USD,138.63,3675934779166.0,311757105338.0,282668268.0,2026-09-08 20:25:37
7598,2026-09-07,Texas Instruments,TXN,Technology,Provider_B,USD,138.58,4732420424856.545,311640298229.0,282562359.0,2026-09-08 13:37:11
7599,2026-09-07,Texas Instruments,TXN,Technology,Provider_C,USD,138.97,3684850216712.0,312513226208.0,283353838.0,2026-09-08 04:47:17
7600,2026-09-07,Texas Instruments,TXN,Technology,Provider_D,USD,138.97,3684758103589.0,312505414067.0,,2026-09-08 19:10:07
7569,2026-09-07,UPS,UPS,Industrials,Provider_A,USD,124.06,2100353521657.0,96001299672.0,318097200.0,2026-09-08 05:30:34
7674,2026-09-07,UPS,UPS,Industrials,Provider_A,USD,124.06,2100353521657.0,96001299672.0,318097200.0,2026-09-08 05:30:34
7570,2026-09-07,UPS,UPS,Industrials,Provider_B,USD,124.18,2102227466841.0,96086952478.0,318381008.0,2026-09-08 16:19:17
7571,2026-09-07,UPS,UPS,Industrials,Provider_C,USD,124.13,2101519291505.0,96054583759.0,318273755.0,2026-09-08 10:23:32
7572,2026-09-07,UPS,UPS,Industrials,Provider_D,USD,124.24,2103342879081.0,96137934860.0,318549936.0,2026-09-08 03:32:19
7565,2026-09-07,Union Pacific,UNP,Industrials,Provider_A,USD,137.5,5122488412369.286,378277342993.0,187917273.0,2026-09-08 23:00:24
7566,2026-09-07,Union Pacific,UNP,Industrials,Provider_B,USD,137.89,3544991469887.0,379351842867.0,188451053.0,2026-09-08 16:41:56
7567,2026-09-07,Union Pacific,UNP,Industrials,Provider_C,USD,137.95,3546425538746.0,379505303508.0,188527288.0,2026-09-08 07:56:38
7568,2026-09-07,Union Pacific,UNP,Industrials,Provider_D,USD,137.72,3540460339161.0,378866963621.0,188210179.0,2026-09-08 10:47:06
7585,2026-09-07,Verizon,VZ,Communication,Provider_A,USD,677.95,3879802830538.0,30298666580.0,431413496.0,2026-09-08 06:50:21
7586,2026-09-07,Verizon,VZ,Communication,Provider_B,USD,677.52,3877340245319.0,30279435435.0,431139670.0,2026-09-08 14:42:27
7587,2026-09-07,Verizon,VZ,Communication,Provider_C,USD,678.98,3885680905456.0,30344570416.0,432067107.0,2026-09-08 23:47:57
7588,2026-09-07,Verizon,VZ,Communication,Provider_D,USD,677.93,3879683277794.0,30297732953.0,431400202.0,2026-09-08 07:14:44
7433,2026-09-07,Visa Inc.,V,Financials,Provider_A,USD,125.8,1087581689122.0,76083032962.0,257726385.0,2026-09-08 20:36:16
7434,2026-09-07,Visa Inc.,V,Financials,Provider_B,USD,126.03,1089631348899.0,76226419278.0,258212097.0,2026-09-08 22:37:08
7435,2026-09-07,Visa Inc.,V,Financials,Provider_C,USD,125.88,1088271557356.0,76131293491.0,257889864.0,2026-09-08 02:27:16
7436,2026-09-07,Visa Inc.,V,Financials,Provider_D,USD,125.77,1087382398567.0,76069091361.0,257679159.0,2026-09-08 06:04:21
7437,2026-09-07,Walmart Inc.,WMT,Consumer,Provider_A,USD,676.53,1306648638778.0,45681967443.0,272608800.0,2026-09-08 03:45:38
7438,2026-09-07,Walmart Inc.,WMT,Consumer,Provider_B,USD,674.94,1303561549539.0,45574039186.0,271964734.0,2026-09-08 22:18:05
7439,2026-09-07,Walmart Inc.,WMT,Consumer,Provider_C,USD,674.52,1302750980792.0,45545700753.0,271795624.0,2026-09-08 10:35:45
7440,2026-09-07,Walmart Inc.,WMT,Consumer,Provider_D,USD,674.66,1303026848339.0,45555345406.0,271853178.0,2026-09-08 08:58:39
7533,2026-09-07,Wells Fargo,WFC,Financials,Provider_A,USD,578.12,627616722764.0,11646739656.0,102455252.0,2026-09-08 22:36:06
7534,2026-09-07,Wells Fargo,WFC,Financials,Provider_B,USD,578.64,628179846596.0,11657189595.0,102547179.0,2026-09-08 21:50:55
7535,2026-09-07,Wells Fargo,WFC,Financials,Provider_C,USD,579.82,629462572772.0,11680993260.0,102756578.0,2026-09-08 07:29:28
7536,2026-09-07,Wells Fargo,WFC,Financials,Provider_D,USD,578.93,628491138158.0,11662966261.0,102597996.0,2026-09-08 00:44:15
